{
  "info": {
    "id": 41017283,
    "dataType": "판결문",
    "caseNm": "국가보안법위반(반국가단체의구성등) {예비적 죄명: 국가보안법위반(찬양·고무등)}",
    "caseTitle": "대법원 2001. 3. 23. 선고 2000도486 판결",
    "courtType": "판례(대법원)",
    "courtNm": "대법원",
    "judmnAdjuDe": "2001-03-23",
    "caseNoID": "2000도486",
    "caseNo": "2000도486"
  },
  "jdgmn": "[1] 형법 제37조 후단의 경합범 관계에 있는 각 공소사실에 대하여 원심이 모두 유죄판결을 하였으나 상고심에서 그 중 일부가 파기환송된 경우, 환송 후 원심의 심판범위(=파기 부분) 및 그 경우 환송 후 원심이 파기환송된 부분에 대한 공소사실에 대하여 무죄를 선고하면서 종전에 그 부분에 대한 형에 산입하였던 미결구금일수 중 일부를 분리 확정된 다른 죄에 대한 형에 산입할 수 있는지 여부(소극)\n[2] 컴퓨터 디스켓에 담긴 문건의 증거능력",
  "jdgmnInfo": [
    {
      "question": "형법 제37조 후단의 경합범 관계에 있는 각 공소사실에 대하여 원심이 모두 유죄판결을 하였으나 상고심에서 그 중 일부가 파기환송된 경우, 파기환송된 부분에 대한 공소사실에 대하여 무죄를 선고하면서 종전에 그 부분에 대한 형에 산입하였던 미결구금일수 중 일부를 분리 확정된 다른 죄에 대한 형에 산입할 수 있는가?",
      "answer": "부정"
    }
  ],
  "Summary": [
    {
      "summ_contxt": "형법 제37조 후단의 경합범의 경우 확정판결 전·후의 각 죄는 각 별개로 심리·판단되고, 분리하여 확정되는 관계에 있으므로, 위 각 죄에 대하여 원심이 각 별개의 유죄판결을 선고하고 이에 대하여 피고인이 상고를 하였는데, 대법원이 그 중 일부에 대한 상고만을 이유 있는 것으로 받아들여 이를 파기환송하고, 나머지 부분에 대한 상고를 기각한 경우에는 위 상고가 기각된 유죄 부분은 분리·확정되고, 환송을 받은 원심의 심판범위는 위 파기된 부분에 한정된다. 그 경우 당초 환송 전 원심이 1심판결 선고전의 미결구금일수 중 일부를 파기된 유죄부분에 대한 형에 산입하였으나, 환송 후의 절차에서 그 부분에 대하여 무죄를 선고함으로써 위 미결구금일수를 산입할 본형이 남아 있지 않게 되더라도 형사소송법 제321조 제2항이 판결 선고전 구금일수의 산입은 형의 선고와 동시에 판결로써 선고하도록 규정하고 있는 이상 이를 이미 분리되어 확정된 위 유죄부분에 대한 형에 산입할 수 있는 것도 아니다.",
      "summ_pass": "당초 환송 전 원심이 1심판결 선고전의 미결구금일수 중 일부를 파기된 유죄부분에 대한 형에 산입하였으나, 환송 후의 절차에서 그 부분에 대하여 무죄를 선고함으로써 위 미결구금일수를 산입할 본형이 남아 있지 않게 되더라도 형사소송법 제321조 제2항이 판결 선고전 구금일수의 산입은 형의 선고와 동시에 판결로써 선고하도록 규정하고 있는 이상 이를 이미 분리되어 확정된 위 유죄부분에 대한 형에 산입할 수 있는 것도 아니다."
    }
  ],
  "keyword_tagg": [
    {
      "id": 1,
      "keyword": "형에 산입"
    },
    {
      "id": 2,
      "keyword": "경합범"
    }
  ],
  "Reference_info": {
    "reference_rules": "[1] 형법 제37조, 제57조 / 형사소송법 제321조 제2항, 제364조, 제397조 [2] 형사소송법 제313조 제1항",
    "reference_court_case": "[2] 대법원 1999. 9. 3. 선고 99도2317 판결(공1999하, 2140)"
  },
  "Class_info": {
    "class_name": "형사A(생활형)",
    "instance_name": "국가보안법"
  }
}