{
  "info": {
    "id": 41015851,
    "dataType": "판결문",
    "caseNm": "폭력행위등처벌에관한법률위반",
    "caseTitle": "대법원 2001. 5. 29. 선고 2000도2933 판결",
    "courtType": "판례(대법원)",
    "courtNm": "대법원",
    "judmnAdjuDe": "2001-05-29",
    "caseNoID": "2000도2933",
    "caseNo": "2000도2933"
  },
  "jdgmn": "[1] 수사보고서에 검증의 결과에 해당하는 기재가 있는 경우, 그 기재부분의 증거능력 유무(소극)\n[2] 법원이 당해 사건의 수사경찰관을 증인으로 신문하는 것이 위법한지 여부(소극)",
  "jdgmnInfo": [
    {
      "question": "법원이 당해 사건의 수사경찰관을 증인으로 신문하는 것이 위법한가?",
      "answer": "부정"
    }
  ],
  "Summary": [
    {
      "summ_contxt": "형사소송법 제146조는 \"법원은 법률에 다른 규정이 없으면 누구든지 증인으로 신문할 수 있다.\"라고 규정하고 있으므로, 원심이 이 사건의 수사경찰관인 조계원, 신준식을 증인으로 신문한 것이 증거재판주의나 증인의 자격에 관한 법리를 오해하였다거나 상고이유에서 지적하는 헌법위반의 위법이 있다고 할 수 없고, 기록에 의하면 피고인들에 대한 현행범체포에 상고이유에서 지적하는 바와 같은 위법이 있다고 할 수 없다. 상고이유는 모두 받아들일 수 없다.",
      "summ_pass": "형사소송법 제146조는 \"법원은 법률에 다른 규정이 없으면 누구든지 증인으로 신문할 수 있다.\"라고 규정하고 있으므로, 원심이 이 사건의 수사경찰관인 조계원, 신준식을 증인으로 신문한 것이 증거재판주의나 증인의 자격에 관한 법리를 오해하였다거나 상고이유에서 지적하는 헌법위반의 위법이 있다고 할 수 없다."
    }
  ],
  "keyword_tagg": [
    {
      "id": 1,
      "keyword": "증거재판주의"
    },
    {
      "id": 2,
      "keyword": "법리 오해"
    }
  ],
  "Reference_info": {
    "reference_rules": "[1] 형사소송법 제311조, 제312조 제1항, 제313조 제1항, 제315조, 제316조 / 검찰사건사무규칙 제17조 / 사법경찰관리집무규칙 제49조 [2] 형사소송법 제146조, 제307조",
    "reference_court_case": ""
  },
  "Class_info": {
    "class_name": "형사A(생활형)",
    "instance_name": "폭행"
  }
}