{
  "info": {
    "id": 41015876,
    "dataType": "판결문",
    "caseNm": "살인·살인미수·방실침입",
    "caseTitle": "대법원 2001. 3. 9. 선고 2000도5736 판결",
    "courtType": "판례(대법원)",
    "courtNm": "대법원",
    "judmnAdjuDe": "2001-03-09",
    "caseNoID": "2000도5736",
    "caseNo": "2000도5736"
  },
  "jdgmn": "[1] 사형의 선고가 허용되기 위한 요건\n[2] 교제하던 여자의 어머니와 임신중인 올케를 살해하고 그 오빠도 살해하려고 하였으나 미수에 그친 사안에서 피고인이 교화개선의 여지가 있고 범행이 우발적인 충동에서 비롯된 것이며 수사 및 재판과정에서 범행 모두를 시인하면서 용서를 빌고 참회하고 있는 점 등에 비추어 사형으로 처단하는 것은 형의 양정이 심히 부당하다는 이유로 원심을 파기한 사례",
  "jdgmnInfo": [
    {
      "question": "교제하던 여자의 어머니와 임신중인 올케를 살해하고 그 오빠도 살해하려고 하였으나 미수에 그친 사안에서 피고인이 교화개선의 여지가 있고 범행이 우발적인 충동에서 비롯되고 수사 및 재판과정에서 범행 모두를 시인하면서 용서를 빌고 참회한다면 사형으로 처단하는 것은 형의 양정이 부당한다고 보아야 하는가?",
      "answer": "긍정"
    }
  ],
  "Summary": [
    {
      "summ_contxt": "[1] 우리 법이 사형제도를 두고 있지만, 사형은 사람의 목숨을 빼앗는 마지막 형벌이므로, 사형의 선고는 범행에 대한 책임의 정도와 형벌의 목적에 비추어 그것이 정당화될 수 있는 특별한 사정이 있는 경우에만 허용되어야 하고, 따라서 사형을 선고함에 있어서는 범인의 연령, 직업과 경력, 성행, 지능, 교육정도, 성장과정, 가족관계, 전과의 유무, 피해자와의 관계, 범행의 동기, 사전계획의 유무, 준비의 정도, 수단과 방법, 잔인하고 포악한 정도, 결과의 중대성, 피해자의 수와 피해감정, 범행 후의 심정과 태도, 반성과 가책의 유무, 피해회복의 정도, 재범의 우려 등 양형의 조건이 되는 모든 사항을 참작하여 위와 같은 특별한 사정이 있음을 명확하게 밝혀야 한다.",
      "summ_pass": "양형의 조건이 되는 모든 사항을 참작하여 위와 같은 특별한 사정이 있음을 명확하게 밝혀야 한다."
    }
  ],
  "keyword_tagg": [
    {
      "id": 1,
      "keyword": "피해자의 수"
    },
    {
      "id": 2,
      "keyword": "특별한 사정"
    }
  ],
  "Reference_info": {
    "reference_rules": "[1] 형법 제41조, 제51조 [2] 형법 제41조, 제51조 / 형사소송법 제383조 제4호, 제391조",
    "reference_court_case": "[1] 대법원 1985. 6. 11. 선고 85도926 판결(공1985, 1038), 대법원 1987. 10. 13. 선고 87도1240 판결(공1987, 1742), 대법원 1992. 8. 14. 선고 92도1086 판결(공1992, 2709), 대법원 1995. 1. 13. 선고 94도2662 판결(공1995상, 940), 대법원 1998. 5. 12. 선고 98도305 판결, 대법원 2000. 7. 6. 선고 2000도1507 판결(공2000하, 1907)"
  },
  "Class_info": {
    "class_name": "형사A(생활형)",
    "instance_name": "폭행"
  }
}