{
  "info": {
    "id": 41016764,
    "dataType": "판결문",
    "caseNm": "혼인빙자간음",
    "caseTitle": "대법원 2000. 11. 10. 선고 2000도4042 판결",
    "courtType": "판례(대법원)",
    "courtNm": "대법원",
    "judmnAdjuDe": "2000-11-10",
    "caseNoID": "2000도4042",
    "caseNo": "2000도4042"
  },
  "jdgmn": "혼인빙자간음죄에 있어서 피해자가 피고인의 주민등록등본을 발급받아 보고 피고인이 법률상 유부남임을 알게 되었다는 경우, 피해자로서는 피고인의 주민등록을 발급받아 본 그 때 피고인의 그 이전 간음행위가 혼인할 의사 없이 행해졌다는 것을 알았다는 이유로 그 때로부터 고소기간을 기산하여야 한다고 본 사례",
  "jdgmnInfo": [
    {
      "question": "혼인빙자간음죄에 있어서 피해자가 피고인의 주민등록등본을 발급받아 보고 피고인이 법률상 유부남임을 알게 되었다는 경우, 피해자로서는 피고인의 주민등록을 발급받아 본 그 때 피고인의 그 이전 간음행위가 혼인할 의사 없이 행해졌다는 것을 알았다는 이유로 그 때로부터 고소기간을 기산하여야 한하는가?",
      "answer": "긍정"
    }
  ],
  "Summary": [
    {
      "summ_contxt": "혼인빙자간음죄에 있어서 피해자가 피고인의 주민등록등본을 발급받아 보고 피고인이 법률상 유부남임을 알게 되었다는 경우, 피해자로서는 전부터 피고인이 법률상 유부남이라는 사실을 알고 있었지만 피고인이 이를 정리하고 자신과 결혼할 것으로 믿었다는 등의 사정이 없는 한 피고인의 주민등록을 발급받아 본 그 때 피고인의 그 이전 간음행위가 혼인할 의사 없이 행해졌다는 것을 알았다는 이유로 그 때로부터 고소기간을 기산하여야 한다고 본 사례.",
      "summ_pass": "피고인의 주민등록을 발급받아 본 그 때 피고인의 그 이전 간음행위가 혼인할 의사 없이 행해졌다는 것을 알았다는 이유로 그 때로부터 고소기간을 기산하여야 한다."
    }
  ],
  "keyword_tagg": [
    {
      "id": 1,
      "keyword": "혼인빙자간음"
    }
  ],
  "Reference_info": {
    "reference_rules": "형법 제304조 / 형사소송법 제230조 제1항",
    "reference_court_case": ""
  },
  "Class_info": {
    "class_name": "형사A(생활형)",
    "instance_name": "혼인빙자간음"
  }
}