{
  "info": {
    "id": 41015555,
    "dataType": "판결문",
    "caseNm": "사기 {인정된 죄명 : 특정범죄가중처벌등에관한법률위반(알선수재)}",
    "caseTitle": "대법원 2001. 10. 26. 선고 2000도2968 판결",
    "courtType": "판례(대법원)",
    "courtNm": "대법원",
    "judmnAdjuDe": "2001-10-26",
    "caseNoID": "2000도2968",
    "caseNo": "2000도2968"
  },
  "jdgmn": "[1] 특정범죄가중처벌등에관한법률 제3조 소정의 알선수재죄에서 공무원이나 그 직무내용이 구체적으로 특정되어야 하는지 여부(소극)\n[2] 공소사실의 특정 정도\n[3] 범죄인지서를 작성하여 사건수리 절차를 밟기 전의 수사과정에서 작성된 피의자신문조서나 진술조서의 증거능력 유무(한정 적극)",
  "jdgmnInfo": [
    {
      "question": "특정범죄가중처벌등에관한법률 제3조 소정의 알선수재죄에서 공무원이나 그 직무내용이 구체적으로 특정되어야 하는가?",
      "answer": "부정"
    }
  ],
  "Summary": [
    {
      "summ_contxt": "[1] 특정범죄가중처벌등에관한법률 제3조에서 말하는 공무원의 직무에 속하는 사항의 알선에 관하여 금품이나 이익을 수수한다 함은 공무원의 직무에 속한 사항을 알선한다는 명목으로 금품 등을 수수하는 행위로서 반드시 알선의 상대방인 공무원이나 그 직무내용이 구체적으로 특정될 필요는 없다.",
      "summ_pass": "공무원이나 그 직무내용이 구체적으로 특정될 필요는 없다."
    }
  ],
  "keyword_tagg": [
    {
      "id": 1,
      "keyword": "특정범죄가중처벌등에관한법률"
    },
    {
      "id": 2,
      "keyword": "구체적으로 특정"
    }
  ],
  "Reference_info": {
    "reference_rules": "[1] 특정범죄가중처벌등에관한법률 제3조 [2] 형사소송법 제254조 제4항 [3] 검찰사건사무규칙 제2조 제1호, 제3조, 제4조 / 형사소송법 제195조, 제199조 제1항, 제312조",
    "reference_court_case": "[1] 대법원 1988. 11. 22. 선고 87도2353 판결(공1989, 36), 대법원 1997. 5. 30. 선고 97도367 판결(공1997하, 1957), 대법원 2000. 10. 24. 선고 99도3115 판결(공2000하, 2470) [2] 대법원 1987. 1. 20. 선고 86도2260 판결(공1987, 325), 대법원 1991. 12. 24. 선고 91도2496 판결(공1992, 722), 대법원 1996. 5. 31. 선고 96도197 판결(공1996하, 2087), 대법원 1997. 7. 11. 선고 97도1097, 97감도34 판결(공1997하, 2581), 대법원 1999. 4. 23. 선고 99도82 판결(공1999상, 1095), 대법원 1999. 6. 25. 선고 99도1900 판결(공1999하, 1560), 대법원 2001. 2. 23. 선고 2000도4415 판결(공2001상, 813) [3] 대법원 1989. 6. 20. 선고 89도648 판결(공1989, 1105), 대법원 1995. 2. 24. 선고 94도252 판결(공1995상, 1512)"
  },
  "Class_info": {
    "class_name": "형사A(생활형)",
    "instance_name": "행정처분"
  }
}