{
  "info": {
    "id": 41017129,
    "dataType": "판결문",
    "caseNm": "공갈·사기미수·자동차관리법위반·사문서위조·위조사문서행사·건설산업기본법위반·건설업법위반·사문서변조·변조사문서행사·부정수표단속법위반·위조유가증권행사",
    "caseTitle": "대법원 2000. 5. 12. 선고 2000도605 판결",
    "courtType": "판례(대법원)",
    "courtNm": "대법원",
    "judmnAdjuDe": "2000-05-12",
    "caseNoID": "2000도605",
    "caseNo": "2000도605"
  },
  "jdgmn": "판결 이유에서 법령의 적용을 명시함에 있어서 형종의 선택을 명시하지 아니하고 경합범가중을 하면서 어느 죄에 정한 형에 가중하는지를 명시하지 아니한 경우, 법령을 위반하여 판결에 영향을 미친 위법이 있다고 할 수 있는지 여부(소극)",
  "jdgmnInfo": [
    {
      "question": "판결 이유에서 법령의 적용을 명시함에 있어서 형종의 선택을 명시하지 아니하고 경합범가중을 하면서 어느 죄에 정한 형에 가중하는지를 명시하지 아니한 경우, 법령을 위반하여 판결에 영향을 미친 위법이 있다고 할 수 있는가?",
      "answer": "부정"
    }
  ],
  "Summary": [
    {
      "summ_contxt": "제2점에 대하여 기록에 의하면, 이 사건 공소사실 중 피고인이 공소외 1, 2와 공모하여 허가를 받지 아니하고, 박○○이 주차하여 놓은 자동차에서 번호판을 떼어냈다는 자동차관리법위반의 공소사실에 대하여, 피고인은 경찰, 검찰 및 원심 법정에 이르기까지 공소외 1, 2와 공모하거나 번호판을 떼어오라고 지시한 바 없다고 범행을 부인하고 있다. 원심이 유지한 제1심판결이 채용한 증거들 중 박○○의 제1심 증언은 자동차의 소유권 귀속에 관한 진술뿐이고, 경찰 작성의 박○○에 대한 진술조서(부산지방검찰청 1999형제470호 수사기록 23쪽)는 차량 명의이전 문제로 다투어 온 경위로 보아 피고인이 공모하였으리라고 생각한다는 것이어서 그로써는 공소사실을 인정하기에 부족하고, 검사 작성의 박○○에 대한 진술조서(같은 수사기록 833쪽), 경찰 작성의 박○○, 유○○, 김○○에 대한 각 진술조서(같은 수사기록 157쪽, 10쪽, 61쪽)는 자동차관리법위반의 공소사실과 관계 없는 내용들이어서 증거가 되지 못하며, 그 밖에 원심 또는 제1심이 증거조사하여 채택한 증거들 중에는 자동차관리법위반의 공소사실을 인정할 만한 증거가 없다.",
      "summ_pass": "자동차관리법위반의 공소사실과 관계 없는 내용들이어서 증거가 되지 못하며, 그 밖에 원심 또는 제1심이 증거조사하여 채택한 증거들 중에는 자동차관리법위반의 공소사실을 인정할 만한 증거가 없다."
    }
  ],
  "keyword_tagg": [
    {
      "id": 1,
      "keyword": "자동차관리법위반"
    }
  ],
  "Reference_info": {
    "reference_rules": "형사소송법 제383조",
    "reference_court_case": "대법원 1979. 2. 13. 선고 78도3090 판결(공1979, 11811), 대법원 1986. 5. 27. 선고 86도530 판결(공1986, 839), 대법원 1990. 8. 24. 선고 90도1316 판결(공1990, 2057)"
  },
  "Class_info": {
    "class_name": "형사A(생활형)",
    "instance_name": "공갈"
  }
}