{
  "info": {
    "id": 41016664,
    "dataType": "판결문",
    "caseNm": "폭력행위등처벌에관한법률위반·명예훼손(추가로 인정된 죄명 : 폭행·협박)",
    "caseTitle": "대법원 2003. 1. 10. 선고 2000도5716 판결",
    "courtType": "판례(대법원)",
    "courtNm": "대법원",
    "judmnAdjuDe": "2003-01-10",
    "caseNoID": "2000도5716",
    "caseNo": "2000도5716"
  },
  "jdgmn": "[1] 폭행죄에 있어서 유형력의 행사에 신체의 청각기관을 자극하는 음향도 포함되는지 여부(한정적극)\n[2] 거리상 멀리 떨어져 있는 사람에게 전화기를 이용하여 전화하면서 고성을 내거나 그 전화 대화를 녹음 후 듣게 하는 경우, 폭행죄에 있어서의 신체에 대한 유형력의 행사를 한 것으로 볼 수 있는지 여부(한정 적극)",
  "jdgmnInfo": [
    {
      "question": "폭행죄에 있어서 유형력의 행사에 신체의 청각기관을 자극하는 음향도 포함되는가?",
      "answer": "불명"
    }
  ],
  "Summary": [
    {
      "summ_contxt": "형법 제260조에 규정된 폭행죄는 사람의 신체에 대한 유형력의 행사를 가리키며(대법원 1991. 1. 29. 선고 90도2153 판결 참조), 그 유형력의 행사는 신체적 고통을 주는 물리력의 작용을 의미하므로 신체의 청각기관을 직접적으로 자극하는 음향도 경우에 따라서는 유형력에 포함될 수 있다 하겠다.\n그런데 피해자의 신체에 공간적으로 근접하여 고성으로 폭언이나 욕설을 하거나 동시에 손발이나 물건을 휘두르거나 던지는 행위는 직접 피해자의 신체에 접촉하지 아니하였다 하더라도 피해자에 대한 불법한 유형력의 행사로서 폭행에 해당될 수 있는 것이지만(대법원 1956. 12. 12. 선고 4289형상297 판결, 1990. 2. 13. 선고 89도1406 판결 등 참조), 거리상 멀리 떨어져 있는 사람에게 전화기를 이용하여 전화하면서 고성을 내거나 그 전화 대화를 녹음 후 듣게 하는 경우에는 특수한 방법으로 수화자의 청각기관을 자극하여 그 수화자로 하여금 고통스럽게 느끼게 할 정도의 음향을 이용하였다는 등의 특별한 사정이 없는 한 신체에 대한 유형력의 행사를 한 것으로 보기 어렵다 할 것이다.",
      "summ_pass": "형법 제260조에 규정된 폭행죄는 사람의 신체에 대한 유형력의 행사를 가리키며(대법원 1991. 1. 29. 선고 90도2153 판결 참조), 그 유형력의 행사는 신체적 고통을 주는 물리력의 작용을 의미하므로 신체의 청각기관을 직접적으로 자극하는 음향도 경우에 따라서는 유형력에 포함될 수 있다 하겠다."
    }
  ],
  "keyword_tagg": [
    {
      "id": 1,
      "keyword": "유형력의 행사"
    },
    {
      "id": 2,
      "keyword": "특별한 사정"
    }
  ],
  "Reference_info": {
    "reference_rules": "[1] 형법 제260조 [2] 형법 제260조",
    "reference_court_case": "[1] 대법원 1991. 1. 29. 선고 90도2153 판결(공1991, 902) [2] 대법원 1956. 12. 12. 선고 4289형상297 판결, 대법원 1990. 2. 13. 선고 89도1406 판결(공1990, 701)"
  },
  "Class_info": {
    "class_name": "형사A(생활형)",
    "instance_name": "폭력행위등처벌에관한법률위반"
  }
}