{
  "info": {
    "id": 41017713,
    "dataType": "판결문",
    "caseNm": "횡령",
    "caseTitle": "대법원 2000. 3. 24. 선고 2000도310 판결",
    "courtType": "판례(대법원)",
    "courtNm": "대법원",
    "judmnAdjuDe": "2000-03-24",
    "caseNoID": "2000도310",
    "caseNo": "2000도310"
  },
  "jdgmn": "부동산의 명의수탁자가 신탁자의 승낙 없이 갑 앞으로 근저당권설정등기를 경료했다가 후에 그 말소등기를 신청함과 동시에 을 앞으로 소유권이전등기를 신청함에 따라 갑 명의의 근저당권말소등기와 을 명의의 소유권이전등기가 순차 경료된 경우, 을 명의로 소유권이전등기를 경료해 준 행위가 별도의 횡령죄를 구성하는지 여부(소극)",
  "jdgmnInfo": [
    {
      "question": "부동산의 명의수탁자가 신탁자의 승낙 없이 갑 앞으로 근저당권설정등기를 경료했다가 후에 그 말소등기를 신청함과 동시에 을 앞으로 소유권이전등기를 신청함에 따라 갑 명의의 근저당권말소등기와 을 명의의 소유권이전등기가 순차 경료된 경우, 을 명의로 소유권이전등기를 경료해 준 행위가 별도의 횡령죄를 구성하는가?",
      "answer": "부정"
    }
  ],
  "Summary": [
    {
      "summ_contxt": "부동산의 명의수탁자가 신탁자의 승낙 없이 갑 앞으로 근저당권설정등기를 경료했다가 후에 그 말소등기를 신청함과 동시에 을 앞으로 소유권이전등기를 신청함에 따라 갑 명의의 근저당권말소등기와 을 명의의 소유권이전등기가 순차 경료된 경우, 갑 명의의 근저당권설정등기를 경료할 당시에 해당 부동산에 대한 불법영득의 의사를 외부에 객관적으로 나타냄으로써 횡령죄는 이미 완성되었고, 을 명의의 소유권이전등기가 경료되기 전에 동시에 신청한 갑 명의의 근저당권에 대한 말소등기가 먼저 경료되었다고 하더라도 갑 명의의 근저당권설정등기의 말소는 을 명의의 소유권이전등기의 준비행위에 불과하다 할 것이어서 명의신탁자의 소유권에 대한 침해가 회복되지 아니한 상태에서 행하여진 을 명의의 소유권이전등기를 경료해 준 행위는 횡령물의 처분행위로서 새로운 법익의 침해를 수반하지 않는 이른바 불가벌적 사후행위에 해당하여 별도의 횡령죄를 구성하지 아니한다.",
      "summ_pass": "부동산의 명의수탁자가 신탁자의 승낙 없이 갑 앞으로 근저당권설정등기를 경료했다가 후에 그 말소등기를 신청함과 동시에 을 앞으로 소유권이전등기를 신청함에 따라 갑 명의의 근저당권말소등기와 을 명의의 소유권이전등기가 순차 경료된 경우, 갑 명의의 근저당권설정등기를 경료할 당시에 해당 부동산에 대한 불법영득의 의사를 외부에 객관적으로 나타냄으로써 횡령죄는 이미 완성되었다."
    }
  ],
  "keyword_tagg": [
    {
      "id": 1,
      "keyword": "횡령"
    }
  ],
  "Reference_info": {
    "reference_rules": "형법 제355조 제1항",
    "reference_court_case": "대법원 1993. 3. 9. 선고 92도2999 판결(공1993상, 1185), 대법원 1996. 11. 29. 선고 96도1755 판결(공1997상, 264), 대법원 1998. 2. 24. 선고 97도3282 판결(공1998상, 948), 대법원 1999. 4. 27. 선고 99도5 판결(공1999상, 1114)"
  },
  "Class_info": {
    "class_name": "형사A(생활형)",
    "instance_name": "횡령"
  }
}