{
  "info": {
    "id": 41016774,
    "dataType": "판결문",
    "caseNm": "강도상해·특수절도·특수절도미수·도로교통법위반",
    "caseTitle": "대법원 2000. 8. 18. 선고 2000도2704 판결",
    "courtType": "판례(대법원)",
    "courtNm": "대법원",
    "judmnAdjuDe": "2000-08-18",
    "caseNoID": "2000도2704",
    "caseNo": "2000도2704"
  },
  "jdgmn": "소년법 제60조 제2항 소정의 ‘소년’인지 여부는 사실심 판결 선고시를 기준으로 판단하여야 하는지 여부(적극)",
  "jdgmnInfo": [
    {
      "question": "소년법 제60조 제2항 소정의 ‘소년’인지 여부는 사실심 판결 선고시를 기준으로 판단하여야 하는가?",
      "answer": "긍정"
    }
  ],
  "Summary": [
    {
      "summ_contxt": "소년법 제60조 제2항에서 소년이라 함은 특별한 정함이 없는 한 소년법 제2조에서 말하는 소년을 의미하고, 소년법 제2조에서의 소년이라 함은 20세 미만자로서, 이는 심판의 조건이므로 범행시뿐만 아니라 심판시까지 계속되어야 한다고 보아야 하며, 따라서 소년법 제60조 제2항의 소년인지의 여부의 판단은 원칙적으로 심판시 즉 사실심 판결 선고시를 기준으로 하여야 한다.",
      "summ_pass": "소년법 제60조 제2항의 소년인지의 여부의 판단은 원칙적으로 심판시 즉 사실심 판결 선고시를 기준으로 하여야 한다."
    }
  ],
  "keyword_tagg": [
    {
      "id": 1,
      "keyword": "판결 선고"
    },
    {
      "id": 2,
      "keyword": "소년법"
    }
  ],
  "Reference_info": {
    "reference_rules": "소년법 제2조, 제60조 제2항",
    "reference_court_case": "대법원 1991. 12. 10. 선고 91도2393 판결(공1992, 556), 대법원 1997. 2. 14. 선고 96도1241 판결(공1997상, 828)"
  },
  "Class_info": {
    "class_name": "형사A(생활형)",
    "instance_name": "강도상해"
  }
}