{
  "info": {
    "id": 41017123,
    "dataType": "판결문",
    "caseNm": "살인(예비적죄명 : 상해치사)·사체유기",
    "caseTitle": "대법원 2000. 8. 18. 선고 2000도2231 판결",
    "courtType": "판례(대법원)",
    "courtNm": "대법원",
    "judmnAdjuDe": "2000-08-18",
    "caseNoID": "2000도2231",
    "caseNo": "2000도2231"
  },
  "jdgmn": "[1] 살인죄에 있어서 범의의 인정 기준 및 피고인이 살인의 범의를 자백하지 않고 상해 또는 폭행의 범의만이 있었을 뿐이라고 다투는 경우, 살인의 범의에 대한 판단 기준\n[2] 인체의 급소를 잘 알고 있는 무술교관 출신의 피고인이 무술의 방법으로 피해자의 울대(聲帶)를 가격하여 사망케 한 행위에 살인의 범의가 있다고 본 사례",
  "jdgmnInfo": [
    {
      "question": "인체의 급소를 잘 알고 있는 무술교관 출신의 피고인이 무술의 방법으로 피해자의 울대(聲帶)를 가격하여 사망케 한 행위에 살인의 범의가 있다고 볼 수 있는가?",
      "answer": "긍정"
    }
  ],
  "Summary": [
    {
      "summ_contxt": "[1] 살인죄에 있어서의 범의는 반드시 살해의 목적이나 계획적인 살해의 의도가 있어야만 인정되는 것은 아니고 자기의 행위로 인하여 타인의 사망의 결과를 발생시킬 만한 가능 또는 위험이 있음을 인식하거나 예견하면 족한 것이고 그 인식 또는 예견은 확정적인 것은 물론 불확정적인 것이라도 이른바 미필적 고의로도 인정되는 것인데, 피고인이 살인의 범의를 자백하지 아니하고 상해 또는 폭행의 범의만이 있었을 뿐이라고 다투고 있는 경우에 피고인에게 범행 당시 살인의 범의가 있었는지 여부는 피고인이 범행에 이르게 된 경위, 범행의 동기, 준비된 흉기의 유무·종류·용법, 공격의 부위와 반복성, 사망의 결과발생가능성 정도, 범행 후에 있어서의 결과회피행동의 유무 등 범행 전후의 객관적인 사정을 종합하여 판단할 수밖에 없다.\n[2] 인체의 급소를 잘 알고 있는 무술교관 출신의 피고인이 무술의 방법으로 피해자의 울대(聲帶)를 가격하여 사망케 한 행위에 살인의 범의가 있다.",
      "summ_pass": "인체의 급소를 잘 알고 있는 무술교관 출신의 피고인이 무술의 방법으로 피해자의 울대(聲帶)를 가격하여 사망케 한 행위에 살인의 범의가 있다."
    }
  ],
  "keyword_tagg": [
    {
      "id": 1,
      "keyword": "살인"
    }
  ],
  "Reference_info": {
    "reference_rules": "[1] 형법 제13조, 제250조 [2] 형법 제13조, 제250조",
    "reference_court_case": "[1] 대법원 1988. 2. 9. 선고 87도2564 판결(공1988, 548), 대법원 1994. 3. 22. 선고 93도3612 판결(공1994상, 1373), 대법원 1994. 12. 22. 선고 94도2511 판결(공1995상, 733), 대법원 1998. 6. 9. 선고 98도980 판결(공1998하, 1932)"
  },
  "Class_info": {
    "class_name": "형사A(생활형)",
    "instance_name": "살인"
  }
}