{
  "info": {
    "id": 41015667,
    "dataType": "판결문",
    "caseNm": "업무상횡령",
    "caseTitle": "대법원 2001. 9. 4. 선고 2000도1743 판결",
    "courtType": "판례(대법원)",
    "courtNm": "대법원",
    "judmnAdjuDe": "2001-09-04",
    "caseNoID": "2000도1743",
    "caseNo": "2000도1743"
  },
  "jdgmn": "[1] 피고인의 자필진술서의 증거능력의 요건과 그 입증 정도\n[2] 불법영득의사의 실현행위로서 횡령행위에 대한 입증 정도",
  "jdgmnInfo": [
    {
      "question": "불법영득의사를 실현하는 행위로서의 횡령행위가 있다는 점은 검사가 입증하여야 하는가?",
      "answer": "긍정"
    }
  ],
  "Summary": [
    {
      "summ_contxt": "[1] 피고인의 자필로 작성된 진술서의 경우에는 서류의 작성자가 동시에 진술자이므로 진정하게 성립된 것으로 인정되어 형사소송법 제313조 단서에 의하여 그 진술이 특히 신빙할 수 있는 상태하에서 행하여진 때에는 증거능력이 있고, 이러한 특신상태는 증거능력의 요건에 해당하므로 검사가 그 존재에 대하여 구체적으로 주장·입증하여야 하는 것이지만, 이는 소송상의 사실에 관한 것이므로, 엄격한 증명을 요하지 아니하고 자유로운 증명으로 족하다.\n[2] 불법영득의사를 실현하는 행위로서의 횡령행위가 있다는 점은 검사가 입증하여야 하는 것으로서, 그 입증은 법관으로 하여금 합리적인 의심을 할 여지가 없을 정도의 확신을 생기게 하는 증명력을 가진 엄격한 증거에 의하여야 하는 것이고 이와 같은 증거가 없다면 설령 피고인에게 유죄의 의심이 간다고 하더라도 피고인의 이익으로 판단할 수밖에 없지만, 피고인이 자신이 위탁받아 보관하고 있던 돈이 없어졌는데도 그 행방이나 사용처를 제대로 설명하지 못한다면 일단 피고인이 이를 임의소비하여 횡령한 것이라고 추단할 수 있다.",
      "summ_pass": "불법영득의사를 실현하는 행위로서의 횡령행위가 있다는 점은 검사가 입증하여야 하는 것으로서, 그 입증은 법관으로 하여금 합리적인 의심을 할 여지가 없을 정도의 확신을 생기게 하는 증명력을 가진 엄격한 증거에 의하여야 한다."
    }
  ],
  "keyword_tagg": [
    {
      "id": 1,
      "keyword": "특히 신빙할 수 있는 상태"
    },
    {
      "id": 2,
      "keyword": "합리적인 의심"
    }
  ],
  "Reference_info": {
    "reference_rules": "[1] 형사소송법 제313조 [2] 형법 제355조 제1항 / 형사소송법 제307조, 제308조",
    "reference_court_case": "[2] 대법원 1994. 9. 9. 선고 94도998 판결(공1994하, 2679), 대법원 1998. 2. 13. 선고 97도1962 판결(공1998상, 823), 대법원 2000. 3. 14. 선고 99도457 판결(공2000상, 1005)"
  },
  "Class_info": {
    "class_name": "형사A(생활형)",
    "instance_name": "행정처분"
  }
}