{
  "info": {
    "id": 41015873,
    "dataType": "판결문",
    "caseNm": "강도상해(인정된 죄명 : 공갈, 상해)·향정신성의약품관리법위반·상해·협박",
    "caseTitle": "대법원 2001. 4. 10. 선고 2001도265 판결",
    "courtType": "판례(대법원)",
    "courtNm": "대법원",
    "judmnAdjuDe": "2001-04-10",
    "caseNoID": "2001도265",
    "caseNo": "2001도265"
  },
  "jdgmn": "[1] 상고심에서 상고이유가 없다고 판단하였으나 경합범 관계에 있는 다른 범죄부분으로 인하여 유죄부분 전부가 파기되어 환송 후 원심이 다시 경합범으로 형을 정한 경우, 피고인이 다시 그 범죄부분에 대하여 상고할 수 있는지 여부(소극)\n[2] 환송 전 원심판결 중 일부분에 대하여 상고하지 않은 경우, 환송판결로 유죄부분 전부가 파기된 후 환송 후 판결에 대하여 종전에 상고하지 아니한 부분도 상고할 수 있는지 여부(소극)",
  "jdgmnInfo": [
    {
      "question": "상고심에서 상고이유가 없다고 판단하였으나 경합범 관계에 있는 다른 범죄부분으로 인하여 유죄부분 전부가 파기되어 환송 후 원심이 다시 경합범으로 형을 정한 경우, 피고인이 다시 그 범죄부분에 대하여 상고할 수 있는가?",
      "answer": "부정"
    }
  ],
  "Summary": [
    {
      "summ_contxt": "[1] 상고심에서 상고이유가 없다고 판단하였으나 경합범 관계에 있는 다른 범죄부분으로 인하여 유죄부분 전부가 파기되어 환송 후 원심이 다시 경합범으로 형을 정한 경우, 상고심에서 상고이유의 주장이 이유 없다고 판단되어 배척된 부분은 그 판결선고와 동시에 확정력이 발생하여 이 부분에 대하여는 피고인은 더 이상 다툴 수 없고, 또한 환송받은 법원으로서도 이와 배치되는 판단을 할 수 없다.\n[2] 환송 전 원심판결 중 일부분에 대하여 상고하지 않은 경우, 상고심에서 상고이유로 삼지 않은 부분은 그 부분에 대한 상고가 제기되지 아니하여 확정된 것과 마찬가지의 효력이 있으므로 피고인으로서는 더 이상 이 부분에 대한 주장을 상고이유로 삼을 수 없다.",
      "summ_pass": "상고심에서 상고이유가 없다고 판단하였으나 경합범 관계에 있는 다른 범죄부분으로 인하여 유죄부분 전부가 파기되어 환송 후 원심이 다시 경합범으로 형을 정한 경우, 상고심에서 상고이유의 주장이 이유 없다고 판단되어 배척된 부분은 그 판결선고와 동시에 확정력이 발생하여 이 부분에 대하여는 피고인은 더 이상 다툴 수 없다."
    }
  ],
  "keyword_tagg": [
    {
      "id": 1,
      "keyword": "경합범 관계"
    },
    {
      "id": 2,
      "keyword": "원심판결"
    }
  ],
  "Reference_info": {
    "reference_rules": "[1] 형사소송법 제397조 [2] 형사소송법 제397조",
    "reference_court_case": "[1] 대법원 1987. 12. 22. 선고 87도2111 판결(공1988, 381), 대법원 1994. 10. 14. 선고 94도2270 판결(공1994하, 3041)"
  },
  "Class_info": {
    "class_name": "형사A(생활형)",
    "instance_name": "폭행"
  }
}