{
  "info": {
    "id": 41015560,
    "dataType": "판결문",
    "caseNm": "간통",
    "caseTitle": "대법원 2001. 10. 9. 선고 2001도3106 판결",
    "courtType": "판례(대법원)",
    "courtNm": "대법원",
    "judmnAdjuDe": "2001-10-09",
    "caseNoID": "2001도3106",
    "caseNo": "2001도3106"
  },
  "jdgmn": "[1] 형사소송법 제230조 제1항 소정의 ‘범인을 알게 된 날’의 의미\n[2] 고소인으로서는 처의 상간자에 대한 강간 고소사건에 대한 검찰의 무혐의결정이 있은 때 비로소 처와 상간자 간의 간통사실을 알았다고 봄이 상당하다는 이유로, 그 때로부터 고소기간을 기산하여야 한다고 본 사례\n[3] 검사의 공소권 행사가 공소권의 남용에 해당하기 위한 요건\n[4] 간통 고소사건에 있어 상간자들의 강간 주장으로 간통에 대한 무혐의결정 및 강간죄에 대한 공소제기가 있은 후 강간 고소취소와 그로 인한 강간죄에 대한 공소기각 판결이 있게 되자 고소인이 그 무혐의결정에 대하여 항고를 하여 간통에 관한 재수사가 이루어져 상간자들에 대한 간통죄의 공소가 제기된 경우, 공소권의 남용에 해당하지 않는다고 한 사례\n[5] 수사기관이 아닌 사인이 비밀녹음한 녹음테이프에 대한 검증조서의 증거능력\n[6] 피고인의 진술을 내용으로 하는 전문진술 또는 그 전문진술을 기재한 조서의 증거능력을 인정하기 위한 요건 및 형사소송법 제316조 제1항 소정의 ‘그 진술이 특히 신빙할 수 있는 상태하에서 행하여진 때’의 의미",
  "jdgmnInfo": [
    {
      "question": "간통 고소사건에 있어 상간자들의 강간 주장으로 간통에 대한 무혐의결정 및 강간죄에 대한 공소제기가 있은 후 강간 고소취소와 그로 인한 강간죄에 대한 공소기각 판결이 있게 되자 고소인이 그 무혐의결정에 대하여 항고를 하여 간통에 관한 재수사가 이루어져 상간자들에 대한 간통죄의 공소가 제기된 경우, 공소권의 남용에 해당하는가?",
      "answer": "부정"
    }
  ],
  "Summary": [
    {
      "summ_contxt": "검사가 자의적으로 공소권을 행사하여 피고인에게 실질적인 불이익을 줌으로써 소추재량권을 현저히 일탈하였다고 보여지는 경우에는 이를 공소권의 남용으로 보아 공소제기의 효력을 부인할 수 있다. 간통 고소사건에 있어 상간자들의 강간 주장으로 간통에 대한 무혐의결정 및 강간죄에 대한 공소제기가 있은 후 강간 고소취소와 그로 인한 강간죄에 대한 공소기각 판결이 있게 되자 고소인이 그 무혐의결정에 대하여 항고를 하여 간통에 관한 재수사가 이루어져 상간자들에 대한 간통죄의 공소가 제기된 경우, 공소권의 남용에 해당하지 않는다.",
      "summ_pass": "고소인이 그 무혐의결정에 대하여 항고를 하여 간통에 관한 재수사가 이루어져 상간자들에 대한 간통죄의 공소가 제기된 경우, 공소권의 남용에 해당하지 않는다."
    }
  ],
  "keyword_tagg": [
    {
      "id": 1,
      "keyword": "간통"
    }
  ],
  "Reference_info": {
    "reference_rules": "[1] 형사소송법 제230조 제1항 [2] 형법 제241조, 제297조 / 형사소송법 제230조 제1항 [3] 형사소송법 제247조 [4] 형사소송법 제247조 [5] 형사소송법 제313조 제1항 / 통신비밀보호법 제3조, 제4조, 제14조 [6] 형사소송법 제310조의2, 제312조, 제313조, 제314조, 제316조 제1항",
    "reference_court_case": "[1] 대법원 1999. 4. 23. 선고 99도576 판결(공1999상, 1098) [3] 대법원 1999. 12. 10. 선고 99도577 판결(공2000상, 249), 대법원 2001. 9. 7. 선고 2001도3026 판결(공2001하, 2213) [5] 대법원 1996. 10. 15. 선고 96도1669 판결(공1996하, 3484), 대법원 1997. 3. 28. 선고 97도240 판결(공1997상, 1300) [6] 대법원 2000. 3. 10. 선고 2000도159 판결(공2000상, 1001), 대법원 2000. 9. 8. 선고 99도4814 판결(공2000하, 2158)"
  },
  "Class_info": {
    "class_name": "형사A(생활형)",
    "instance_name": "간통"
  }
}