{
  "info": {
    "id": 41016470,
    "dataType": "판결문",
    "caseNm": "업무방해·노동조합및노동관계조정법위반",
    "caseTitle": "대법원 2003. 12. 26. 선고 2001도1863 판결",
    "courtType": "판례(대법원)",
    "courtNm": "대법원",
    "judmnAdjuDe": "2003-12-26",
    "caseNoID": "2001도1863",
    "caseNo": "2001도1863"
  },
  "jdgmn": "[1] 직권중재 기간 내의 쟁의행위를 금지한 노동조합및노동관계조정법 제62조 제3호, 제63조, 제91조 제1호가 헌법상 과잉금지의 원칙에 위배되는지 여부(소극)\n[2] 근로자들의 집단적 노무제공의 거부가 형법상 업무방해죄를 구성하는 경우\n[3] 근로자들의 집단적 노무제공 거부행위를 업무방해죄로 처벌하는 것이 강제노역금지에 위배되는지 여부(소극)\n[4] 쟁의행위에서 추구되는 목적이 여러 가지이고 그 중 일부가 정당하지 못한 경우, 쟁의행위 전체의 정당성의 판단 기준\n[5] 노동조합이 노동위원회에 노동쟁의 조정신청을 한 경우, 반드시 노동위원회의 조정결정 후에 쟁의행위를 하여야 절차상 정당한지 여부(소극)",
  "jdgmnInfo": [
    {
      "question": "근로자들의 집단적 노무제공 거부행위를 업무방해죄로 처벌하는 것이 강제노역금지에 위배되는가?",
      "answer": "부정"
    }
  ],
  "Summary": [
    {
      "summ_contxt": "집단적 노무제공의 거부가 본질적으로 위력성을 가져 외형상 업무방해죄의 구성요건에 해당한다 하더라도 그것이 헌법과 법률이 보장하고 있는 범위 내의 행사로서 정당성이 인정되는 경우에는 위법성이 조각되어 처벌할 수 없는 것인바, 이는 헌법이 보장하는 근로3권의 내재적 한계를 넘어선 행위(헌법의 보호영역 밖에 있는 행위)를 규제하는 것일 뿐 정당한 권리행사까지 처벌하는 것은 아니므로, 본인의 의사에 반하여 강제노역을 강요하는 것이라고 할 수도 없다.",
      "summ_pass": "이는 헌법이 보장하는 근로3권의 내재적 한계를 넘어선 행위(헌법의 보호영역 밖에 있는 행위)를 규제하는 것일 뿐 정당한 권리행사까지 처벌하는 것은 아니므로, 본인의 의사에 반하여 강제노역을 강요하는 것이라고 할 수도 없다."
    }
  ],
  "keyword_tagg": [
    {
      "id": 1,
      "keyword": "집단적 노무제공의 거부"
    },
    {
      "id": 2,
      "keyword": "업무방해"
    },
    {
      "id": 3,
      "keyword": "강제노역을 강요"
    }
  ],
  "Reference_info": {
    "reference_rules": "[1] 노동조합및노동관계조정법 제62조 제3호, 제63조, 제91조 제1호 / 헌법 제37조 제2항 [2] 형법 제314조 [3] 형법 제20조, 제314조 / 헌법 제12조 제1항 [4] 형법 제20조 / 노동조합및노동관계조정법 제1조, 제4조, 제37조 제1항 [5] 노동조합및노동관계조정법 제45조 제2항, 제54조, 제63조, 제91조 제1호 / 형법 제20조",
    "reference_court_case": "[1] 헌법재판소 2003. 5. 15. 선고 2001헌가31 결정(헌공81, 454) [2] 대법원 1991. 4. 23. 선고 90도2961 판결(공1991, 1554), 대법원 1991. 11. 8. 선고 91도326 판결(공1992, 152), 대법원 2001. 9. 28. 선고 2001도4335 판결 [4] 헌법재판소 1998. 7. 16. 선고 97헌바23 결정(헌공29, 660) [5][6] 대법원 2001. 6. 26. 선고 2000도2871 판결(공2001하, 1785) [5] 대법원 1992. 1. 21. 선고 91누5204 판결(공1992, 927), 대법원 1992. 5. 12. 선고 91다34523 판결(공1992, 1839), 대법원 2002. 2. 26. 선고 99도5380 판결(공2002상, 1290), 대법원 2003. 12. 11. 선고 2001도3429 판결 [6] 대법원 2003. 4. 25. 선고 2003도1378 판결"
  },
  "Class_info": {
    "class_name": "형사A(생활형)",
    "instance_name": "업무방해"
  }
}