{
  "info": {
    "id": 41016679,
    "dataType": "판결문",
    "caseNm": "폭력행위등처벌에관한법률위반",
    "caseTitle": "대법원 2002. 5. 10. 선고 2001도300 판결",
    "courtType": "판례(대법원)",
    "courtNm": "대법원",
    "judmnAdjuDe": "2002-05-10",
    "caseNoID": "2001도300",
    "caseNo": "2001도300"
  },
  "jdgmn": "[1] 현행범인을 규정한 형사소송법 제211조 제1항 소정의 ‘범죄의 실행의 즉후인 자’의 의미\n[2] 현행범인으로서의 요건을 갖추지 못한 자에 대한 경찰관의 체포를 면하려고 반항하는 과정에서 경찰관에게 상해를 가한 경우, 정당방위가 성립되는지 여부(적극)",
  "jdgmnInfo": [
    {
      "question": "현행범인으로서의 요건을 갖추지 못한 자에 대한 경찰관의 체포를 면하려고 반항하는 과정에서 경찰관에게 상해를 가한 경우, 정당방위가 성립되는가?",
      "answer": "긍정"
    }
  ],
  "Summary": [
    {
      "summ_contxt": "현행범인으로서의 요건을 갖추고 있었다고 인정되지 않는 상황에서 경찰관들이 동행을 거부하는 자를 체포하거나 강제로 연행하려고 하였다면, 이는 적법한 공무집행이라고 볼 수 없고, 그 체포를 면하려고 반항하는 과정에서 경찰관에게 상해를 가한 것은 불법 체포로 인한 신체에 대한 현재의 부당한 침해에서 벗어나기 위한 행위로서 정당방위에 해당하여 위법성이 조각된다.",
      "summ_pass": "체포를 면하려고 반항하는 과정에서 경찰관에게 상해를 가한 것은 불법 체포로 인한 신체에 대한 현재의 부당한 침해에서 벗어나기 위한 행위로서 정당방위에 해당한다."
    }
  ],
  "keyword_tagg": [
    {
      "id": 1,
      "keyword": "적법한 공무집행"
    },
    {
      "id": 2,
      "keyword": "부당한 침해"
    }
  ],
  "Reference_info": {
    "reference_rules": "[1] 형사소송법 제211조, 제212조 [2] 형법 제20조, 제21조, 제136조 제1항",
    "reference_court_case": "[1][2] 대법원 1991. 9. 24. 선고 91도1314 판결(공1991, 2641) [1] 대법원 1993. 8. 13. 선고 93도926 판결(공1993하, 2484), 대법원 1995. 5. 9. 선고 94도3016 판결(공1995상, 2145), 대법원 1995. 5. 26. 선고 94다37226 판결(공1995하, 2251) [2] 대법원 1999. 12. 28. 선고 98도138 판결(공2000상, 422), 대법원 2000. 7. 4. 선고 99도4341 판결(공2000하, 1851)"
  },
  "Class_info": {
    "class_name": "형사A(생활형)",
    "instance_name": "폭력행위등처벌에관한법률위반"
  }
}