{
  "info": {
    "id": 41015842,
    "dataType": "판결문",
    "caseNm": "살인(인정된 죄명 : 폭행치사)",
    "caseTitle": "대법원 2001. 6. 29. 선고 2001도1091 판결",
    "courtType": "판례(대법원)",
    "courtNm": "대법원",
    "judmnAdjuDe": "2001-06-29",
    "caseNoID": "2001도1091",
    "caseNo": "2001도1091"
  },
  "jdgmn": "살인죄의 공소사실에 대하여 공소장변경 없이 폭행치사죄로 처단할 수 있는지 여부(소극)",
  "jdgmnInfo": [
    {
      "question": "살인죄의 공소사실에 대하여 공소장변경 없이 폭행치사죄로 처단할 수 있는가?",
      "answer": "부정"
    }
  ],
  "Summary": [
    {
      "summ_contxt": "공소가 제기된 살인죄의 범죄사실에 대하여는 그 증명이 없으나 폭행치사죄의 증명이 있는 경우에도 살인죄의 구성요건이 반드시 폭행치사 사실을 포함한다고 할 수 없고, 따라서 공소장의 변경 없이 폭행치사죄를 인정함은 결국 폭행치사죄에 대한 피고인의 방어권 행사에 불이익을 주는 것이므로, 법원은 위와 같은 경우에 검사의 공소장변경 없이는 이를 폭행치사죄로 처단할 수는 없다.",
      "summ_pass": "법원은 위와 같은 경우에 검사의 공소장변경 없이는 이를 폭행치사죄로 처단할 수는 없다."
    }
  ],
  "keyword_tagg": [
    {
      "id": 1,
      "keyword": "살인"
    }
  ],
  "Reference_info": {
    "reference_rules": "형사소송법 제298조, 제307조 / 형법 제13조, 제250조 제1항, 제262조",
    "reference_court_case": "대법원 1981. 7. 28. 선고 81도1489 판결(공1981, 14226)"
  },
  "Class_info": {
    "class_name": "형사A(생활형)",
    "instance_name": "폭행"
  }
}