{
  "info": {
    "id": 41016471,
    "dataType": "판결문",
    "caseNm": "위계공무집행방해·수산업법위반",
    "caseTitle": "대법원 2003. 12. 26. 선고 2001도6349 판결",
    "courtType": "판례(대법원)",
    "courtNm": "대법원",
    "judmnAdjuDe": "2003-12-26",
    "caseNoID": "2001도6349",
    "caseNo": "2001도6349"
  },
  "jdgmn": "[1] 위계에 의한 공무집행방해죄에 있어서 ‘공무원의 직무집행’의 의미\n[2] 감척어선 입찰자격이 없는 자가 제3자와 공모하여 제3자의 대리인 자격으로 제3자 명의로 입찰에 참가하고, 낙찰받은 후 자신의 자금으로 낙찰대금을 지급하여 감척어선에 대한 실질적 소유권을 취득한 경우, 위계에 의한 공무집행방해죄가 성립한다고 한 사례",
  "jdgmnInfo": [
    {
      "question": "감척어선 입찰자격이 없는 자가 제3자와 공모하여 제3자의 대리인 자격으로 제3자 명의로 입찰에 참가하고, 낙찰받은 후 자신의 자금으로 낙찰대금을 지급하여 감척어선에 대한 실질적 소유권을 취득한 경우, 위계에 의한 공무집행방해죄가 성립하는가?",
      "answer": "긍정"
    }
  ],
  "Summary": [
    {
      "summ_contxt": "[1] 위계에 의한 공무집행방해죄는 행위목적을 이루기 위하여 상대방에게 오인, 착각, 부지를 일으키게 하여 이를 이용함으로써 법령에 의하여 위임된 공무원의 적법한 직무에 관하여 그릇된 행위나 처분을 하게 하는 경우에 성립하고, 여기에서 공무원의 직무집행이란 법령의 위임에 따른 공무원의 적법한 직무집행인 이상 공권력의 행사를 내용으로 하는 권력적 작용뿐만 아니라 사경제주체로서의 활동을 비롯한 비권력적 작용도 포함되는 것으로 봄이 상당하다.\n[2] 감척어선 입찰자격이 없는 자가 제3자와 공모하여 제3자의 대리인 자격으로 제3자 명의로 입찰에 참가하고, 낙찰받은 후 자신의 자금으로 낙찰대금을 지급하여 감척어선에 대한 실질적 소유권을 취득한 경우, 위계에 의한 공무집행방해죄가 성립한다.",
      "summ_pass": "감척어선 입찰자격이 없는 자가 제3자와 공모하여 제3자의 대리인 자격으로 제3자 명의로 입찰에 참가하고, 낙찰받은 후 자신의 자금으로 낙찰대금을 지급하여 감척어선에 대한 실질적 소유권을 취득한 경우, 위계에 의한 공무집행방해죄가 성립한다고 한 사례."
    }
  ],
  "keyword_tagg": [
    {
      "id": 1,
      "keyword": "위계에 의한 공무집행방해"
    },
    {
      "id": 2,
      "keyword": "공무원의 직무집행"
    }
  ],
  "Reference_info": {
    "reference_rules": "[1] 형법 제137조 [2] 형법 제137조",
    "reference_court_case": "[1] 대법원 2003. 10. 9. 선고 2000도4993 판결(공2003하, 2199)"
  },
  "Class_info": {
    "class_name": "형사A(생활형)",
    "instance_name": "위계공무집행방해"
  }
}