{
  "info": {
    "id": 41014469,
    "dataType": "판결문",
    "caseNm": "항명·상관면전모욕·무단이탈·폭력행위등처벌에관한법률위반",
    "caseTitle": "대법원 2002. 12. 27. 선고 2002도2539 판결",
    "courtType": "판례(대법원)",
    "courtNm": "대법원",
    "judmnAdjuDe": "2002-12-27",
    "caseNoID": "2002도2539",
    "caseNo": "2002도2539"
  },
  "jdgmn": "전화를 통하여 상관을 모욕한 경우 상관면전모욕죄가 성립하는지 여부(소극)",
  "jdgmnInfo": [
    {
      "question": "전화를 통하여 상관을 모욕한 경우 상관면전모욕죄가 성립하는가?",
      "answer": "부정"
    }
  ],
  "Summary": [
    {
      "summ_contxt": "군형법 제64조 제1항의 상관면전모욕죄의 구성요건은 ‘상관을 그 면전에서 모욕하는’ 것인데, 여기에서 ‘면전에서’라 함은 얼굴을 마주 대한 상태를 의미하는 것임이 분명하므로, 전화를 통하여 통화하는 것을 면전에서의 대화라고는 할 수 없는 것이다. 그럼에도 원심은 전화를 통하여 상관을 모욕한 이 사건에 대하여 상관면전모욕죄를 적용하였으니, 여기에는 상관면전모욕죄의 법리를 오해하여 판결의 결과에 영향을 미친 위법이 있다.",
      "summ_pass": "군형법 제64조 제1항의 상관면전모욕죄의 구성요건은 ‘상관을 그 면전에서 모욕하는’ 것인데, 여기에서 ‘면전에서’라 함은 얼굴을 마주 대한 상태를 의미하는 것임이 분명하므로, 전화를 통하여 통화하는 것을 면전에서의 대화라고는 할 수 없다."
    }
  ],
  "keyword_tagg": [
    {
      "id": 1,
      "keyword": "상관면전모욕"
    }
  ],
  "Reference_info": {
    "reference_rules": "군형법 제64조 제1항",
    "reference_court_case": ""
  },
  "Class_info": {
    "class_name": "형사A(생활형)",
    "instance_name": "행정처분"
  }
}