{
  "info": {
    "id": 41014472,
    "dataType": "판결문",
    "caseNm": "사기",
    "caseTitle": "대법원 2002. 9. 24. 선고 2002도3488 판결",
    "courtType": "판례(대법원)",
    "courtNm": "대법원",
    "judmnAdjuDe": "2002-09-24",
    "caseNoID": "2002도3488",
    "caseNo": "2002도3488"
  },
  "jdgmn": "부도 이후 물품을 계속 공급하여 주면 영업을 재개하여 부도 당시의 기발생 물품대금채무를 줄여가겠다고 약속하여 피해자들이 계속하여 물품을 공급하였고, 그 후 다시 거래가 중단되었으나 중단 당시의 잔존 물품대금액이 부도 당시의 기발생 물품대금액보다 줄어든 경우, 위 부도 이후에 공급받은 물품에 대하여는 피고인에게 기망의 의사나 불법영득의 의사가 있었다고 보기 어렵다고 한 사례",
  "jdgmnInfo": [
    {
      "question": "부도 이후 물품을 계속 공급하여 주면 영업을 재개하여 부도 당시의 기발생 물품대금채무를 줄여가겠다고 약속하여 피해자들이 계속하여 물품을 공급하였고, 그 후 다시 거래가 중단되었으나 중단 당시의 잔존 물품대금액이 부도 당시의 기발생 물품대금액보다 줄어든 경우, 위 부도 이후에 공급받은 물품에 대하여는 피고인에게 기망의 의사나 불법영득의 의사가 있었다고 볼 수 있는가?",
      "answer": "불명"
    }
  ],
  "Summary": [
    {
      "summ_contxt": "이와 같이 피고인의 기망의 의사 및 불법영득의 의사에 관련한 상반된 증거들이 존재하고 있고, 특히 피고인에게 유리한 증거가 다른 사람들이 아닌 피해자들 자신의 법정에서의 진술인데 반하여, 피고인을 유죄로 인정할 수 있는 증거에는 불분명한 점이 있다면, 원심으로서는, 위 부도 당시의 기발생 물품대금액과 피고인이 영업을 그만둔 시점에서의 잔존 물품대금액을 심리·확정하거나, 아니면 위 부도 이후 공급한 물품대금액과 위 부도 이후 피고인이 피해자들에게 지급한 금액을 보다 자세히 심리·확정하는 등 하여, 과연 피고인이 피해자들을 기망하였는지 여부 및 피고인이 재산상 이익을 취득한 것이 있어 피고인의 불법영득의 의사를 인정할 수 있는지 여부 등에 관하여 따져 보았어야만 할 것이다.",
      "summ_pass": "과연 피고인이 피해자들을 기망하였는지 여부 및 피고인이 재산상 이익을 취득한 것이 있어 피고인의 불법영득의 의사를 인정할 수 있는지 여부 등에 관하여 따져 보았어야만 할 것이다."
    }
  ],
  "keyword_tagg": [
    {
      "id": 1,
      "keyword": "불법영득의 의사"
    },
    {
      "id": 2,
      "keyword": "재산상 이익"
    }
  ],
  "Reference_info": {
    "reference_rules": "형법 제347조 제1항",
    "reference_court_case": ""
  },
  "Class_info": {
    "class_name": "형사A(생활형)",
    "instance_name": "행정처분"
  }
}