{
  "info": {
    "id": 41014471,
    "dataType": "판결문",
    "caseNm": "사기(일부 인정된 죄명 : 횡령)",
    "caseTitle": "대법원 2002. 10. 11. 선고 2002도2939 판결",
    "courtType": "판례(대법원)",
    "courtNm": "대법원",
    "judmnAdjuDe": "2002-10-11",
    "caseNoID": "2002도2939",
    "caseNo": "2002도2939"
  },
  "jdgmn": "[1] 목적, 용도를 정하여 위탁한 금전에 관한 횡령죄의 구성\n[2] 공소장이 변경된 경우 공소시효 완성 여부의 기준시점\n[3] 공소사실이 변경됨에 따라 법정형에 차이가 있는 경우, 공소시효기간의 기준이 되는 법정형(=변경된 공소사실에 대한 법정형)\n[4] 포괄일죄의 공소시효 기산점\n[5] 공소사실의 특정 정도",
  "jdgmnInfo": [
    {
      "question": "공소사실이 변경됨에 따라 법정형에 차이가 있는 경우, 변경된 공소사실에 대한 법정형이 공소시효기간의 기준이 되는가?",
      "answer": "긍정"
    }
  ],
  "Summary": [
    {
      "summ_contxt": "[1] 목적, 용도를 정하여 위탁한 금전은 정해진 목적, 용도에 사용할 때까지는 이에 대한 소유권이 위탁자에게 유보되어 있는 것으로서, 특히 그 금전의 특정성이 요구되지 않는 경우 수탁자가 위탁의 취지에 반하지 않고 필요한 시기에 다른 금전으로 대체시킬 수 있는 상태에 있는 한 이를 일시 사용하더라도 횡령죄를 구성한다고 할 수 없고, 수탁자가 그 위탁의 취지에 반하여 다른 용도에 소비할 때 비로소 횡령죄를 구성한다. [2] 공소장 변경이 있는 경우에 공소시효의 완성 여부는 당초의 공소제기가 있었던 시점을 기준으로 판단할 것이고 공소장 변경시를 기준으로 삼을 것은 아니다. [3] 공소장변경절차에 의하여 공소사실이 변경됨에 따라 그 법정형에 차이가 있는 경우에는 변경된 공소사실에 대한 법정형이 공소시효기간의 기준이 된다.",
      "summ_pass": "공소장변경절차에 의하여 공소사실이 변경됨에 따라 그 법정형에 차이가 있는 경우에는 변경된 공소사실에 대한 법정형이 공소시효기간의 기준이 된다."
    }
  ],
  "keyword_tagg": [
    {
      "id": 1,
      "keyword": "공소장변경절차"
    },
    {
      "id": 2,
      "keyword": "공소장 변경"
    }
  ],
  "Reference_info": {
    "reference_rules": "[1] 형법 제355조 제1항 [2] 형사소송법 제249조, 제298조 [3] 형사소송법 제249조, 제298조 [4] 형사소송법 제252조 제1항 [5] 형사소송법 제254조 제4항",
    "reference_court_case": "[1] 대법원 1990. 1. 23. 선고 89도904 판결(공1990, 583), 대법원 1994. 9. 9. 선고 94도462 판결(공1994하, 2674), 대법원 1995. 10. 12. 선고 94도2076 판결(공1995하, 3832), 대법원 2002. 5. 10. 선고 2001도1779 판결(공2002하, 1448) [2][3] 대법원 2001. 8. 24. 선고 2001도2902 판결(공2001하, 2146) [2] 대법원 1981. 2. 10. 선고 80도3245 판결(공1981, 13706), 대법원 1982. 5. 25. 선고 82도535 판결(공1982, 623), 대법원 1992. 4. 24. 선고 91도3105 판결(공1992, 1770), 대법원 2002. 1. 22. 선고 2001도4014 판결(공2002상, 607) [4] 대법원 1996. 10. 25. 선고 96도1088 판결(공1996하, 3493) [5] 대법원 1994. 12. 9. 선고 94도1680 판결(공1995상, 531), 대법원 1997. 8. 22. 선고 97도1211 판결(공1997하, 2970), 대법원 2000. 11. 24. 선고 2000도2119 판결(공2001상, 208), 대법원 2001. 2. 23. 선고 2000도4415 판결(공2001상, 813), 대법원 2002. 6. 20. 선고 2002도807 전원합의체 판결(공2002하, 1750)"
  },
  "Class_info": {
    "class_name": "형사A(생활형)",
    "instance_name": "폭행"
  }
}