{
  "info": {
    "id": 41016501,
    "dataType": "판결문",
    "caseNm": "강도치상·특정범죄가중처벌등에관한법률위반(절도)",
    "caseTitle": "대법원 2003. 7. 25. 선고 2003도2316 판결",
    "courtType": "판례(대법원)",
    "courtNm": "대법원",
    "judmnAdjuDe": "2003-07-25",
    "caseNoID": "2003도2316",
    "caseNo": "2003도2316"
  },
  "jdgmn": "[1] 날치기 수법에 의한 절도범이 점유탈취의 과정에서 우연히 피해자를 넘어지게 하거나 부상케 하는 경우, 이를 강도치상죄로 의율할 수 있는지 여부(소극)\n[2] 준강도죄에 있어서의 ‘재물의 탈환을 항거할 목적’의 의미\n[3] 피해자의 상해가 차량을 이용한 날치기 수법의 절도시 점유탈취의 과정에서 우연히 가해진 것에 불과하고, 그에 수반된 강제력 행사도 피해자의 반항을 억압하기 위한 목적 또는 정도의 것은 아니었던 것으로 보아 강도치상죄로 의율한 원심판결을 파기한 사례",
  "jdgmnInfo": [
    {
      "question": "날치기 수법에 의한 절도범이 점유탈취의 과정에서 우연히 피해자를 넘어지게 하거나 부상케 하는 경우, 이를 강도치상죄로 의율할 수 있는가?",
      "answer": "부정"
    }
  ],
  "Summary": [
    {
      "summ_contxt": "[1] 날치기와 같이 강력적으로 재물을 절취하는 행위는 때로는 피해자를 전도시키거나 부상케 하는 경우가 있고, 구체적인 상황에 따라서는 이를 강도로 인정하여야 할 때가 있다 할 것이나, 그와 같은 결과가 피해자의 반항억압을 목적으로 함이 없이 점유탈취의 과정에서 우연히 가해진 경우라면 이는 절도에 불과한 것으로 보아야 한다.",
      "summ_pass": "피해자의 반항억압을 목적으로 함이 없이 점유탈취의 과정에서 우연히 가해진 경우라면 이는 절도에 불과한 것으로 보아야 한다."
    }
  ],
  "keyword_tagg": [
    {
      "id": 1,
      "keyword": "피해자"
    },
    {
      "id": 2,
      "keyword": "날치기"
    }
  ],
  "Reference_info": {
    "reference_rules": "[1] 형법 제329조, 제333조, 제337조 [2] 형법 제335조 [3] 형법 제329조, 제337조",
    "reference_court_case": "[1] 대법원 1972. 1. 31. 선고 71도2114 판결(집20-1, 형015)"
  },
  "Class_info": {
    "class_name": "형사A(생활형)",
    "instance_name": "강도치상"
  }
}