{
  "info": {
    "id": 41016642,
    "dataType": "판결문",
    "caseNm": "사기·상법위반·증권거래법위반",
    "caseTitle": "대법원 2003. 4. 11. 선고 2003도739 판결",
    "courtType": "판례(대법원)",
    "courtNm": "대법원",
    "judmnAdjuDe": "2003-04-11",
    "caseNoID": "2003도739",
    "caseNo": "2003도739"
  },
  "jdgmn": "증권거래법 제8조 제1항 소정의 금융감독위원회에 대한 신고의무 있는 유가증권 모집의 의미",
  "jdgmnInfo": [
    {
      "question": "증권거래법 제8조 제1항 소정의 금융감독위원회에 대한 신고의무 있는 유가증권 모집은 신규로 발행되는 유가증권의 취득의 청약을 위 시행령 제2조의4 제5항의 방법으로 권유받는 자의 수가 50인 이상이어야만 하는가?",
      "answer": "긍정"
    }
  ],
  "Summary": [
    {
      "summ_contxt": "증권거래법 제2조 제3항, 제8조 제1항 및 같은법시행령 제2조의4 제1항, 제3항, 제5항의 각 규정을 종합해 보면, 유가증권의 모집을 함에 있어서는 신규로 발행되는 유가증권의 취득의 청약을 위 시행령 제2조의4 제5항의 방법으로 권유받는 자의 수가 50인 이상이어야만 비로소 증권거래법 제2조 제3항의 \"유가증권의 모집\"에 해당하여 증권거래법의 규율을 받게 되어 유가증권 모집에 있어서 금융감독위원회에 대한 신고의무가 있는 것이고, 그에 미달하는 경우는 그와 같은 신고의무는 없는 것이다.",
      "summ_pass": "신규로 발행되는 유가증권의 취득의 청약을 위 시행령 제2조의4 제5항의 방법으로 권유받는 자의 수가 50인 이상이어야만 비로소 증권거래법 제2조 제3항의 \"유가증권의 모집\"에 해당한다."
    }
  ],
  "keyword_tagg": [
    {
      "id": 1,
      "keyword": "금융감독위원회"
    },
    {
      "id": 2,
      "keyword": "증권거래법"
    }
  ],
  "Reference_info": {
    "reference_rules": "증권거래법 제2조 제3항, 제8조 제1항 / 구 증권거래법(2001. 3. 28. 법률 제6423호로 개정되기 전의 것) 제209조 제1호(현행 삭제) / 증권거래법시행령 제2조의4 제1항, 제3항, 제5항",
    "reference_court_case": ""
  },
  "Class_info": {
    "class_name": "형사A(생활형)",
    "instance_name": "사기"
  }
}