{
  "info": {
    "id": 41016477,
    "dataType": "판결문",
    "caseNm": "사기",
    "caseTitle": "대법원 2003. 12. 12. 선고 2003도4450 판결",
    "courtType": "판례(대법원)",
    "courtNm": "대법원",
    "judmnAdjuDe": "2003-12-12",
    "caseNoID": "2003도4450",
    "caseNo": "2003도4450"
  },
  "jdgmn": "외환위기 후 생계형 신규창업자금대출을 받으면서 대출자격 및 대출금 용도를 기망한 행위가 사기죄의 기망행위에 해당한다고 한 사례",
  "jdgmnInfo": [
    {
      "question": "외환위기 후 생계형 신규창업자금대출을 받으면서 대출자격 및 대출금 용도를 기망한 행위가 사기죄의 기망행위에 해당하는가?",
      "answer": "긍정"
    }
  ],
  "Summary": [
    {
      "summ_contxt": "명의상의 학원 원장에 불과한 자가 외환위기 후 신규창업 자금을 지원하기 위한 생계형 창업특별보증제도의 목적 및 대출금의 용도에 반하여 창업자금 대출금 중 일부를 개인적인 용도로 사용할 생각이었음에도 불구하고 이를 속이고 위 대출금을 위 학원 운전자금 용도로 사용하겠다면서 보증을 신청한 행위가 사기죄의 기망행위에 해당한다.",
      "summ_pass": "이를 속이고 위 대출금을 위 학원 운전자금 용도로 사용하겠다면서 보증을 신청한 행위가 사기죄의 기망행위에 해당한다."
    }
  ],
  "keyword_tagg": [
    {
      "id": 1,
      "keyword": "사기"
    }
  ],
  "Reference_info": {
    "reference_rules": "형법 제347조 제1항",
    "reference_court_case": ""
  },
  "Class_info": {
    "class_name": "형사A(생활형)",
    "instance_name": "사기"
  }
}