{
  "info": {
    "id": 41016630,
    "dataType": "판결문",
    "caseNm": "업무상횡령·업무상횡령미수(인정된 죄명 : 사기미수)·개발제한구역의지정및관리에관한특별조치법위반",
    "caseTitle": "대법원 2003. 6. 13. 선고 2003도1279 판결",
    "courtType": "판례(대법원)",
    "courtNm": "대법원",
    "judmnAdjuDe": "2003-06-13",
    "caseNoID": "2003도1279",
    "caseNo": "2003도1279"
  },
  "jdgmn": "장애인단체의 지회장이 지방자치단체로부터 보조금을 더 많이 지원받기 위하여 허위의 보조금 정산보고서를 제출한 경우, 보조금 정산보고서는 보조금의 지원 여부 및 금액을 결정하기 위한 참고자료에 불과하고 직접적인 서류라고 할 수 없다는 이유로 보조금 편취범행(기망)의 실행에 착수한 것으로 보기 어렵다고 한 사례",
  "jdgmnInfo": [
    {
      "question": "장애인단체의 지회장이 지방자치단체로부터 보조금을 더 많이 지원받기 위하여 허위의 보조금 정산보고서를 제출한 경우, 보조금 편취범행(기망)의 실행에 착수한 것으로 볼 수 있는가?",
      "answer": "부정"
    }
  ],
  "Summary": [
    {
      "summ_contxt": "장애인단체의 지회장이 지방자치단체로부터 보조금을 더 많이 지원받기 위하여 허위의 보조금 정산보고서를 제출한 경우, 보조금 정산보고서는 보조금의 지원 여부 및 금액을 결정하기 위한 참고자료에 불과하고 직접적인 서류라고 할 수 없다는 이유로 보조금 편취범행(기망)의 실행에 착수한 것으로 보기 어렵다.",
      "summ_pass": "보조금 정산보고서는 보조금의 지원 여부 및 금액을 결정하기 위한 참고자료에 불과하고 직접적인 서류라고 할 수 없다는 이유로 보조금 편취범행(기망)의 실행에 착수한 것으로 보기 어렵다."
    }
  ],
  "keyword_tagg": [
    {
      "id": 1,
      "keyword": "보조금 편취"
    },
    {
      "id": 2,
      "keyword": "허위의 보조금 정산보고서"
    }
  ],
  "Reference_info": {
    "reference_rules": "형법 제25조 제1항, 제347조",
    "reference_court_case": "대법원 1999. 3. 12. 선고 98도3443 판결(공1999상, 709), 대법원 2002. 1. 25. 선고 99도631 판결"
  },
  "Class_info": {
    "class_name": "형사A(생활형)",
    "instance_name": "업무상횡령"
  }
}