{
  "info": {
    "id": 41016458,
    "dataType": "판결문",
    "caseNm": "성폭력범죄의처벌및피해자보호등에관한법률위반(특수강간등)",
    "caseTitle": "대법원 2004. 6. 11. 선고 2004도2018 판결",
    "courtType": "판례(대법원)",
    "courtNm": "대법원",
    "judmnAdjuDe": "2004-06-11",
    "caseNoID": "2004도2018",
    "caseNo": "2004도2018"
  },
  "jdgmn": "[1] 범행 현장에서 범행에 사용하려는 의도로 흉기 등 위험한 물건을 소지하거나 몸에 지닌 경우, 피해자가 이를 인식하지 못하였거나 실제 범행에 사용하지 아니더라도 성폭력범죄의처벌및피해자보호등에관한법률 제6조 제1항에 정한 ‘휴대’에 해당하는지 여부(적극)\n[2] 자수감경을 하지 않거나 자수감경 주장에 대하여 판단을 하지 않은 것이 위법한지 여부(소극)",
  "jdgmnInfo": [
    {
      "question": "범행 현장에서 범행에 사용하려는 의도로 흉기 등 위험한 물건을 소지하거나 몸에 지닌 경우, 피해자가 이를 인식하지 못하였거나 실제 범행에 사용하지 아니더라도 성폭력범죄의처벌및피해자보호등에관한법률 제6조 제1항에 정한 ‘휴대’에 해당하는가?",
      "answer": "긍정"
    }
  ],
  "Summary": [
    {
      "summ_contxt": "[1] 성폭력범죄의처벌및피해자보호등에관한법률의 목적과 같은 법 제6조의 규정 취지에 비추어 보면 같은 법 제6조 제1항 소정의 ‘흉기 기타 위험한 물건을 휴대하여 강간죄를 범한 자’란 범행 현장에서 그 범행에 사용하려는 의도 아래 흉기를 소지하거나 몸에 지니는 경우를 가리키는 것이고, 그 범행과는 전혀 무관하게 우연히 이를 소지하게 된 경우까지를 포함하는 것은 아니라 할 것이나, 범행 현장에서 범행에 사용하려는 의도 아래 흉기 등 위험한 물건을 소지하거나 몸에 지닌 이상 그 사실을 피해자가 인식하거나 실제로 범행에 사용하였을 것까지 요구되는 것은 아니다.",
      "summ_pass": "범행 현장에서 범행에 사용하려는 의도 아래 흉기 등 위험한 물건을 소지하거나 몸에 지닌 이상 그 사실을 피해자가 인식하거나 실제로 범행에 사용하였을 것까지 요구되는 것은 아니다."
    }
  ],
  "keyword_tagg": [
    {
      "id": 1,
      "keyword": "성폭력범죄의처벌및피해자보호등에관한법률"
    },
    {
      "id": 2,
      "keyword": "위험한 물건 휴대"
    }
  ],
  "Reference_info": {
    "reference_rules": "[1] 성폭력범죄의처벌및피해자보호등에관한법률 제6조 제1항 [2] 형법 제52조 / 형사소송법 제323조 제2항",
    "reference_court_case": "[1] 대법원 1984. 4. 10. 선고 84도353 판결(공1984, 870), 대법원 1990. 4. 24. 선고 90도401 판결(공1990, 1197), 대법원 2002. 6. 14. 선고 2002도1341 판결 [2] 대법원 2001. 4. 24. 선고 2001도872 판결(공2001상, 1300)"
  },
  "Class_info": {
    "class_name": "형사A(생활형)",
    "instance_name": "성폭력범죄의처벌및피해자보호등에관한법률위반(특수강간등)"
  }
}