{
  "info": {
    "id": 41014727,
    "dataType": "판결문",
    "caseNm": "명예훼손",
    "caseTitle": "대법원 2007. 6. 15. 선고 2004도4573 판결",
    "courtType": "판례(대법원)",
    "courtNm": "대법원",
    "judmnAdjuDe": "2007-06-15",
    "caseNoID": "2004도4573",
    "caseNo": "2004도4573"
  },
  "jdgmn": "[1] 명예훼손죄 성립에 있어서 사실의 적시와 그 정도\n[2] 언론매체의 표현행위가 명예훼손죄의 사실 적시에 해당하는지 여부에 대한 판단 기준\n[3] 잡지에 게재된 기사 내용이 피해자의 사회적 가치나 평가를 저하시키기에 충분한 구체적 사실을 적시한 것으로 보기 어렵다고 한 사례",
  "jdgmnInfo": [
    {
      "question": "사실의 적시가 있다고 하기 위해서는 구체적인 사실이 기사 내용 중에 직접적으로 명시되어 있을 것을 요구하는가?",
      "answer": "부정"
    }
  ],
  "Summary": [
    {
      "summ_contxt": "신문이나 월간지 등 언론매체의 기사 중에 특정인의 사회적 가치나 평가를 저하시키기에 충분한 구체적인 사실의 적시가 있다고 하기 위해서는, 반드시 그러한 구체적인 사실이 기사 내용 중에 직접적으로 명시되어 있을 것을 요구하는 것은 아니지만, 적어도 기사 내용 중의 특정 문구에 의하여 그러한 사실이 곧바로 유추될 수 있을 정도의 표현은 있어야 할 것이다. 그런데 이 사건 기사의 내용에 의하면, ‘월간중앙’이 ‘부·처별 고려대상자 명단’이라는 ‘극비 보고서’를 단독 입수했다는 부분은 자신의 기사가 「특종」임을 과시하려는 문구에 불과한 것으로 보이고, 이로써 피해자가 중요문서를 소홀하게 관리하고 있다는 사실을 암시하는 내용이라고 보기는 어렵다.",
      "summ_pass": "기사 내용 중의 특정 문구에 의하여 그러한 사실이 곧바로 유추될 수 있을 정도의 표현은 있어야 할 것이다."
    }
  ],
  "keyword_tagg": [
    {
      "id": 1,
      "keyword": "구체적인 사실의 적시"
    },
    {
      "id": 2,
      "keyword": "사회적 가치"
    }
  ],
  "Reference_info": {
    "reference_rules": "[1] 형법 제307조 [2] 형법 제307조 [3] 형법 제307조",
    "reference_court_case": "[1][2] 대법원 2000. 2. 25. 선고 98도2188 판결(공2000상, 885), 대법원 2003. 6. 24. 선고 2003도1868 판결(공2003하, 1655) [1] 대법원 1994. 10. 25. 선고 94도1770 판결(공1994하, 3166) [2] 대법원 1999. 2. 9. 선고 98다31356 판결(공1999상, 458)"
  },
  "Class_info": {
    "class_name": "형사A(생활형)",
    "instance_name": "명예훼손"
  }
}