{
  "info": {
    "id": 41016461,
    "dataType": "판결문",
    "caseNm": "미성년자의제강간",
    "caseTitle": "대법원 2004. 5. 28. 선고 2004도1462 판결",
    "courtType": "판례(대법원)",
    "courtNm": "대법원",
    "judmnAdjuDe": "2004-05-28",
    "caseNoID": "2004도1462",
    "caseNo": "2004도1462"
  },
  "jdgmn": "7세 6개월 남짓 되는 초등학교 2학년 아동 진술의 특성 및 신빙성, 정액반응감정의 신빙성 등을 좀더 자세히 가려 보지 아니한 채 이를 그대로 받아들여 미성년자의제강간의 공소사실을 유죄로 단정한 원심판결을 파기한 사례",
  "jdgmnInfo": [
    {
      "question": "7세 6개월 남짓 되는 초등학교 2학년 아동 진술의 특성 및 신빙성, 정액반응감정의 신빙성 등을 좀 더 자세히 가려보지 아니한 채 이를 그대로 받아들여 미성년자의제강간의 공소사실을 유죄로 단정한 원심판결을 수긍할 수 있는가?",
      "answer": "부정"
    }
  ],
  "Summary": [
    {
      "summ_contxt": "결국, 이 사건 공소사실은 합리적인 의심을 할 여지가 없을 정도로 진실한 것이라는 확신을 가지게 하는 증명력을 가진 증거에 의하여 입증되지 아니하였음에도 원심이, 아동 진술의 특성 및 신빙성, 정액반응감정의 신빙성 등을 좀더 자세히 가려보지 아니한 채 피해자의 진술과 정액반응감정을 그대로 받아들여 이 사건 미성년자의제강간의 공소사실을 유죄로 단정한 것은 심리를 다하지 아니하였거나 증거의 가치판단을 그르친 나머지 채증법칙을 위반하여 사실을 오인한 위법을 저지른 것으로 판결에 영향을 미친 위법이 있다. 따라서 이 점을 지적하는 취지의 상고이유는 이유 있다.",
      "summ_pass": "원심이, 아동 진술의 특성 및 신빙성, 정액반응감정의 신빙성 등을 좀더 자세히 가려보지 아니한 채 피해자의 진술과 정액반응감정을 그대로 받아들여 이 사건 미성년자의제강간의 공소사실을 유죄로 단정한 것은 심리를 다하지 아니하였거나 증거의 가치판단을 그르친 나머지 채증법칙을 위반하여 사실을 오인한 위법을 저지른 것으로 판결에 영향을 미친 위법이 있다."
    }
  ],
  "keyword_tagg": [
    {
      "id": 1,
      "keyword": "미성년자의제강간"
    }
  ],
  "Reference_info": {
    "reference_rules": "형법 제305조 / 형사소송법 제308조",
    "reference_court_case": ""
  },
  "Class_info": {
    "class_name": "형사A(생활형)",
    "instance_name": "미성년자의제강간"
  }
}