{
  "info": {
    "id": 41017291,
    "dataType": "판결문",
    "caseNm": "폭력행위등처벌에관한법률위반(야간·공동감금)·폭력행위등처벌에관한법률위반(야간·공동강요)·대부업의등록및금융이용자보호에관한법률위반·윤락행위등방지법위반",
    "caseTitle": "대법원 2006. 9. 22. 선고 2005도8095 판결",
    "courtType": "판례(대법원)",
    "courtNm": "대법원",
    "judmnAdjuDe": "2006-09-22",
    "caseNoID": "2005도8095",
    "caseNo": "2005도8095"
  },
  "jdgmn": "[1] 구 윤락행위 등 방지법 제25조 제1항 제3호에서 자금 등의 제공을 금지하는 영업이 윤락행위를 주된 목적으로 하는 영업만을 의미하는지 여부(소극)\n[2] 영업으로 윤락행위를 알선하는 유흥주점의 업주들에게 그 범죄에 사용되는 사실을 알면서도 취업선불금 명목으로 자금을 제공한 경우에 구 윤락행위 등 방지법 제25조 제1항 제3호 위반죄를 구성한다고 한 사례",
  "jdgmnInfo": [
    {
      "question": "영업으로 윤락행위를 알선하는 유흥주점의 업주들에게 그 범죄에 사용되는 사실을 알면서도 취업선불금 명목으로 자금을 제공한 경우, 구 윤락행위 등 방지법 제25조 제1항 제3호 위반죄를 구성하는가?",
      "answer": "긍정"
    }
  ],
  "Summary": [
    {
      "summ_contxt": "[1] 오로지 윤락행위만을 하거나 윤락행위를 주된 목적으로 하는 영업뿐만 아니라 다른 영업에 부수하여 윤락행위가 이루어지는 경우에도 영리의 목적으로 계속적·반복적으로 윤락행위를 하도록 알선한 경우에는 구 윤락행위 등 방지법(2004. 3. 22. 법률 제7196호 성매매알선 등 행위의 처벌에 관한 법률 부칙 제2조로 폐지) 제25조 제1항 제2호 소정의 영업으로 윤락행위를 알선한 행위에 해당하고, 이러한 범죄에 직·간접적으로 사용되는 사실을 알면서도 자금 등을 제공하였다면 이는 같은 법 제25조 제1항 제3호 위반죄를 구성한다. [2] 영업으로 윤락행위를 알선하는 유흥주점의 업주들에게 그 범죄에 사용되는 사실을 알면서도 취업선불금 명목으로 자금을 제공한 경우에 구 윤락행위 등 방지법(2004. 3. 22. 법률 제7196호 성매매알선 등 행위의 처벌에 관한 법률 부칙 제2조로 폐지) 제25조 제1항 제3호 위반죄를 구성한다.",
      "summ_pass": "영업으로 윤락행위를 알선하는 유흥주점의 업주들에게 그 범죄에 사용되는 사실을 알면서도 취업선불금 명목으로 자금을 제공한 경우에 구 윤락행위 등 방지법(2004. 3. 22. 법률 제7196호 성매매알선 등 행위의 처벌에 관한 법률 부칙 제2조로 폐지) 제25조 제1항 제3호 위반죄를 구성한다."
    }
  ],
  "keyword_tagg": [
    {
      "id": 1,
      "keyword": "성매매알선 등 행위의 처벌에 관한 법률"
    },
    {
      "id": 2,
      "keyword": "영리의 목적"
    }
  ],
  "Reference_info": {
    "reference_rules": "[1] 구 윤락행위 등 방지법(2004. 3. 22. 법률 제7196호 성매매알선 등 행위의 처벌에 관한 법률 부칙 제2조로 폐지) 제25조 제1항 제2호, 제3호 [2] 구 윤락행위 등 방지법(2004. 3. 22. 법률 제7196호 성매매알선 등 행위의 처벌에 관한 법률 부칙 제2조로 폐지) 제25조 제1항 제3호",
    "reference_court_case": ""
  },
  "Class_info": {
    "class_name": "형사A(생활형)",
    "instance_name": "폭력행위"
  }
}