{
  "info": {
    "id": 41016933,
    "dataType": "판결문",
    "caseNm": "절도",
    "caseTitle": "대법원 2006. 3. 9. 선고 2005도7819 판결",
    "courtType": "판례(대법원)",
    "courtNm": "대법원",
    "judmnAdjuDe": "2006-03-09",
    "caseNoID": "2005도7819",
    "caseNo": "2005도7819"
  },
  "jdgmn": "[1] 타인의 재물을 점유자의 승낙 없이 무단 사용하는 경우, 불법영득의사 유무의 판단 기준\n[2] 타인의 은행 직불카드를 무단 사용하여 자신의 예금계좌로 돈을 이체시킨 후 곧 직불카드를 반환한 경우, 그 직불카드에 대한 절도죄의 성립 여부(소극)",
  "jdgmnInfo": [
    {
      "question": "타인의 은행 직불카드를 무단 사용하여 자신의 예금계좌로 돈을 이체시킨 후 곧 직불카드를 반환한 경우, 그 직불카드에 대한 절도죄가 성립하는가?",
      "answer": "부정"
    }
  ],
  "Summary": [
    {
      "summ_contxt": "은행이 발급한 직불카드를 사용하여 타인의 예금계좌에서 자기의 예금계좌로 돈을 이체시켰다 하더라도 직불카드 자체가 가지는 경제적 가치가 계좌이체된 금액만큼 소모되었다고 할 수는 없으므로 이를 일시 사용하고 곧 반환한 경우에는 그 직불카드에 대한 불법영득의 의사는 없다고 보아야 할 것인바(대법원 1998. 11. 10. 선고 98도2642 판결, 위 99도857 판결 등 참조), 이와 같은 취지에서 피고인이 2002. 4. 11. 오전 일자불상경 공소외 1이 자리를 비운 틈을 이용하여 공소외 1의 핸드백에서 공소외 2 소유의 중소기업은행 직불카드를 꺼내어 간 뒤 광주은행 ○○지점에서 위 직불카드를 사용하여 공소외 2의 중소기업은행 예금계좌에서 피고인의 광주은행 계좌로 1,700만 원을 이체시킨 다음 공소외 1과 헤어진 뒤로부터 3시간가량 지난 무렵에 공소외 1에게 전화로 위와 같은 사실을 말하고 공소외 1을 만나 즉시 위 직불카드를 반환한 이상, 피고인에게 직불카드에 대한 불법영득의 의사가 있었다고 볼 수 없다는 이유로 이 부분 절도의 공소사실에 대하여 무죄를 선고한 원심의 조치는 위 법리에 따른 것으로 정당하고, 거기에 상고이유에서 주장하는 바와 같은 절도죄에 관한 법리를 오해한 위법이 있다고 할 수 없다.",
      "summ_pass": "은행이 발급한 직불카드를 사용하여 타인의 예금계좌에서 자기의 예금계좌로 돈을 이체시켰다 하더라도 직불카드 자체가 가지는 경제적 가치가 계좌이체된 금액만큼 소모되었다고 할 수는 없으므로 이를 일시 사용하고 곧 반환한 경우에는 그 직불카드에 대한 불법영득의 의사는 없다고 보아야 할 것이다."
    }
  ],
  "keyword_tagg": [
    {
      "id": 1,
      "keyword": "절도"
    },
    {
      "id": 2,
      "keyword": "직불카드"
    }
  ],
  "Reference_info": {
    "reference_rules": "[1] 형법 제329조 [2] 형법 제329조",
    "reference_court_case": "[1][2] 대법원 1998. 11. 10. 선고 98도2642 판결(공1998하, 2907), 대법원 1999. 7. 9. 선고 99도857 판결(공1999하, 1675) [1] 대법원 1987. 12. 8. 선고 87도1959 판결(공1988, 306), 대법원 1992. 4. 24. 선고 92도118 판결(공1992, 1771), 대법원 2000. 3. 28. 선고 2000도493 판결(공2000상, 1125)"
  },
  "Class_info": {
    "class_name": "형사A(생활형)",
    "instance_name": "절도"
  }
}