{
  "info": {
    "id": 41016412,
    "dataType": "판결문",
    "caseNm": "폭력행위등처벌에관한법률위반(야간·공동주거침입)",
    "caseTitle": "대법원 2005. 6. 24. 선고 2005도734 판결",
    "courtType": "판례(대법원)",
    "courtNm": "대법원",
    "judmnAdjuDe": "2005-06-24",
    "caseNoID": "2005도734",
    "caseNo": "2005도734"
  },
  "jdgmn": "[1] 용의자의 인상착의 등에 의한 범인식별 절차에 있어 용의자 한 사람을 단독으로 목격자와 대질시키거나 용의자의 사진 한 장만을 목격자에게 제시하여 범인 여부를 확인하는 경우, 목격자 진술의 신빙성 정도 및 이를 높이기 위한 절차적 요건\n[2] 인터폰 모니터를 통하여 본 초인종을 누른 범인이 피고인이라는 취지의 피해자의 진술만으로는 피고인을 범인으로 인정하기 어렵다고 한 원심의 판단을 수긍한 사례",
  "jdgmnInfo": [
    {
      "question": "인터폰 모니터를 통하여 본 초인종을 누른 범인이 피고인이라는 취지의 피해자의 진술만으로는 피고인을 범인으로 인정할 수 있는가?",
      "answer": "부정"
    }
  ],
  "Summary": [
    {
      "summ_contxt": "기록에 의하면, 경찰에서는 피고인 2를 공동피고인 1과 함께 울산남부경찰서 감식반에 세워놓고 피해자에게 확인을 시켰고, 검찰에서는 울산지방검찰청 담당검사의 검사실 옆 대기실에 피고인 2를 데려다 놓은 후 피해자에게 확인시켰음을 알 수 있어, 비록 피해자의 진술이 일관되고 구체적인 내용을 포함하고 있는 등 신빙성이 있다고 볼만한 사정이 있기는 하나 앞의 법리에 비추어 범인식별 절차에서 신빙성을 높이기 위하여 준수하여야 할 절차를 제대로 지키지 못하였다고 볼 수밖에 없는 점, 또한 피해자의 진술에 의하면 처음 초인종을 누른 사람이 모자를 눌러 쓰고 고개를 약간 숙인 상태에서 초인종을 눌렀고 잠시 후 다시 초인종을 누를 때는 자신의 모습이 보이지 않도록 몸을 숨겼다는 것이므로, 피해자는 그 사람의 얼굴 중 아래 부분만 본 것으로 보일 뿐만 아니라 절도 범행을 저지르려는 자가 초인종을 눌러보면서 처음에는 자신의 모습을 인터폰 모니터에 그대로 노출시켰다가 얼마 후 다시 초인종을 누르면서 자신의 모습이 보이지 않도록 몸을 숨긴다는 것은 이례적이라 할 것이어서, 처음에 초인종을 누르던 사람과 나중에 초인종을 누른 사람이 동일인이 아닌 가능성이 더 큰 점 등을 참작하면, 피해자의 위와 같은 진술내용만으로는 피고인 2가 피고인 1의 주거침입 범행에 가담하였음을 인정하기에 부족하고 달리 공소사실을 인정할 증거가 없다고 본 원심의 판단은 정당하고, 거기에 상고이유의 주장과 같은 채증법칙 위배로 인한 사실오인의 위법이 없다.",
      "summ_pass": "피해자의 위와 같은 진술내용만으로는 피고인 2가 피고인 1의 주거침입 범행에 가담하였음을 인정하기에 부족하고 달리 공소사실을 인정할 증거가 없다고 본 원심의 판단은 정당하고, 거기에 상고이유의 주장과 같은 채증법칙 위배로 인한 사실오인의 위법이 없다."
    }
  ],
  "keyword_tagg": [
    {
      "id": 1,
      "keyword": "사실오인의 위법"
    },
    {
      "id": 2,
      "keyword": "피해자의 진술"
    }
  ],
  "Reference_info": {
    "reference_rules": "[1] 형사소송법 제199조, 제308조 [2] 형사소송법 제199조, 제308조",
    "reference_court_case": "[1] 대법원 2001. 2. 9. 선고 2000도4946 판결(공2001상, 688), 대법원 2004. 2. 27. 선고 2003도7033 판결(공2004상, 579), 대법원 2005. 5. 27. 선고 2004도7363 판결"
  },
  "Class_info": {
    "class_name": "형사A(생활형)",
    "instance_name": "폭력행위등처벌에관한법률위반"
  }
}