{
  "info": {
    "id": 41016407,
    "dataType": "판결문",
    "caseNm": "사기",
    "caseTitle": "대법원 2005. 11. 24. 선고 2005도7481 판결",
    "courtType": "판례(대법원)",
    "courtNm": "대법원",
    "judmnAdjuDe": "2005-11-24",
    "caseNoID": "2005도7481",
    "caseNo": "2005도7481"
  },
  "jdgmn": "[1] 사기죄에 있어서 편취범의에 대한 판단 기준 및 거래물품의 편취에 의한 사기죄에 있어서 편취범의의 판단 기준시점(=거래 당시)\n[2] 피고인이 거래 당시 물품대금을 변제할 능력이나 의사가 없었다고 단정하여 물품대금 상당액을 편취하였다는 내용의 공소사실을 유죄로 인정한 원심판결을 파기한 사례\n[3] 사기죄의 성립요건 및 물품 편취에 의한 사기죄가 성립한 경우에 그 물품대금 채무를 변제하지 아니한 행위가 별도로 재산상 이익 편취에 의한 사기죄를 구성하는지 여부(한정 적극)",
  "jdgmnInfo": [
    {
      "question": "사기죄에 있어서 편취범의에 대한 판단 기준 및 거래물품의 편취에 의한 사기죄에 있어서 편취범의의 판단 기준시점은 거래당시인가?",
      "answer": "긍정"
    }
  ],
  "Summary": [
    {
      "summ_contxt": "사기죄는 타인을 기망하여 착오에 빠뜨리고 그 처분행위를 유발하여 재물을 교부받거나 재산상 이익을 얻음으로써 성립하는 것으로서, 사기죄가 성립하기 위하여는 기망행위와 피기망자의 착오 및 재산적 처분행위가 있어야 하고 이들 사이에는 인과관계가 있어야 할 것이며(대법원 2000. 6. 27. 선고 2000도1155 판결 등 참조), 한편 일반적으로 물품거래 관계에 있어서 물품대금을 변제할 의사나 능력이 없음에도 피해자를 기망하여 물품을 공급받는 경우 피해자의 착오에 의한 재산적 처분행위는 물품의 교부로서 이로써 재물에 대한 사기죄가 성립하고, 그 이후에 물품대금채무를 변제하지 아니한 것은 채무불이행에 불과하여 별도로 재산상 이익을 편취한 것이라고는 볼 수 없으며, 다만 또다른 기망 행위에 의하여 그 채무변제의 유예를 받거나 채무를 면제받은 경우 등 피해자의 별개의 처분행위가 있는 경우에 한하여 재산상 이익 편취에 의한 사기죄가 성립할 수 있을 것이다.",
      "summ_pass": "물품거래 관계에 있어서 편취에 의한 사기죄의 성립 여부는 거래 당시를 기준으로 피고인에게 납품대금을 변제할 의사나 능력이 없음에도 피해자에게 납품대금을 변제할 것처럼 거짓말을 하여 피해자로부터 물품 등을 편취할 고의가 있었는지의 여부에 의하여 판단하여야 하므로, 납품 후 경제사정 등의 변화로 납품대금을 변제할 수 없게 되었다고 하여 사기죄에 해당한다고 볼 수 없다고 할 것이다."
    }
  ],
  "keyword_tagg": [
    {
      "id": 1,
      "keyword": "사기"
    }
  ],
  "Reference_info": {
    "reference_rules": "[1] 형법 제347조 [2] 형법 제347조 [3] 형법 제347조",
    "reference_court_case": "[1] 대법원 1998. 1. 20. 선고 97도2630 판결(공1998상, 639), 대법원 2003. 1. 24. 선고 2002도5265 판결(공2003상, 748), 대법원 2004. 12. 10. 선고 2004도3515 판결(공2005상, 155), 대법원 2005. 3. 24 선고 2004도8651 판결(공2005상, 693) [3] 대법원 2000. 6. 27. 선고 2000도1155 판결(공2000하, 1800)"
  },
  "Class_info": {
    "class_name": "형사A(생활형)",
    "instance_name": "사기"
  }
}