{
  "info": {
    "id": 41016394,
    "dataType": "판결문",
    "caseNm": "횡령",
    "caseTitle": "대법원 2005. 9. 29. 선고 2005도4809 판결",
    "courtType": "판례(대법원)",
    "courtNm": "대법원",
    "judmnAdjuDe": "2005-09-29",
    "caseNoID": "2005도4809",
    "caseNo": "2005도4809"
  },
  "jdgmn": "부동산 매수인이 매매목적물을 담보로 제공하여 차용한 금전으로 매매대금을 지급하기로 약정하였으나 그 차용금액 일부를 임의로 소비한 경우, 횡령죄의 성립 여부(소극)",
  "jdgmnInfo": [
    {
      "question": "부동산 매수인이 매매목적물을 담보로 제공하여 차용한 금전으로 매매대금을 지급하기로 약정하였으나 그 차용금액 일부를 임의로 소비한 경우, 횡령죄가 성립하는가?",
      "answer": "부정"
    }
  ],
  "Summary": [
    {
      "summ_contxt": "원심은, 그 채택 증거들에 의하여, 피고인은 1998. 7. 21. 피해자로부터 이 사건 부동산을 대금 3억 8,000만 원에 매수하기로 하고 친구인 공소외 1을 매수인으로 내세워 매매계약을 체결하면서, 이 사건 부동산에 관하여 1순위 근저당권이 설정되어 있는 농협에 대한 대출금채무 1억 9,500만 원을 인수하고 나머지 계약금 및 잔대금은 이 사건 부동산을 담보로 하여 피고인이 감사로 재직 중이던 공소외 2 새마을금고로부터 대출받아 피해자에게 지급하기로 약정한 사실, 피고인은 계약 당일인 1998. 7. 21. 근저당권설정에 필요한 서류를 피해자로부터 교부받아 같은 날 및 같은 달 24. 공소외 2 새마을금고에서 금고 회원인 피고인의 처제 공소외 3 명의로 이 사건 부동산에 관하여 채권최고액 6억 3,000만 원의 근저당권을 설정하고 1억 6,700만 원을 대출받아 그 중 4,000만 원을 매매대금 명목으로 피해자에게 교부하고 나머지 금원은 공소외 2 새마을금고에 대한 공소외 3의 기존 채무의 변제에 사용한 사실을 인정한 다음, 피고인이 친구인 공소외 1을 매수인으로 내세워 피해자로부터 이 사건 부동산을 매수하면서 매매목적물을 담보로 제공하여 대출을 받고 그 대출금을 매도인에게 매매대금으로 우선 교부하여 주기로 한 약정에 따라 이 사건 부동산을 담보로 대출을 받은 후 그 대출금을 임의로 소비하였다고 하더라도, 피고인과 피해자 사이의 위와 같은 약정은 매매잔대금의 지급방법의 하나를 정한 것에 불과한 것이므로 이로써 피고인이 피해자를 위하여 대출금을 보관하여야 하는 지위에 있다고 볼 수 없고, 피고인이 대출금 일부를 피해자에게 지급하지 아니하였다고 하더라도 이는 단순한 민사상의 채무불이행일 뿐 횡령죄는 성립하지 아니한다는 이유로, 공소사실에 대하여 무죄를 선고한 제1심판결을 유지하였는바, 이러한 원심의 조치는 옳고, 거기에 채증법칙을 위배하여 사실을 오인하거나 횡령죄에 관한 법리를 오해한 위법 또는 판례위반의 위법이 있다고 할 수 없다.",
      "summ_pass": "매매잔대금의 지급방법의 하나를 정한 것에 불과한 약정이므로 이로써 피고인이 피해자를 위하여 대출금을 보관하여야 하는 지위에 있다고 볼 수 없고, 피고인이 대출금 일부를 피해자에게 지급하지 아니하였다고 하더라도 이는 단순한 민사상의 채무불이행일 뿐 횡령죄는 성립하지 아니한다는 이유로, 공소사실에 대하여 무죄를 선고한 제1심판결을 유지하였는바, 이러한 원심의 조치는 옳고, 거기에 채증법칙을 위배하여 사실을 오인하거나 횡령죄에 관한 법리를 오해한 위법 또는 판례위반의 위법이 있다고 할 수 없다."
    }
  ],
  "keyword_tagg": [
    {
      "id": 1,
      "keyword": "횡령"
    }
  ],
  "Reference_info": {
    "reference_rules": "[1] 형법 제355조 제1항",
    "reference_court_case": "대법원 1987. 3. 24. 선고 83도1420 판결(공1987, 915)"
  },
  "Class_info": {
    "class_name": "형사A(생활형)",
    "instance_name": "횡령"
  }
}