{
  "info": {
    "id": 41016382,
    "dataType": "판결문",
    "caseNm": "업무방해",
    "caseTitle": "대법원 2005. 10. 27. 선고 2005도5432 판결",
    "courtType": "판례(대법원)",
    "courtNm": "대법원",
    "judmnAdjuDe": "2005-10-27",
    "caseNoID": "2005도5432",
    "caseNo": "2005도5432"
  },
  "jdgmn": "[1] 업무방해의 결과발생의 염려가 없는 경우, 업무방해죄의 성립 여부(소극)\n[2] 소유 임야에서 조경수 조림농장을 운영하는 피고인이 그 소유 임야에 철제울타리를 설치하여 피해자들로 하여금 농장 내 작업도로를 사용하지 못하게 함으로써 피해자들의 전답 경작에 지장을 주어 경작업무를 방해하였다는 공소사실을 유죄로 인정한 원심판결을 업무방해의 고의 여부 등에 대한 심리미진 등을 이유로 파기한 사례\n[3] 상상적 경합 관계에 있는 수죄 중 일부만이 유죄임에도 전부를 유죄로 인정한 경우, 그와 같은 위법이 판결 결과에 영향이 있다고 볼 수 있는지 여부(적극)",
  "jdgmnInfo": [
    {
      "question": "상상적 경합 관계에 있는 수죄 중 그 일부만 유죄로 인정된 경우와 그 전부가 유죄로 인정된 경우와는 양형의 조건을 참작함에 있어 차이가 생기고 따라서 선고 형량을 정함에 있어서 차이가 있음에도 불구하고 단순일죄로 처리함은 위법한가?",
      "answer": "긍정"
    }
  ],
  "Summary": [
    {
      "summ_contxt": "원심은, 피고인의 이 사건 철제울타리 설치 행위가 형법 제314조에 해당한다고 인정한 다음 이를 단순일죄로 보아 처단하고 있으나, 이 사건 공소사실은 피고인이 철제울타리를 설치하여 작업도로를 사용하지 못하게 함으로써 피해자들 각자의 경작업무를 방해하였다는 것으로서, 위 각 죄는 1개의 행위가 수개의 죄에 해당하는 형법 제40조 소정의 상상적 경합 관계에 있다고 봄이 상당하고, 상상적 경합 관계에 있는 수죄 중 그 일부만 유죄로 인정된 경우와 그 전부가 유죄로 인정된 경우와는 양형의 조건을 참작함에 있어 차이가 생기고 따라서 선고 형량을 정함에 있어서 차이가 있을 수 있어 결국 판결 결과에 영향을 미치게 되는 것이므로, 피고인이 이 사건 철제울타리를 설치한 이후에도 그 소유의 밭에서 경작을 계속함으로써 경작업무가 방해되지 않은 피해자가 있다면 공소사실을 모두 유죄로 인정하여 단순일죄로 처단한 제1심판결을 유지한 원심판결은 더 이상 유지될 수 없다고 할 것인바, 기록에 의하면, 피고인은 경찰에서 ‘피해자들 중 피해자 5는 그 소유의 경기 (상세 행정구역 생략) 262 전에서, 피해자 3은 그 소유의 같은 리 256 전에서 여전히 농사를 짓고 있고, 피해자 1도 그 소유의 같은 리 251 답에서 모내기를 끝냈다.’는 취지의 진술을 하면서 관련 사진까지 제출하고 있고, 원심판결 또한 피해자들 중 일부가 농사를 짓지 못하였다는 사실만을 인정하고 있으므로, 원심으로서는 피고인이 이 사건 철제울타리를 설치한 후에도 경작을 계속한 피해자가 있는지, 경작을 계속한 피해자가 있다면 작업도로를 이용하지 못함으로 인하여 경작업무가 방해되었는지 등을 심리한 다음 피해자별로 업무방해죄 성립 여부를 판단하였어야 함에도 불구하고, 원심이 이에 이르지 아니한 채 피해자들 전부에 대한 경작업무가 방해되었다고 인정하면서도 단순일죄로 처단한 제1심판결을 유지한 것은 업무방해죄의 죄수에 관한 법리를 오해하거나 심리를 다하지 아니함으로써 판결 결과에 영향을 미친 위법을 범한 것이라고 할 것이다.",
      "summ_pass": "원심이 이에 이르지 아니한 채 피해자들 전부에 대한 경작업무가 방해되었다고 인정하면서도 단순일죄로 처단한 제1심판결을 유지한 것은 업무방해죄의 죄수에 관한 법리를 오해하거나 심리를 다하지 아니함으로써 판결 결과에 영향을 미친 위법을 범한 것이라고 할 것이다."
    }
  ],
  "keyword_tagg": [
    {
      "id": 1,
      "keyword": "업무방해"
    }
  ],
  "Reference_info": {
    "reference_rules": "[1] 형법 제314조 [2] 형법 제314조 [3] 형법 제40조 / 형사소송법 제383조",
    "reference_court_case": "[3] 대법원 1980. 12. 9. 선고 80도384 전원합의체 판결(공1981, 13473), 대법원 2004. 6. 25. 선고 2004도1751 판결(공2004하, 1283)"
  },
  "Class_info": {
    "class_name": "형사A(생활형)",
    "instance_name": "업무방해"
  }
}