{
  "info": {
    "id": 38016031,
    "dataType": "판결문",
    "caseNm": "사기·사기미수·사문서위조·위조사문서행사·공문서부정행사",
    "caseTitle": "서울중앙지방법원 2006. 1. 5. 선고 2005노3145 판결 : 확정",
    "courtType": "판례(하급심)",
    "courtNm": "서울중앙지방법원",
    "judmnAdjuDe": "2006-01-05",
    "caseNoID": "2005노3145",
    "caseNo": "2005노3145"
  },
  "jdgmn": "[1] 공소제기된 사실보다 무거운 별개의 범죄사실을 피고인에게 불리한 양형요소로 참작할 경우, 그 증명 정도\n[2] 사기죄로 공소제기된 피고인이 제3자에 대한 살해에 직접, 간접으로 관여되었다는 사실이 합리적인 의심 없이 증명되었다고 볼 수 없음에도 불구하고 이와 같은 사실을 피고인에게 불리한 양형요소로 참작하여 형을 양정한 원심판결을 파기한 사례",
  "jdgmnInfo": [
    {
      "question": "범죄의 구성요소가 아닌 양형의 이유가 되는 사실이라 할지라도 합리적인 의심을 배제할 정도의 엄격한 증명이 요구되는가?",
      "answer": "긍정"
    }
  ],
  "Summary": [
    {
      "summ_contxt": "범죄의 구성요소가 아닌 양형의 이유가 되는 사실이라 할지라도 위와 같이 공소제기된 사실보다 훨씬 무거운 다른 범죄행위가 되는 사실을 피고인에게 불리한 양형의 요소로 참작할 경우에는 사실상 당해 사건으로 공소제기되지 아니한 범죄행위가 양형에 결정적인 영향을 미치게 될 가능성을 배제할 수 없으므로 그러한 사실에 대하여도 합리적인 의심을 배제할 정도의 엄격한 증명이 요구되는 것이고, 단지 그러한 의심이 있다는 사정만으로 이를 피고인에게 불리한 양형의 요소로 참작할 수는 없다고 할 것인바, 이 사건 기록에 나타난 모든 증거들을 종합하여 보더라도 공소외 1이 누군가에 의하여 살해되었고 피고인 피고인 1이 공소외 1의 살해에 직접, 간접으로 관여되었다는 사실이 합리적인 의심 없이 증명되었다고 볼 수는 없음에도 불구하고, 위와 같은 사실을 피고인 피고인 1에게 불리한 양형의 요소로 참작하여 피고인에게 징역 10년을 선고한 원심의 형의 양정은 부당하다고 하지 않을 수 없고, 이 점을 지적하는 피고인 피고인 1의 주장은 이유 있다.",
      "summ_pass": "공소외 1이 누군가에 의하여 살해되었고 피고인 피고인 1이 공소외 1의 살해에 직접, 간접으로 관여되었다는 사실이 합리적인 의심 없이 증명되었다고 볼 수는 없음에도 불구하고, 위와 같은 사실을 피고인 피고인 1에게 불리한 양형의 요소로 참작하여 피고인에게 징역 10년을 선고한 원심의 형의 양정은 부당하다고 하지 않을 수 없고, 이 점을 지적하는 피고인 피고인 1의 주장은 이유 있다."
    }
  ],
  "keyword_tagg": [
    {
      "id": 1,
      "keyword": "합리적인 의심"
    },
    {
      "id": 2,
      "keyword": "엄격한 증명"
    }
  ],
  "Reference_info": {
    "reference_rules": "[1] 형법 제51조 [2] 형법 제51조, 형사소송법 제361조의5 제15호",
    "reference_court_case": ""
  },
  "Class_info": {
    "class_name": "형사A(생활형)",
    "instance_name": "사문서위조"
  }
}