{
  "info": {
    "id": 43013898,
    "dataType": "판결문",
    "caseNm": "남녀차별개선위원회결정내지재결취소",
    "caseTitle": "대법원 2006. 12. 21. 선고 2005두13414 판결",
    "courtType": "판례(대법원)",
    "courtNm": "대법원",
    "judmnAdjuDe": "2006-12-21",
    "caseNoID": "2005두13414",
    "caseNo": "2005두13414"
  },
  "jdgmn": "[1] ‘성희롱’을 정의한 구 남녀차별금지 및 구제에 관한 법률 제2조 제2호에서의 ‘지위를 이용하거나 업무 등과 관련하여’의 의미 및 그 판단 기준\n[2] 구 남녀차별금지 및 구제에 관한 법률 제2조 제2호가 규정한 성희롱의 요건 중 ‘지위를 이용하거나 업무 등과 관련하여’라는 개념이 공직선거법 제85조에서의 ‘지위를 이용하여’라는 개념과 동일한지 여부(소극)\n[3] 도지사가 공직선거법 위반 형사사건에서 공무원 지위를 이용하여 선거운동을 하였다는 부분에 대하여 무죄를 받았다고 하더라도 구 남녀차별금지 및 구제에 관한 법률상의 ‘성희롱’의 요건인 ‘지위를 이용하거나 업무 등과 관련하여’가 부정되는 것은 아니라고 한 사례",
  "jdgmnInfo": [
    {
      "question": "구 남녀차별금지 및 구제에 관한 법률 제2조 제2호가 규정한 성희롱의 요건 중 ‘지위를 이용하거나 업무 등과 관련하여’라는 개념이 공직선거법 제85조에서의 ‘지위를 이용하여’라는 개념과 동일한가?",
      "answer": "부정"
    }
  ],
  "Summary": [
    {
      "summ_contxt": "구 남녀차별금지 및 구제에 관한 법률(2003. 5. 29. 법률 제6915호로 개정되기 전의 것)에서 성희롱 규정을 둔 것과 공직선거법에서 공무원지위이용 선거운동에 대한 처벌규정을 둔 것은 그 입법 취지나 목적, 요건 및 위반시의 제재내용 등이 서로 다르므로, 구 남녀차별금지 및 구제에 관한 법률 제2조 제2항이 규정한 성희롱의 요건 중 ‘지위를 이용하거나 업무 등과 관련하여’라는 개념이 공직선거법 제85조에서의 ‘지위를 이용하여’라는 개념과 동일하다고 볼 수 없다.",
      "summ_pass": "구 남녀차별금지 및 구제에 관한 법률 제2조 제2호에서의 ‘지위를 이용하거나 업무 등과 관련하여’라는 요건은 공직선거법 제85조에서의 ‘지위를 이용하여’라는 개념과 입법 취지나 목적, 요건 및 위반 시의 제재내용 등이 서로 다른 것이다."
    }
  ],
  "keyword_tagg": [
    {
      "id": 1,
      "keyword": "성희롱"
    },
    {
      "id": 2,
      "keyword": "공직선거법"
    },
    {
      "id": 3,
      "keyword": "지위"
    }
  ],
  "Reference_info": {
    "reference_rules": "[1] 구 남녀차별금지 및 구제에 관한 법률(2003. 5. 29. 법률 제6915호로 개정되기 전의 것) 제2조 제2호(현행여성발전기본법 제3조 제4호 참조) [2] 구 남녀차별금지 및 구제에 관한 법률(2003. 5. 29. 법률 제6915호로 개정되기 전의 것) 제2조 제2호(현행여성발전기본법 제3조 제4호 참조), 공직선거법 제85조, 제254조, 제255조 [3] 구 남녀차별금지 및 구제에 관한 법률(2003. 5. 29. 법률 제6915호로 개정되기 전의 것) 제2조 제2호(현행여성발전기본법 제3조 제4호 참조), 공직선거법 제85조, 제254조, 제255조",
    "reference_court_case": ""
  },
  "Class_info": {
    "class_name": "형사A(생활형)",
    "instance_name": "성폭력"
  }
}