{
  "info": {
    "id": 41014913,
    "dataType": "판결문",
    "caseNm": "폭력행위등처벌에관한법률위반(야간·공동공갈미수)·폭력행위등처벌에관한법률위반(야간·공동감금)·업무방해·명예훼손",
    "caseTitle": "대법원 2007. 2. 23. 선고 2005도10233 판결",
    "courtType": "판례(대법원)",
    "courtNm": "대법원",
    "judmnAdjuDe": "2007-02-23",
    "caseNoID": "2005도10233",
    "caseNo": "2005도10233"
  },
  "jdgmn": "[1] 공소사실이나 범죄사실의 동일성 여부의 판단 기준\n[2] 상상적 경합관계의 경우 1죄에 대한 확정판결의 기판력이 다른 죄에 대하여도 미치는지 여부(적극) 및 형법 제40조에 정한 ‘1개의 행위’의 의미\n[3] 공소사실 중 명예훼손죄가, 확정판결의 범죄사실 중 업무방해죄와 상상적 경합관계에 있다고 보아 이미 확정된 위 확정판결의 기판력이 위 공소사실 중 명예훼손죄에 대하여도 미친다는 이유로 면소판결을 선고한 원심판결을 정당하다고 본 사례",
  "jdgmnInfo": [
    {
      "question": "상상적 경합관계의 경우 1죄에 대한 확정판결의 기판력이 다른 죄에 대하여도 미치는가?",
      "answer": "긍정"
    }
  ],
  "Summary": [
    {
      "summ_contxt": "형법 제40조 소정의 상상적 경합 관계의 경우에는 그 중 1죄에 대한 확정판결의 기판력은 다른 죄에 대하여도 미치는 것이고 여기서 1개의 행위라 함은 법적 평가를 떠나 사회 관념상 행위가 사물자연의 상태로서 1개로 평가되는 것을 의미한다. 원심은, 이 사건 확정판결의 범죄사실 중 업무방해죄와 이 사건 공소사실 중 명예훼손죄(이하 ‘이 사건 공소사실 2’라 한다)는 모두 피고인이 같은 일시, 장소에서 피해자의 기념전시회에 참석한 손님들에게 피해자가 공사대금을 주지 않는다는 취지로 소리를 치며 소란을 피웠다는 1개의 행위에 의하여 실현된 경우로서 상상적 경합 관계에 있다고 보아, 이 사건 확정판결의 기판력이 이 사건 공소사실 2에 대해서도 미친다고 할 것이어서, 이 사건 공소사실 2에 대하여 이미 확정판결이 있다는 이유로 면소의 판결을 선고한 제1심판결을 정당하다고 판단하였다.",
      "summ_pass": "상상적 경합 관계의 경우에는 그 중 1죄에 대한 확정판결의 기판력은 다른 죄에 대하여도 미치는 것이고 여기서 1개의 행위라 함은 법적 평가를 떠나 사회 관념상 행위가 사물자연의 상태로서 1개로 평가되는 것을 의미한다."
    }
  ],
  "keyword_tagg": [
    {
      "id": 1,
      "keyword": "업무방해"
    },
    {
      "id": 2,
      "keyword": "명예훼손"
    }
  ],
  "Reference_info": {
    "reference_rules": "[1] 형사소송법 제298조 [2] 형법 제40조 [3] 형법 제40조",
    "reference_court_case": "[1] 대법원 1994. 3. 22. 선고 93도2080 전원합의체 판결(공1994상, 1368), 대법원 1998. 8. 21. 선고 98도749 판결(공1998하, 2367) [2] 대법원 1987. 2. 24. 선고 86도2731 판결(공1987, 594), 대법원 1991. 6. 25. 선고 91도643 판결(공1991, 2072), 대법원 1991. 12. 10. 선고 91도2642 판결(공1992, 560)"
  },
  "Class_info": {
    "class_name": "형사A(생활형)",
    "instance_name": "폭행"
  }
}