{
  "info": {
    "id": 38015088,
    "dataType": "판결문",
    "caseNm": "업무상과실치상",
    "caseTitle": "대법원 2009. 12. 24. 선고 2005도8980 판결",
    "courtType": "판례(대법원)",
    "courtNm": "대법원",
    "judmnAdjuDe": "2009-12-24",
    "caseNoID": "2005도8980",
    "caseNo": "2005도8980"
  },
  "jdgmn": "[1] 의료사고에 있어서 의료인의 과실을 인정하기 위한 요건 및 그 판단 기준\n[2] 의사들의 주의의무 위반과 처방체계상의 문제점으로 인하여 수술 후 회복과정에 있는 환자에게 인공호흡 준비를 갖추지 않은 상태에서는 사용할 수 없는 약제가 잘못 처방되었고, 종합병원의 간호사로서 환자에 대한 투약 과정 및 그 이후의 경과 관찰 등의 직무 수행을 위하여 처방 약제의 기본적인 약효나 부작용 및 주사 투약에 따르는 주의사항 등을 미리 확인·숙지하였다면 과실로 처방된 것임을 알 수 있었음에도 그대로 주사하여 환자가 의식불명 상태에 이르게 된 사안에서, 간호사에게 업무상과실치상의 형사책임을 인정한 사례",
  "jdgmnInfo": [
    {
      "question": "의사들의 주의의무 위반과 처방체계상의 문제점으로 인하여 수술 후 회복과정에 있는 환자에게 인공호흡 준비를 갖추지 않은 상태에서는 사용할 수 없는 약제가 잘못 처방되었고, 직무 수행을 위하여 처방 약제의 기본적인 약효나 부작용 및 주사 투약에 따르는 주의사항 등을 미리 확인·숙지하지 않고 그대로 주사하여 환자가 의식불명 상태에 이르게 된 사안에서, 간호사에게 업무상과실치상의 형사책임이 있는가?",
      "answer": "긍정"
    }
  ],
  "Summary": [
    {
      "summ_contxt": "따라서, 원심판결이 피고인이 알지 못하는 약제가 처방된 사정만으로 그 약제가 실수로 처방된 것인지 의심하여 의사에게 확인할 주의의무가 있다는 점을 과실 판단의 주된 사유로 설시한 점은 부적절한 것으로 보이지만, 피고인이 업무상 주의의무를 게을리한 결과 베큐로니움이 투약되어 피해자가 상해에 이르렀다고 본 원심의 결론은 정당하다 할 것이다.",
      "summ_pass": "피고인이 업무상 주의의무를 게을리한 결과 베큐로니움이 투약되어 피해자가 상해에 이르렀다고 본 원심의 결론은 정당하다 할 것이다."
    }
  ],
  "keyword_tagg": [
    {
      "id": 1,
      "keyword": "업무상 주의의무"
    },
    {
      "id": 2,
      "keyword": "원심판결"
    }
  ],
  "Reference_info": {
    "reference_rules": "[1] 형법 제268조 [2] 형법 제268조",
    "reference_court_case": "[1] 대법원 1996. 11. 8. 선고 95도2710 판결(공1996하, 3632), 대법원 2003. 1. 10. 선고 2001도3292 판결(공2003상, 656), 대법원 2006. 10. 26. 선고 2004도486 판결(공2006하, 2028)"
  },
  "Class_info": {
    "class_name": "형사A(생활형)",
    "instance_name": "업무상과실"
  }
}