{
  "info": {
    "id": 41017290,
    "dataType": "판결문",
    "caseNm": "증거인멸·직무유기",
    "caseTitle": "대법원 2006. 10. 19. 선고 2005도3909 전원합의체 판결",
    "courtType": "판례(대법원)",
    "courtNm": "대법원",
    "judmnAdjuDe": "2006-10-19",
    "caseNoID": "2005도3909",
    "caseNo": "2005도3909"
  },
  "jdgmn": "경찰관이 압수물을 범죄 혐의의 입증에 사용하도록 하는 등의 적절한 조치를 취하지 아니하고 피압수자에게 돌려주어 증거인멸죄를 범한 경우에 별도로 부작위범인 직무유기죄가 성립하는지 여부(소극)",
  "jdgmnInfo": [
    {
      "question": "경찰관이 압수물을 범죄 혐의의 입증에 사용하도록 하는 등의 적절한 조치를 취하지 아니하고 피압수자에게 돌려주어 증거인멸죄를 범한 경우에 별도로 부작위범인 직무유기죄가 성립하는가?",
      "answer": "부정"
    }
  ],
  "Summary": [
    {
      "summ_contxt": "경찰서 방범과장이 부하직원으로부터 음반·비디오물 및 게임물에 관한 법률 위반 혐의로 오락실을 단속하여 증거물로 오락기의 변조 기판을 압수하여 사무실에 보관중임을 보고받아 알고 있었음에도 그 직무상의 의무에 따라 위 압수물을 수사계에 인계하고 검찰에 송치하여 범죄 혐의의 입증에 사용하도록 하는 등의 적절한 조치를 취하지 않고, 오히려 부하직원에게 위와 같이 압수한 변조 기판을 돌려주라고 지시하여 오락실 업주에게 이를 돌려준 경우, 작위범인 증거인멸죄만이 성립하고 부작위범인 직무유기(거부)죄는 따로 성립하지 아니한다.",
      "summ_pass": "오히려 부하직원에게 위와 같이 압수한 변조 기판을 돌려주라고 지시하여 오락실 업주에게 이를 돌려준 경우, 작위범인 증거인멸죄만이 성립하고 부작위범인 직무유기(거부)죄는 따로 성립하지 아니한다."
    }
  ],
  "keyword_tagg": [
    {
      "id": 1,
      "keyword": "증거인멸"
    }
  ],
  "Reference_info": {
    "reference_rules": "형법 제122조, 제155조",
    "reference_court_case": "대법원 1967. 7. 4. 선고 66도840 판결(집15-2, 형21)(변경), 대법원 1971. 8. 31. 선고 71도1176 판결(집19-2, 형77), 대법원 1996. 5. 10. 선고 96도51 판결(공1996하, 1941), 대법원 1997. 2. 28. 선고 96도2825 판결(공1997상, 1032)"
  },
  "Class_info": {
    "class_name": "형사A(생활형)",
    "instance_name": "증거인멸"
  }
}