{
  "info": {
    "id": 41014928,
    "dataType": "판결문",
    "caseNm": "강도상해{인정된죄명:성폭력범죄의처벌및피해자보호등에관한법률위반(특수강도강간등)}·강제추행상해",
    "caseTitle": "대법원 2007. 2. 8. 선고 2006도7882 판결",
    "courtType": "판례(대법원)",
    "courtNm": "대법원",
    "judmnAdjuDe": "2007-02-08",
    "caseNoID": "2006도7882",
    "caseNo": "2006도7882"
  },
  "jdgmn": "[1] 법정형의 종류와 범위에 관한 입법형성권의 범위\n[2] 특수강도강간죄와 특수강도강제추행죄의 법정형을 동일하게 규정하고 있는 성폭력범죄의 처벌 및 피해자보호 등에 관한 법률 제5조 제2항이 비례성의 원칙, 형벌의 체계 정당성, 평등의 원칙 등에 어긋나거나 공정한 재판을 받을 권리를 침해하는지 여부(소극)\n[3] 판결 선고 전의 구금일수는 법률상 당연히 통산하는 경우가 아닌 이상 그 전부를 산입할 것인지의 여부가 판결 법원의 재량에 속하는지 여부(적극)",
  "jdgmnInfo": [
    {
      "question": "특수강도강간죄와 특수강도강제추행죄의 법정형을 동일하게 규정하고 있는 성폭력범죄의 처벌 및 피해자보호 등에 관한 법률 제5조 제2항이 비례성의 원칙, 형벌의 체계 정당성, 평등의 원칙 등에 어긋나거나 공정한 재판을 받을 권리를 침해하는가?",
      "answer": "부정"
    }
  ],
  "Summary": [
    {
      "summ_contxt": "어떤 범죄를 어떻게 처벌할 것인가 하는 문제 즉 법정형의 종류와 범위의 선택은 그 범죄의 죄질과 보호법익에 대한 고려뿐만 아니라 우리의 역사와 문화, 입법 당시의 시대적 상황, 국민일반의 가치관 내지 법감정 그리고 범죄예방을 위한 형사정책적 측면 등 여러 가지 요소를 종합적으로 고려하여 입법자가 결정할 사항으로서 광범위한 입법재량 내지 형성의 자유가 인정되어야 할 분야이다. 성폭력범죄의 처벌 및 피해자보호 등에 관한 법률 제5조 제2항이 특수강도죄를 범한 자가 강간죄를 범한 경우와 강제추행죄를 범한 경우를 구별하지 않고 법정형을 동일하게 규정하고 있다고 하여도, 위 규정이 특수강도죄를 범하고 강간죄를 범한 자와 강제추행죄를 범한 자를 합리적 이유 없이 차별하여 형벌과 책임간의 비례성의 원칙, 형벌의 체계 정당성, 평등의 원칙 등에 어긋나거나 공정한 재판을 받을 권리를 침해한다고 할 수 없다.",
      "summ_pass": "법률 제5조 제2항이 특수강도죄를 범한 자가 강간죄를 범한 경우와 강제추행죄를 범한 경우를 구별하지 않고 법정형을 동일하게 규정하고 있다고 하여도, 위 규정이 특수강도죄를 범하고 강간죄를 범한 자와 강제추행죄를 범한 자를 합리적 이유 없이 차별하여 형벌과 책임간의 비례성의 원칙, 형벌의 체계 정당성, 평등의 원칙 등에 어긋나거나 공정한 재판을 받을 권리를 침해한다고 할 수 없다."
    }
  ],
  "keyword_tagg": [
    {
      "id": 1,
      "keyword": "재판을 받을 권리"
    },
    {
      "id": 2,
      "keyword": "죄를 범한 자"
    }
  ],
  "Reference_info": {
    "reference_rules": "[1] 헌법 제10조, 제11조, 제37조 제2항 [2] 성폭력범죄의 처벌 및 피해자보호 등에 관한 법률 제5조 제2항 / 헌법 제11조, 제27조, 제37조 제2항 [3] 형법 제57조",
    "reference_court_case": "[1] 대법원 2006. 5. 12. 선고 2005도5428 판결, 헌법재판소 2001. 11. 29. 선고 2001헌가16 전원재판부 결정(헌공63, 1115) / 헌법재판소 2006. 4. 27. 선고 2005헌가2 전원재판부 결정(헌공115, 613) [3] 대법원 2005. 10. 14. 선고 2005도4758 판결(공2005하, 1826)"
  },
  "Class_info": {
    "class_name": "형사A(생활형)",
    "instance_name": "폭행"
  }
}