{
  "info": {
    "id": 41014765,
    "dataType": "판결문",
    "caseNm": "상습도박{예비적죄명:특정경제범죄가중처벌등에관한법률위반(사기)}",
    "caseTitle": "대법원 2008. 10. 23. 선고 2006도736 판결",
    "courtType": "판례(대법원)",
    "courtNm": "대법원",
    "judmnAdjuDe": "2008-10-23",
    "caseNoID": "2006도736",
    "caseNo": "2006도736"
  },
  "jdgmn": "[1] 형법 제246조의 도박행위의 요건인 ‘우연성’의 의미\n[2] 피고인들이 각자 핸디캡을 정하고 홀마다 또는 9홀마다 별도의 돈을 걸고 총 26 내지 32회에 걸쳐 내기 골프를 한 행위가 도박에 해당한다고 한 사례",
  "jdgmnInfo": [
    {
      "question": "당사자의 능력이 승패의 결과에 영향을 미친다고 하더라도 다소라도 우연성의 사정에 의하여 영향을 받게 되는 때에는 도박죄가 성립할 수 있는가?",
      "answer": "긍정"
    }
  ],
  "Summary": [
    {
      "summ_contxt": "형법 제246조에서 도박죄를 처벌하는 이유는 정당한 근로에 의하지 아니한 재물의 취득을 처벌함으로써 경제에 관한 건전한 도덕법칙을 보호하는 데 있다. 그리고 도박은 ‘재물을 걸고 우연에 의하여 재물의 득실을 결정하는 것’을 의미하는바, 여기서 ‘우연’이란 주관적으로 ‘당사자에 있어서 확실히 예견 또는 자유로이 지배할 수 없는 사실에 관하여 승패를 결정하는 것’을 말하고, 객관적으로 불확실할 것을 요구하지 아니한다. 따라서, 당사자의 능력이 승패의 결과에 영향을 미친다고 하더라도 다소라도 우연성의 사정에 의하여 영향을 받게 되는 때에는 도박죄가 성립할 수 있다.",
      "summ_pass": "당사자의 능력이 승패의 결과에 영향을 미친다고 하더라도 다소라도 우연성의 사정에 의하여 영향을 받게 되는 때에는 도박죄가 성립할 수 있다."
    }
  ],
  "keyword_tagg": [
    {
      "id": 1,
      "keyword": "도박"
    },
    {
      "id": 2,
      "keyword": "우연성"
    }
  ],
  "Reference_info": {
    "reference_rules": "[1] 형법 제246조 [2] 형법 제246조",
    "reference_court_case": ""
  },
  "Class_info": {
    "class_name": "형사A(생활형)",
    "instance_name": "폭행"
  }
}