{
  "info": {
    "id": 41016864,
    "dataType": "판결문",
    "caseNm": "강도살인미수{변경된죄명:강도상해, 인정된죄명:폭력행위등처벌에관한법률위반(집단·흉기등상해)}",
    "caseTitle": "대법원 2006. 11. 23. 선고 2006도5407 판결",
    "courtType": "판례(대법원)",
    "courtNm": "대법원",
    "judmnAdjuDe": "2006-11-23",
    "caseNoID": "2006도5407",
    "caseNo": "2006도5407"
  },
  "jdgmn": "[1] 형사재판에 있어서 자유심증주의의 의미와 한계 및 유죄로 인정하기 위한 심증형성의 정도에 있어 배제되어야 하는 ‘합리적 의심’의 의미\n[2] 공모관계의 성립요건 및 그 인정 방법\n[3] 강도의 공범으로 공소가 제기된 피고인들이 강도의 범의를 극구 부인하면서 단순히 술에 취하여 우발적으로 공동상해의 범행을 저질렀을 뿐이라고 변명하고 있는 경우에도 피고인들 중 1인의 자백, 피해자의 진술 및 사전 공모를 뒷받침하는 여러 정황증거들을 종합하여 피고인들의 강도 사실을 충분히 인정할 수 있다고 한 사례\n[4] 피고인이 수사기관이나 법정에서 공소사실을 인정하는 진술을 한 경우, 그 자백의 신빙성 유무의 판단 방법\n[5] 피해자가 수사기관 및 제1심 법정에서 대체로 공소사실에 부합하는 진술을 하였다가 항소심에 이르러 다소 모호한 진술을 하고 있는 경우, 피해자의 진술의 신빙성을 판단함에 있어서 고려하여야 할 점",
  "jdgmnInfo": [
    {
      "question": "형사재판에 있어서 증명력이 있는 것으로 인정되는 증거를 합리적인 근거가 없는 의심을 일으켜 배척하는 것은 자유심증주의의 한계를 벗어나는 것으로 허용될 수 없는가?",
      "answer": "긍정"
    }
  ],
  "Summary": [
    {
      "summ_contxt": "자유심증주의를 규정한 형사소송법 제308조가 증거의 증명력을 법관의 자유판단에 의하도록 한 것은 그것이 실체적 진실발견에 적합하기 때문이라 할 것이므로, 증거판단에 관한 전권을 가지고 있는 사실심 법관은 사실인정에 있어 공판절차에서 획득된 인식과 조사된 증거를 남김없이 고려하여야 한다. 또한, 증거의 증명력에 대한 법관의 판단은 논리와 경험칙에 합치하여야 하고, 형사재판에 있어서 유죄로 인정하기 위한 심증 형성의 정도는 합리적인 의심을 할 여지가 없을 정도여야 하나, 이는 모든 가능한 의심을 배제할 정도에 이를 것까지 요구하는 것은 아니며, 증명력이 있는 것으로 인정되는 증거를 합리적인 근거가 없는 의심을 일으켜 배척하는 것은 자유심증주의의 한계를 벗어나는 것으로 허용될 수 없다 할 것인바, 여기에서 말하는 합리적 의심이라 함은 모든 의문, 불신을 포함하는 것이 아니라 논리와 경험칙에 기하여 요증사실과 양립할 수 없는 사실의 개연성에 대한 합리성 있는 의문을 의미하는 것으로서, 단순히 관념적인 의심이나 추상적인 가능성에 기초한 의심은 합리적 의심에 포함된다고 할 수 없다.",
      "summ_pass": "여기에서 말하는 합리적 의심이라 함은 모든 의문, 불신을 포함하는 것이 아니라 논리와 경험칙에 기하여 요증사실과 양립할 수 없는 사실의 개연성에 대한 합리성 있는 의문을 의미하는 것으로서, 단순히 관념적인 의심이나 추상적인 가능성에 기초한 의심은 합리적 의심에 포함된다고 할 수 없다."
    }
  ],
  "keyword_tagg": [
    {
      "id": 1,
      "keyword": "자유심증주의의 한계"
    },
    {
      "id": 2,
      "keyword": "합리적인 의심"
    }
  ],
  "Reference_info": {
    "reference_rules": "[1] 형사소송법 제307조, 제308조 [2] 형법 제30조 [3] 형법 제13조, 제30조, 제333조, 형사소송법 제307조, 제308조 [4] 형사소송법 제308조 [5] 형사소송법 제308조",
    "reference_court_case": "[1] 대법원 1994. 9. 13. 선고 94도1335 판결(공1994하, 2695), 대법원 2004. 6. 25. 선고 2004도2221 판결(공2004하, 1290), 대법원 2005. 4. 15. 선고 2004도362 판결 [2] 대법원 2005. 9. 9. 선고 2005도2014 판결(공2005하, 1646) [4] 대법원 2003. 9. 26. 선고 2003도1520 판결"
  },
  "Class_info": {
    "class_name": "형사A(생활형)",
    "instance_name": "강도살인미수{변경된죄명:강도상해, 인정된죄명:폭력행위등처벌에관한법률위반(집단·흉기등상해)}"
  }
}