{
  "info": {
    "id": 38016050,
    "dataType": "판결문",
    "caseNm": "업무상과실치상",
    "caseTitle": "수원지방법원 2007. 5. 4. 선고 2006고정2479 판결 : 항소",
    "courtType": "판례(하급심)",
    "courtNm": "수원지방법원",
    "judmnAdjuDe": "2007-05-04",
    "caseNoID": "2006고정2479",
    "caseNo": "2006고정2479"
  },
  "jdgmn": "[1] 의료사고에 있어서 의사의 과실을 인정하기 위한 요건 및 그 판단 기준\n[2] 강도의 칼에 팔을 찔려 내원한 환자의 팔 근육 속에 깊이 박혀 있던 칼날을 확인하지 못한 채 그대로 봉합수술을 시행한 야간 응급실 당담의사에게 업무상 과실이 있다고 보기 어렵다고 한 사례",
  "jdgmnInfo": [
    {
      "question": "피해자의 수사기관 및 법정에서의 진술과 대한의사협회의 사실조회회신서의 기재에 따를 때에 결과의 발생을 회피할 수 있었음에도 불구하고 그 결과의 발생을 회피하지 못한 과실이 있다고 보기 어려운 경우에 범죄의 증명이 없는 경우에 해당하는가?",
      "answer": "긍정"
    }
  ],
  "Summary": [
    {
      "summ_contxt": "피고인이 비록 X-ray 검사를 실시하지는 않았으나, 그 외에 일반적으로 요구되는 다른 조치를 취하였음에도 칼날이 박혀 있던 위치가 외관상 보이는 상처 부위 보다 훨씬 안쪽 깊숙한 곳이었기 때문에 이를 발견하지 못하고 봉합수술을 하였던 점 등에 비추어 보면, 피해자의 수사기관 및 법정에서의 진술과 대한의사협회의 사실조회회신서의 기재만으로는, 피고인에게 X-ray 검사를 하여 위와 같은 결과의 발생을 예견할 수 있었음에도 불구하고 그 결과의 발생을 예견하지 못하였다거나, 그 결과의 발생을 회피할 수 있었음에도 불구하고 그 결과의 발생을 회피하지 못한 과실이 있다고 보기 어렵고, 검사가 제출한 나머지 증거들도 피고인에게 위와 같은 업무상 과실이 있다는 점을 인정하기에 부족하고, 달리 이를 인정할 증거가 없다.",
      "summ_pass": "피고인에게 X-ray 검사를 하여 위와 같은 결과의 발생을 예견할 수 있었음에도 불구하고 그 결과의 발생을 예견하지 못하였다거나, 그 결과의 발생을 회피할 수 있었음에도 불구하고 그 결과의 발생을 회피하지 못한 과실이 있다고 보기 어렵고, 검사가 제출한 나머지 증거들도 피고인에게 위와 같은 업무상 과실이 있다는 점을 인정하기에 부족하고, 달리 이를 인정할 증거가 없다."
    }
  ],
  "keyword_tagg": [
    {
      "id": 1,
      "keyword": "X-ray 검사"
    },
    {
      "id": 2,
      "keyword": "봉합수술"
    },
    {
      "id": 3,
      "keyword": "대한의사협회"
    },
    {
      "id": 4,
      "keyword": "사실조회회신서"
    },
    {
      "id": 5,
      "keyword": "업무상 과실"
    }
  ],
  "Reference_info": {
    "reference_rules": "[1] 형법 제268조 [2] 형법 제268조",
    "reference_court_case": "[1] 대법원 1999. 12. 10. 선고 99도3711 판결(공2000상, 260), 대법원 2003. 1. 10. 선고 2001도3292 판결(공2003상, 656)"
  },
  "Class_info": {
    "class_name": "형사A(생활형)",
    "instance_name": "업무상과실"
  }
}