{
  "info": {
    "id": 41014855,
    "dataType": "판결문",
    "caseNm": "업무방해",
    "caseTitle": "대법원 2007. 5. 11. 선고 2006도4328 판결",
    "courtType": "판례(대법원)",
    "courtNm": "대법원",
    "judmnAdjuDe": "2007-05-11",
    "caseNoID": "2006도4328",
    "caseNo": "2006도4328"
  },
  "jdgmn": "[1] 형법 제20조에 정하여진 정당행위의 성립 요건\n[2] 형법상 자구행위의 의미\n[3] 토지소유권자가 피해자가 운영하는 회사에 대하여 그 토지의 인도 등을 구할 권리가 있다는 이유만으로 위 회사로 들어가는 진입로를 폐쇄한 것이 정당한 행위 또는 자력구제에 해당하지 않는다고 한 사례",
  "jdgmnInfo": [
    {
      "question": "토지소유권자가 피해자가 운영하는 회사에 대하여 그 토지의 인도 등을 구할 권리가 있다는 이유만으로 위 회사로 들어가는 진입로를 폐쇄한 것이 정당한 행위 또는 자력구제에 해당하는가?",
      "answer": "부정"
    }
  ],
  "Summary": [
    {
      "summ_contxt": "피고인이 이 사건 토지의 소유권자로서 공소외 주식회사에 대하여 사용대차계약을 해지하고 이 사건 토지의 인도 등을 구할 권리가 있다는 이유만으로 공소외 주식회사로 들어가는 진입로를 폐쇄한 것은, 그 권리를 확보하기 위하여 다른 적법한 절차를 취하는 것이 곤란하였던 것으로 보이지 않아 그 동기와 목적이 정당하다거나 수단이나 방법이 상당하다고 할 수 없고, 또한 그에 관한 피고인의 이익과 피해자가 침해받은 이익 사이에 균형이 있는 것으로도 보이지 않으므로 정당한 행위라고 할 수 없다.",
      "summ_pass": "동기와 목적이 정당하다거나 수단이나 방법이 상당하다고 할 수 없고, 또한 그에 관한 피고인의 이익과 피해자가 침해받은 이익 사이에 균형이 있는 것으로도 보이지 않으므로 정당한 행위라고 할 수 없다."
    }
  ],
  "keyword_tagg": [
    {
      "id": 1,
      "keyword": "피고인의 이익"
    },
    {
      "id": 2,
      "keyword": "토지의 소유권"
    }
  ],
  "Reference_info": {
    "reference_rules": "[1] 형법 제20조 [2] 형법 제23조 [3] 형법 제20조, 제23조",
    "reference_court_case": "[1] 대법원 2000. 4. 25. 선고 98도2389 판결(공2000상, 1345), 대법원 2001. 2. 23. 선고 2000도4415 판결(공2001상, 813), 대법원 2006. 4. 27. 선고 2005도8074 판결 [2] 대법원 1984. 12. 26. 선고 84도2582, 84감도397 판결(공1985, 299), 대법원 2006. 3. 24. 선고 2005도8081 판결"
  },
  "Class_info": {
    "class_name": "형사A(생활형)",
    "instance_name": "폭행"
  }
}