{
  "info": {
    "id": 41014922,
    "dataType": "판결문",
    "caseNm": "절도·업무방해",
    "caseTitle": "대법원 2007. 2. 22. 선고 2006도8649 판결",
    "courtType": "판례(대법원)",
    "courtNm": "대법원",
    "judmnAdjuDe": "2007-02-22",
    "caseNoID": "2006도8649",
    "caseNo": "2006도8649"
  },
  "jdgmn": "[1] 돈사에서 대량으로 사육되는 돼지를 집합물에 대한 양도담보의 목적물로 삼은 경우, 양도담보권의 효력이 미치는 범위\n[2] 점유개정의 방법으로 동산에 대한 이중의 양도담보설정계약이 체결된 경우, 뒤에 설정계약을 체결한 이중양수 채권자가 양도담보권을 취득할 수 있는지 여부(소극)\n[3] 돈사에서 대량으로 사육되는 돼지에 대한 이중의 양도담보설정계약이 체결된 경우 뒤에 양도담보설정계약을 체결한 이중양수 채권자가 임의로 돼지를 반출한 행위가 절도죄를 구성한다고 한 사례",
  "jdgmnInfo": [
    {
      "question": "점유개정의 방법으로 동산에 대한 이중의 양도담보설정계약이 체결된 경우, 뒤에 설정계약을 체결한 이중양수 채권자가 양도담보권을 취득할 수 있는가?",
      "answer": "부정"
    }
  ],
  "Summary": [
    {
      "summ_contxt": "금전채무를 담보하기 위하여 채무자가 그 소유의 동산을 채권자에게 양도하되 점유개정의 방법으로 인도하고 채무자가 이를 계속 점유하기로 약정한 경우 특별한 사정이 없는 한 그 동산의 소유권은 신탁적으로 이전되는 것에 불과하여, 채권자와 채무자 사이의 대내적 관계에서는 채무자가 소유권을 보유하나 대외적인 관계에서의 채무자는 동산의 소유권을 이미 채권자에게 양도한 무권리자가 되는 것이어서 다시 다른 채권자와 사이에 양도담보설정계약을 체결하고 점유개정의 방법으로 인도하더라도 선의취득이 인정되지 않는 한 나중에 설정계약을 체결한 채권자로서는 양도담보권을 취득할 수 없는데, 현실의 인도가 아닌 점유개정의 방법으로는 선의취득이 인정되지 아니하므로 결국 뒤의 채권자는 적법하게 양도담보권을 취득할 수 없다.",
      "summ_pass": "나중에 설정계약을 체결한 채권자로서는 양도담보권을 취득할 수 없는데, 현실의 인도가 아닌 점유개정의 방법으로는 선의취득이 인정되지 아니하므로 결국 뒤의 채권자는 적법하게 양도담보권을 취득할 수 없다."
    }
  ],
  "keyword_tagg": [
    {
      "id": 1,
      "keyword": "양도담보설정계약"
    },
    {
      "id": 2,
      "keyword": "특별한 사정"
    }
  ],
  "Reference_info": {
    "reference_rules": "[1] 민법 제189조, 제372조[양도담보] [2] 민법 제189조, 제249조, 제372조[양도담보] [3] 형법 제329조",
    "reference_court_case": "[1] 대법원 2004. 11. 12. 선고 2004다22858 판결(공2004하, 2029) [2] 대법원 2005. 2. 18. 선고 2004다37430 판결(공2005상, 470)"
  },
  "Class_info": {
    "class_name": "형사A(생활형)",
    "instance_name": "폭행"
  }
}