{
  "info": {
    "id": 38016005,
    "dataType": "판결문",
    "caseNm": "횡령",
    "caseTitle": "대구지방법원 2006. 11. 3. 선고 2006고단3740 판결 : 항소",
    "courtType": "판례(하급심)",
    "courtNm": "대구지방법원",
    "judmnAdjuDe": "2006-11-03",
    "caseNoID": "2006고단3740",
    "caseNo": "2006고단3740"
  },
  "jdgmn": "피고인이 배당절차에서 배당받은 금액의 일부를 타인에게 지급하기로 약정하고 배당금을 수령하여 보관하던 중 피해자가 반환을 요구하였음에도 그 반환을 거부한 사안에서 횡령죄의 성립을 부정한 사례",
  "jdgmnInfo": [
    {
      "question": "횡령죄는 ‘타인’의 재물을 보관하는 자가 그 재물을 횡령하는 것을 처벌하는 범죄이므로, 횡령죄가 성립되기 위해서는 횡령의 대상이 된 재물이 타인의 소유일 것을 요하는가?",
      "answer": "긍정"
    }
  ],
  "Summary": [
    {
      "summ_contxt": "횡령죄는 ‘타인’의 재물을 보관하는 자가 그 재물을 횡령하는 것을 처벌하는 범죄이므로, 횡령죄가 성립되기 위해서는 횡령의 대상이 된 재물이 타인의 소유일 것을 요하는 것이다. 살피건대, 피고인이 위 배당절차에서 135,065,181원을 배당받은 이상 그 금액 전액은 일단 피고인의 소유로 일단 귀속된다 할 것이므로 위 금원은 피고인 자신의 재물이라 할 것이다(비록 피고인이 배당받은 금액에서 41,000,000원을 피해자에게 지급하기로 하였다고 약정하였다 하더라도 그로 인하여 위 41,000,000원이 바로 타인인 피해자의 재물이 되었다고 보기는 어렵다 할 것이다). 따라서 피고인이 ‘타인’의 재물을 보관하는 자의 지위에 있지 아니한 이상 횡령죄는 성립될 수 없다 할 것이므로, 형사소송법 제325조에 의하여 피고인에 대하여 무죄를 선고한다.",
      "summ_pass": "피고인이 ‘타인’의 재물을 보관하는 자의 지위에 있지 아니한 이상 횡령죄는 성립될 수 없다 할 것이므로, 형사소송법 제325조에 의하여 피고인에 대하여 무죄를 선고한다."
    }
  ],
  "keyword_tagg": [
    {
      "id": 1,
      "keyword": "횡령"
    }
  ],
  "Reference_info": {
    "reference_rules": "형법 제355조 제1항",
    "reference_court_case": ""
  },
  "Class_info": {
    "class_name": "형사A(생활형)",
    "instance_name": "횡령"
  }
}