{
  "info": {
    "id": 41016857,
    "dataType": "판결문",
    "caseNm": "병역법위반",
    "caseTitle": "대법원 2007. 2. 8. 선고 2006도6196 판결",
    "courtType": "판례(대법원)",
    "courtNm": "대법원",
    "judmnAdjuDe": "2007-02-08",
    "caseNoID": "2006도6196",
    "caseNo": "2006도6196"
  },
  "jdgmn": "집행유예 기간 중에 범한 죄에 대하여 공소가 제기된 후 그 재판 도중에 집행유예 기간이 경과한 경우 집행유예 기간 중에 범한 죄에 대하여 다시 집행유예를 선고할 수 있는지 여부(적극)",
  "jdgmnInfo": [
    {
      "question": "집행유예 기간 중에 범한 죄에 대하여 공소가 제기된 후 그 재판 도중에 집행유예 기간이 경과한 경우 집행유예 기간 중에 범한 죄에 대하여 다시 집행유예를 선고할 수 있는가?",
      "answer": "긍정"
    }
  ],
  "Summary": [
    {
      "summ_contxt": "집행유예 기간 중에 범한 죄에 대하여 형을 선고할 때에, 집행유예의 결격사유를 정하는 형법 제62조 제1항 단서 소정의 요건에 해당하는 경우란, 이미 집행유예가 실효 또는 취소된 경우와 그 선고 시점에 미처 유예기간이 경과하지 아니하여 형 선고의 효력이 실효되지 아니한 채로 남아 있는 경우로 국한되고, 집행유예가 실효 또는 취소됨이 없이 유예기간을 경과한 때에는, 형의 선고가 이미 그 효력을 잃게 되어 ‘금고 이상의 형을 선고’한 경우에 해당한다고 보기 어려울 뿐 아니라, 집행의 가능성이 더 이상 존재하지 아니하여 집행종료나 집행면제의 개념도 상정하기 어려우므로 위 단서 소정의 요건에 해당하지 않는다고 할 것이므로, 집행유예 기간 중에 범한 범죄라고 할지라도 집행유예가 실효 취소됨이 없이 그 유예기간이 경과한 경우에는 이에 대해 다시 집행유예의 선고가 가능하다.",
      "summ_pass": "집행유예 기간 중에 범한 범죄라고 할지라도 집행유예가 실효 취소됨이 없이 그 유예기간이 경과한 경우에는 이에 대해 다시 집행유예의 선고가 가능하다."
    }
  ],
  "keyword_tagg": [
    {
      "id": 1,
      "keyword": "금고 이상의 형"
    },
    {
      "id": 2,
      "keyword": "집행유예 기간"
    }
  ],
  "Reference_info": {
    "reference_rules": "형법 제62조 제1항, 제65조",
    "reference_court_case": "대법원 1989. 9. 12. 선고 87도2365 전원합의체 판결(공1989하, 1422), 대법원 2002. 2. 22. 선고 2001도5891 판결(공2002상, 831), 대법원 2003. 12. 26. 선고 2003도3768 판결(공2004상, 294)"
  },
  "Class_info": {
    "class_name": "형사A(생활형)",
    "instance_name": "병역법위반"
  }
}