{
  "info": {
    "id": 38016118,
    "dataType": "판결문",
    "caseNm": "위헌법률심판제청신청",
    "caseTitle": "대법원 2006. 5. 26.자 2006초기96 결정",
    "courtType": "판례(대법원)",
    "courtNm": "대법원",
    "judmnAdjuDe": "2006-05-26",
    "caseNoID": "2006초기96",
    "caseNo": "2006초기96"
  },
  "jdgmn": "[1] 위헌제청신청의 적법 요건\n[2] 형사사건에서 기소된 공소사실에 적용되지 아니한 법률의 위헌 여부가 당해 형사재판의 전제가 될 수 있는지 여부(소극)\n[3] 형법 제347조 제1항의 사기죄로 기소된 피고인이 형법 제263조, 제310조의 위헌 여부가 당해 사건 재판의 전제가 된다고 주장하면서 위헌법률심판제청신청을 한 사안에서, 위 법률조항들이 모두 당해 형사재판에 적용되는 법률규정에 해당하지 않아 부적법하다는 이유로 위 신청을 각하한 사례",
  "jdgmnInfo": [
    {
      "question": "형사사건에서 기소된 공소사실에 적용되지 아니한 법률의 위헌 여부가 당해 형사재판의 전제가 될 수 있는가?",
      "answer": "부정"
    }
  ],
  "Summary": [
    {
      "summ_contxt": "법원이 어느 법률의 위헌 여부의 심판을 제청하기 위하여는, 당해 법률이 헌법에 위반되는 여부가 재판을 하기 위한 전제가 되어야 하는바, 여기에서 재판의 전제가 된다고 함은, 구체적 사건이 법원에 계속 중이어야 하고, 위헌 여부가 문제되는 법률이 당해 소송사건의 재판에 적용되는 것이어야 하며, 그 법률이 헌법에 위반되는지의 여부에 따라 당해 사건을 담당하는 법원이 다른 판단을 하게 되는 경우를 말하는데(대법원 2002. 9. 27.자 2002초기113 결정 등 참조), 형사사건에서 기소된 공소사실에 적용되지 아니하는 법률의 위헌 여부는 당해 형사재판의 전제가 될 수 없다.",
      "summ_pass": "형사사건에서 기소된 공소사실에 적용되지 아니하는 법률의 위헌 여부는 당해 형사재판의 전제가 될 수 없다."
    }
  ],
  "keyword_tagg": [
    {
      "id": 1,
      "keyword": "헌법에 위반"
    },
    {
      "id": 2,
      "keyword": "재판의 전제"
    }
  ],
  "Reference_info": {
    "reference_rules": "[1] 헌법 제107조 제1항 / 헌법재판소법 제41조 제1항 [2] 헌법 제107조 제1항 / 헌법재판소법 제41조 제1항 [3] 헌법 제107조 제1항 / 헌법재판소법 제41조 제1항, 형법 제263조, 제310조, 제347조 제1항",
    "reference_court_case": "[1] 대법원 2002. 9. 27.자 2002초기113 결정(공2002하, 2652), 대법원 2005. 1. 27.자 2002아34 결정 [2] 헌법재판소 1989. 9. 29. 선고 89헌마53 전원재판부 결정(헌집1, 302)"
  },
  "Class_info": {
    "class_name": "형사A(생활형)",
    "instance_name": "헌법"
  }
}