{
  "info": {
    "id": 41016854,
    "dataType": "판결문",
    "caseNm": "미성년자의제강간미수·무고",
    "caseTitle": "대법원 2007. 3. 15. 선고 2006도9453 판결",
    "courtType": "판례(대법원)",
    "courtNm": "대법원",
    "judmnAdjuDe": "2007-03-15",
    "caseNoID": "2006도9453",
    "caseNo": "2006도9453"
  },
  "jdgmn": "[1] 미성년자의제강간·강제추행죄를 규정한 형법 제305조에 의하여 미수범도 처벌할 수 있는지 여부(적극)\n[2] 고소당한 범죄가 유죄로 인정되는 경우에, 고소를 당한 사람이 고소인에 대하여 ‘고소당한 죄의 혐의가 없는 것으로 인정된다면 고소인이 자신을 무고한 것에 해당하므로 고소인을 처벌해 달라’는 내용의 고소장을 제출하였다면 고소인에 대한 무고의 범의를 인정할 수 있는지 여부(적극)",
  "jdgmnInfo": [
    {
      "question": "미성년자의제강간·강제추행죄를 규정한형법 제305조에 의하여 미수범도 처벌할 수 있는가?",
      "answer": "긍정"
    }
  ],
  "Summary": [
    {
      "summ_contxt": "미성년자의제강간·강제추행죄를 규정한 형법 제305조가 “13세 미만의 부녀를 간음하거나 13세 미만의 사람에게 추행을 한 자는 제297조, 제298조, 제301조 또는 제301조의2의 예에 의한다.”로 되어 있어 강간죄와 강제추행죄의 미수범의 처벌에 관한 형법 제300조를 명시적으로 인용하고 있지 아니하나, 형법 제305조의 입법 취지는 성적으로 미성숙한 13세 미만의 미성년자를 특별히 보호하기 위한 것으로 보이는바 이러한 입법 취지에 비추어 보면 동조에서 규정한 형법 제297조와 제298조의 ‘예에 의한다’는 의미는 미성년자의제강간·강제추행죄의 처벌에 있어 그 법정형 뿐만 아니라 미수범에 관하여도 강간죄와 강제추행죄의 예에 따른다는 취지로 해석된다. 따라서 이러한 해석이 형벌법규의 명확성의 원칙에 반하는 것이거나 죄형법정주의에 의하여 금지되는 확장해석이나 유추해석에 해당하는 것으로 볼 수 없다고 할 것이다.\n원심이 피고인이 11세인 피해자를 간음하려다 미수에 그친 이 사건 공소사실에 대하여 형법 제305조, 형법 제300조 및 형법 제297조를 적용하여 미성년자의제강간미수죄로 처벌한 것은 정당하고 거기에 상고이유 제1점으로 주장하는 죄형법정주의에 관한 법리를 오해한 위법이 없다.",
      "summ_pass": "형법 제305조의 입법 취지는 성적으로 미성숙한 13세 미만의 미성년자를 특별히 보호하기 위한 것으로 보이는바 이러한 입법 취지에 비추어 보면 동조에서 규정한 형법 제297조와 제298조의 ‘예에 의한다’는 의미는 미성년자의제강간·강제추행죄의 처벌에 있어 그 법정형 뿐만 아니라 미수범에 관하여도 강간죄와 강제추행죄의 예에 따른다는 취지로 해석된다."
    }
  ],
  "keyword_tagg": [
    {
      "id": 1,
      "keyword": "미성년자의제강간미수"
    }
  ],
  "Reference_info": {
    "reference_rules": "[1] 형법 제297조, 제300조, 제305조 [2] 형법 제156조",
    "reference_court_case": "[2] 대법원 1995. 3. 17. 선고 95도162 판결(공1995상, 1780), 대법원 2005. 9. 30. 선고 2005도2712 판결(공2005하, 1753)"
  },
  "Class_info": {
    "class_name": "형사A(생활형)",
    "instance_name": "미성년자의제강간미수"
  }
}