{
  "info": {
    "id": 41014826,
    "dataType": "판결문",
    "caseNm": "배임수재(피고인2,3의인정된죄명:배임수재방조)",
    "caseTitle": "대법원 2008. 3. 13. 선고 2006도3615 판결",
    "courtType": "판례(대법원)",
    "courtNm": "대법원",
    "judmnAdjuDe": "2008-03-13",
    "caseNoID": "2006도3615",
    "caseNo": "2006도3615"
  },
  "jdgmn": "[1] 형법상 방조행위의 의미\n[2] 범인이 취득한 재물 또는 재산상의 이익을 받은 취지에 따라 타인에게 그대로 교부한 경우와 범인의 독자적 권한에 속한 것에 사용한 경우의 각 추징 여부\n[3] 대학교수가 예정되어 있던 취지에 따라 학위취득자들로부터 송금받은 금원 중 일정 금원을 실험대행자에게 교부하고, 실험대행자가 이를 독자적인 판단에 따라 실험비용 등에 사용한 사안에서, 실험대행자에게 교부된 금원은 실질적으로 실험대행자에게 귀속하고 실험비용 등으로의 지출은 그 금원을 소비하는 방법의 하나에 지나지 않으므로 실험대행자가 수령한 금원의 가액 전부를 위 대학교수가 아닌 실험대행자로부터 추징한 원심을 수긍한 사례",
  "jdgmnInfo": [
    {
      "question": "범인이 취득한 재물 또는 재산상의 이익을 받은 취지에 따라 타인에게 그대로 교부한 경우에 추징이 허용되는가?",
      "answer": "긍정"
    }
  ],
  "Summary": [
    {
      "summ_contxt": "범인이 취득한 재물 또는 재산상의 이익을 그 받은 취지에 따라 타인에게 교부한 경우에는 그 부분 이익은 실질적으로 범인에게 귀속된 것이 아니어서 이를 범인으로부터 몰수하거나 그 가액을 추징할 수 없고(대법원 2002. 6. 14. 선고 2002도1283 판결 등 참조), 범인이 취득한 재물 또는 재산상의 이익을 증재자의 이익을 위하여 사용한 경우라도 이를 처음부터 예정되어 있던 취지에 따라 타인에게 그대로 전달한 것이 아니라 그 세부적인 사용이 범인의 독자적 권한에 속해 있던 것을 사용한 경우에는 범인이 받은 금액 전부를 추징해야 할 것이다(대법원 1999. 6. 25. 선고 99도1900 판결, 대법원 2000. 5. 26. 선고 2000도440 판결 등 참조).",
      "summ_pass": "범인이 취득한 재물 또는 재산상의 이익을 그 받은 취지에 따라 타인에게 교부한 경우에는 그 부분 이익은 실질적으로 범인에게 귀속된 것이 아니어서 이를 범인으로부터 몰수하거나 그 가액을 추징할 수 없다."
    }
  ],
  "keyword_tagg": [
    {
      "id": 1,
      "keyword": "재산상의 이익"
    },
    {
      "id": 2,
      "keyword": "추징"
    }
  ],
  "Reference_info": {
    "reference_rules": "[1] 형법 제32조 [2] 형법 제48조, 제357조 [3] 형법 제48조, 제357조",
    "reference_court_case": "[1] 대법원 1995. 9. 29. 선고 95도456 판결(공1995하, 3652), 대법원 1997. 1. 24. 선고 96도2427 판결(공1997상, 708), 대법원 2000. 8. 18. 선고 2000도1914 판결(공2000하, 2036), 대법원 2007. 4. 27. 선고 2007도1303 판결 [2] 대법원 1994. 2. 25. 선고 93도3064 판결(공1994상, 1143), 대법원 1999. 5. 11. 선고 99도963 판결(공1999상, 1207), 대법원 1999. 6. 25. 선고 99도1900 판결(공1999하, 1560)대법원 2002. 6. 14. 선고 2002도1283 판결(공2002하, 1746)"
  },
  "Class_info": {
    "class_name": "형사A(생활형)",
    "instance_name": "폭행"
  }
}