{
  "info": {
    "id": 41017153,
    "dataType": "판결문",
    "caseNm": "특수공무집행방해치상·마약류관리에관한법률위반(향정)",
    "caseTitle": "대법원 2008. 2. 14. 선고 2007도10006 판결",
    "courtType": "판례(대법원)",
    "courtNm": "대법원",
    "judmnAdjuDe": "2008-02-14",
    "caseNoID": "2007도10006",
    "caseNo": "2007도10006"
  },
  "jdgmn": "사법경찰관 등이 체포영장을 소지하고 피의자를 체포하는 경우, 범죄사실의 요지와 구속의 이유 및 변호인 선임권 등을 고지하여야 하는 시기",
  "jdgmnInfo": [
    {
      "question": "힘에 부쳐 피고인을 검거하지 못한 채 현장에서 이탈함에 따라 피고인에게 체포영장을 제시하지 못한 경우에는, 피고인에게 체포영장이 실제로 제시되지는 않았다 하더라도 해당 체포행위는 적법한 공무집행으로 보아야 하는가?",
      "answer": "긍정"
    }
  ],
  "Summary": [
    {
      "summ_contxt": "사법경찰관 등이 체포영장을 소지하고 피의자를 체포하기 위하여는 체포 당시에 피의자에게 체포영장을 제시하고 피의자에 대한 범죄사실의 요지, 구속의 이유와 변호인을 선임할 수 있음을 말하고 변명할 기회를 주어야 하는데 형사소송법(2007. 6. 1. 법률 제8496호로 개정되기 전의 것) 제200조의5, 제72조, 제85조 제1항, 이와 같은 체포영장의 제시나 고지 등은 체포를 위한 실력행사에 들어가기 이전에 미리 하여야 하는 것이 원칙이나, 달아나는 피의자를 쫓아가 붙들거나 폭력으로 대항하는 피의자를 실력으로 제압하는 경우에는 붙들거나 제압하는 과정에서 하거나, 그것이 여의치 않은 경우에라도 일단 붙들거나 제압한 후에 지체없이 행하여야 한다. 원심은 그 채용 증거를 종합하여 그 판시와 같은 사실을 인정한 다음, 공소외 2 등은 피고인에 대한 체포영장을 집행하기 전 피고인에게 필로폰 투약혐의로 체포영장이 발부되었다는 사실과 범죄사실의 요지 및 변호인선임권 등을 고지하였고, 이어 공소외 3이 소지하고 있던 체포영장을 꺼내어 피고인에게 제시하려고 하였으나, 피고인이 팔을 휘두르면서 도망가려고 저항하고, 이어 깨진 유리를 들어 공소외 2의 오른쪽 팔을 찌르고 공소외 3에게도 깨진 유리를 휘두르면서 완강히 대항하여 결국 공소외 2 등이 힘에 부쳐 피고인을 검거하지 못한 채 현장에서 이탈함에 따라 피고인에게 체포영장을 제시하지 못한 것이므로, 피고인에게 체포영장이 실제로 제시되지는 않았다 하더라도 공소외 2 등의 위와 같은 체포행위는 적법한 공무집행으로 보아야 한다.",
      "summ_pass": "달아나는 피의자를 쫓아가 붙들거나 폭력으로 대항하는 피의자를 실력으로 제압하는 경우에는 붙들거나 제압하는 과정에서 하거나, 그것이 여의치 않은 경우에라도 일단 붙들거나 제압한 후에 지체없이 행하여야 한다."
    }
  ],
  "keyword_tagg": [
    {
      "id": 1,
      "keyword": "적법한 공무집행"
    },
    {
      "id": 2,
      "keyword": "변호인선임권"
    }
  ],
  "Reference_info": {
    "reference_rules": "형사소송법(2007. 6. 1. 법률 제8496호로 개정되기 전의 것) 제72조(현행 제200조의5 참조), 제85조 제1항, 제200조의5(현행 제200조의6 참조)",
    "reference_court_case": "대법원 2000. 7. 4. 선고 99도4341 판결(공2000하, 1851), 대법원 2004. 8. 30. 선고 2004도3212 판결(공2004하, 1627)"
  },
  "Class_info": {
    "class_name": "형사A(생활형)",
    "instance_name": "특수공무집행방해치상"
  }
}