{
  "info": {
    "id": 41014802,
    "dataType": "판결문",
    "caseNm": "강제집행면탈",
    "caseTitle": "대법원 2008. 4. 24. 선고 2007도4585 판결",
    "courtType": "판례(대법원)",
    "courtNm": "대법원",
    "judmnAdjuDe": "2008-04-24",
    "caseNoID": "2007도4585",
    "caseNo": "2007도4585"
  },
  "jdgmn": "[1] 형법 제327조 강제집행면탈죄의 성립요건 및 채무자에게 약간의 다른 재산이 있더라도 강제집행면탈죄가 성립할 수 있는지 여부(적극)\n[2] 허위채무 등을 공제한 후 채무자의 적극재산이 남는다고 예측되더라도 위 허위채무 부담행위로 채권자를 해할 위험이 있으므로 강제집행면탈죄가 성립한다고 한 사례",
  "jdgmnInfo": [
    {
      "question": "형법 제327조 강제집행면탈죄의 성립요건 및 채무자에게 약간의 다른 재산이 있더라도 강제집행면탈죄가 성립할 수 있는가?",
      "answer": "긍정"
    }
  ],
  "Summary": [
    {
      "summ_contxt": "형법 제327조의 강제집행면탈죄는 위태범으로 현실적으로 민사집행법에 의한 강제집행 또는 가압류, 가처분의 집행을 받을 우려가 있는 객관적인 상태 아래 즉, 채권자가 본안 또는 보전소송을 제기하거나 제기할 태세를 보이고 있는 상태에서 주관적으로 강제집행을 면탈하려는 목적으로 재산을 은닉, 손괴, 허위양도하거나 허위채무를 부담하여 채권자를 해할 위험이 있으면 성립하는 것이고, 반드시 채권자를 해하는 결과가 야기되거나 행위자가 어떤 이득을 취하여야 범죄가 성립하는 것은 아니며, 현실적으로 강제집행을 받을 우려가 있는 상태에서 강제집행을 면탈할 목적으로 허위채무를 부담하는 등의 행위를 하는 경우에는 달리 특별한 사정이 없는 한 채권자를 해할 위험이 있다고 보아야 할 것이고(대법원 1996. 1. 26. 선고 95도2526 판결 참조), 채무자에게 약간의 다른 재산이 있다 하여 채권자를 해할 우려가 없다고 할 수 없다.",
      "summ_pass": "반드시 채권자를 해하는 결과가 야기되거나 행위자가 어떤 이득을 취하여야 범죄가 성립하는 것은 아니며, 현실적으로 강제집행을 받을 우려가 있는 상태에서 강제집행을 면탈할 목적으로 허위채무를 부담하는 등의 행위를 하는 경우에는 달리 특별한 사정이 없는 한 채권자를 해할 위험이 있다고 보아야 할 것이다."
    }
  ],
  "keyword_tagg": [
    {
      "id": 1,
      "keyword": "강제집행면탈"
    }
  ],
  "Reference_info": {
    "reference_rules": "[1] 형법 제327조 [2] 형법 제327조",
    "reference_court_case": "[1] 대법원 1984. 3. 13. 선고 84도18 판결(공1984, 668), 대법원 1989. 5. 23. 선고 88도343 판결(공1989, 1032), 대법원 1990. 3. 23. 선고 89도2506 판결(공1990, 1012), 대법원 1994. 10. 14. 선고 94도2056 판결(공1994하, 3039), 대법원 1996. 1. 26. 선고 95도2526 판결(공1996상, 848), 대법원 1998. 9. 8. 선고 98도1949 판결(공1998상, 2476), 대법원 2001. 11. 27. 선고 2001도4759 판결(공2002상, 231)"
  },
  "Class_info": {
    "class_name": "형사A(생활형)",
    "instance_name": "폭행"
  }
}