{
  "info": {
    "id": 41017152,
    "dataType": "판결문",
    "caseNm": "명예훼손",
    "caseTitle": "대법원 2008. 5. 29. 선고 2007도1115 판결",
    "courtType": "판례(대법원)",
    "courtNm": "대법원",
    "judmnAdjuDe": "2008-05-29",
    "caseNoID": "2007도1115",
    "caseNo": "2007도1115"
  },
  "jdgmn": "공소사실을 뒷받침하는 증인 진술의 신빙성을 부정한 제1심의 판단을 항소심이 뒤집을 수 있는 경우",
  "jdgmnInfo": [
    {
      "question": "항소심이 원심에서의 진술의 신빙성을 인정할 수 있다고 판단할 수 있으려면, 진술의 신빙성을 배척한 제1심의 판단을 수긍할 수 없는 충분하고도 납득할 만한 현저한 사정이 요구되는가?",
      "answer": "긍정"
    }
  ],
  "Summary": [
    {
      "summ_contxt": "우리 형사소송법이 채택하고 있는 실질적 직접심리주의의 정신에 비추어 제1심과 항소심의 신빙성 평가 방법의 차이를 고려해 보면, 제1심판결 내용과 제1심에서 적법하게 증거조사를 거친 증거들에 비추어 제1심 증인이 한 진술의 신빙성 유무에 대한 제1심의 판단이 명백하게 잘못되었다고 볼 특별한 사정이 있거나, 제1심의 증거조사 결과와 항소심 변론종결시까지 추가로 이루어진 증거조사 결과를 종합하면 제1심 증인이 한 진술의 신빙성 유무에 대한 제1심의 판단을 그대로 유지하는 것이 현저히 부당하다고 인정되는 예외적인 경우가 아니라면, 항소심으로서는 제1심 증인이 한 진술의 신빙성 유무에 대한 제1심의 판단이 항소심의 판단과 다르다는 이유만으로 이에 대한 제1심의 판단을 함부로 뒤집어서는 아니 된다 할 것이다. 특히, 공소사실을 뒷받침하는 증거의 경우에는, 증인신문 절차를 진행하면서 진술에 임하는 증인의 모습과 태도를 직접 관찰한 제1심이 증인의 진술에 대하여 그 신빙성을 인정할 수 없다고 판단하였음에도 불구하고, 항소심이 이를 뒤집어 그 진술의 신빙성을 인정할 수 있다고 판단할 수 있으려면, 진술의 신빙성을 배척한 제1심의 판단을 수긍할 수 없는 충분하고도 납득할 만한 현저한 사정이 나타나는 경우이어야 한다.",
      "summ_pass": "공소사실을 뒷받침하는 증거의 경우에는, 증인신문 절차를 진행하면서 진술에 임하는 증인의 모습과 태도를 직접 관찰한 제1심이 증인의 진술에 대하여 그 신빙성을 인정할 수 없다고 판단하였음에도 불구하고, 항소심이 이를 뒤집어 그 진술의 신빙성을 인정할 수 있다고 판단할 수 있으려면, 진술의 신빙성을 배척한 제1심의 판단을 수긍할 수 없는 충분하고도 납득할 만한 현저한 사정이 나타나는 경우이어야 한다."
    }
  ],
  "keyword_tagg": [
    {
      "id": 1,
      "keyword": "진술의 신빙성"
    },
    {
      "id": 2,
      "keyword": "현저한 사정"
    }
  ],
  "Reference_info": {
    "reference_rules": "형사소송법 제308조",
    "reference_court_case": "대법원 2006. 11. 24. 선고 2006도4994 판결(공2007상, 96), 대법원 2007. 5. 11. 선고 2007도2020 판결"
  },
  "Class_info": {
    "class_name": "형사A(생활형)",
    "instance_name": "명예훼손"
  }
}