{
  "info": {
    "id": 41014441,
    "dataType": "판결문",
    "caseNm": "사기",
    "caseTitle": "대법원 2008. 1. 24. 선고 2007도9417 판결",
    "courtType": "판례(대법원)",
    "courtNm": "대법원",
    "judmnAdjuDe": "2008-01-24",
    "caseNoID": "2007도9417",
    "caseNo": "2007도9417"
  },
  "jdgmn": "[1] 무효인 가등기를 말소하는 것이 사기죄의 재산적 처분행위에 해당하는지 여부(적극)\n[2] 무효인 가등기여서 그 말소를 구할 권리를 가진 자라 하더라도 기망행위를 사용하여 이를 말소하게 하였다면 사기죄가 성립한다고 한 사례",
  "jdgmnInfo": [
    {
      "question": "무효인 가등기를 말소하는 것이 사기죄의 재산적 처분행위에 해당하는가?",
      "answer": "긍정"
    }
  ],
  "Summary": [
    {
      "summ_contxt": "사기죄는 타인을 기망하여 착오에 빠뜨리고 그 처분행위를 유발하여 재물이나 재산상의 이득을 얻음으로써 성립하는 것으로서 여기에서 처분행위라 함은 재산적 처분행위를 의미한다고 할 것인바(대법원 2002. 11. 22. 선고 2000도4419 판결 등 참조), 부동산 위에 소유권이전청구권 보전의 가등기를 마친 자가 그 가등기를 말소하면 부동산 소유자는 가등기의 부담이 없는 부동산을 소유하게 되는 이익을 얻게 되는 것이므로, 가등기를 말소하는 것 역시 사기죄에서 말하는 재산적 처분행위에 해당하고, 설령 그 후 위 가등기에 의하여 보전하고자 하였던 소유권이전청구권이 존재하지 않아 위 가등기가 무효임이 밝혀졌다고 하더라도 가등기의 말소로 인한 재산상의 이익이 없었던 것으로 볼 수 없다.",
      "summ_pass": "부동산 위에 소유권이전청구권 보전의 가등기를 마친 자가 그 가등기를 말소하면 부동산 소유자는 가등기의 부담이 없는 부동산을 소유하게 되는 이익을 얻게 되는 것이므로, 가등기를 말소하는 것 역시 사기죄에서 말하는 재산적 처분행위에 해당한다."
    }
  ],
  "keyword_tagg": [
    {
      "id": 1,
      "keyword": "사기"
    }
  ],
  "Reference_info": {
    "reference_rules": "[1] 형법 제347조 [2] 형법 제347조",
    "reference_court_case": "[1] 대법원 1999. 7. 9. 선고 99도1326 판결(공1999하, 1681), 대법원 2002. 11. 22. 선고 2000도4419 판결(공2003상, 262)"
  },
  "Class_info": {
    "class_name": "형사A(생활형)",
    "instance_name": "사기"
  }
}