{
  "info": {
    "id": 41016845,
    "dataType": "판결문",
    "caseNm": "도박개장",
    "caseTitle": "대법원 2007. 6. 14. 선고 2007도2451 판결",
    "courtType": "판례(대법원)",
    "courtNm": "대법원",
    "judmnAdjuDe": "2007-06-14",
    "caseNoID": "2007도2451",
    "caseNo": "2007도2451"
  },
  "jdgmn": "범죄수익은닉의 규제 및 처벌 등에 관한 법률에 의한 추징의 대상이 되는 범죄수익을 특정할 수 없는 경우 추징의 가부(소극) 및 위 추징이 법원의 재량에 속하는지 여부(적극)",
  "jdgmnInfo": [
    {
      "question": "범죄수익은닉의 규제 및 처벌 등에 관한 법률에 의한 추징의 대상이 되는 범죄수익을 특정할 수 없는 경우 추징이 허용되는가?",
      "answer": "부정"
    }
  ],
  "Summary": [
    {
      "summ_contxt": "형법 제247조의 도박개장죄에 의하여 생긴 재산은 범죄수익은닉의 규제 및 처벌 등에 관한 법률(이하 ‘법’이라고 한다) 제2조 제1호 [별표] 제1호, 제8조 및 제10조에 의하여 추징의 대상이 되고, 위 추징은 부정한 이익을 박탈하여 이를 보유하지 못하게 함에 그 목적이 있으며, 한편 추징의 대상이 되는지 여부는 엄격한 증명을 필요로 하는 것은 아니나, 그 대상이 되는 범죄수익을 특정할 수 없는 경우에는 추징할 수 없고, 또한 법 제10조 소정의 추징은 임의적인 것이므로 그 추징의 요건에 해당되는 재산이라도 이를 추징할 것인지의 여부는 법원의 재량에 맡겨져 있다고 할 것이다.\n원심은 그 채택 증거들을 종합하여 판시와 같은 사실을 인정한 다음, 피고인은 수사기관에서 공소외인 및 제1심 공동피고인과 함께 약 1억 6,000만 원 상당의 이익을 취득하였다고 진술하고, 제1심 공동피고인은 약 2,300만 원 상당의 이익을 취득하였다고 진술하고 있으나, 그와 같은 피고인 등의 추측에 의한 진술 외에 달리 피고인이 이 사건 범죄로 인하여 1억 6,000만 원 상당의 이익을 취득하였다고 인정할 만한 자료가 부족하다는 이유로, 피고인에 대하여 추징을 선고한 제1심판결을 파기하고 추징을 선고하지 아니하였다.",
      "summ_pass": "형법 제247조의 도박개장죄에 의하여 생긴 재산은 범죄수익은닉의 규제 및 처벌 등에 관한 법률(이하 ‘법’이라고 한다) 제2조 제1호 [별표] 제1호, 제8조 및 제10조에 의하여 추징의 대상이 되고, 위 추징은 부정한 이익을 박탈하여 이를 보유하지 못하게 함에 그 목적이 있으며, 한편 추징의 대상이 되는지 여부는 엄격한 증명을 필요로 하는 것은 아니나, 그 대상이 되는 범죄수익을 특정할 수 없는 경우에는 추징할 수 없고, 또한 법 제10조 소정의 추징은 임의적인 것이므로 그 추징의 요건에 해당되는 재산이라도 이를 추징할 것인지의 여부는 법원의 재량에 맡겨져 있다고 할 것이다."
    }
  ],
  "keyword_tagg": [
    {
      "id": 1,
      "keyword": "도박개장"
    },
    {
      "id": 2,
      "keyword": "추징"
    }
  ],
  "Reference_info": {
    "reference_rules": "형법 제247조, 범죄수익은닉의 규제 및 처벌 등에 관한 법률 제2조 제1호 [별표] 제1호, 제8조, 제10조",
    "reference_court_case": ""
  },
  "Class_info": {
    "class_name": "형사A(생활형)",
    "instance_name": "도박개장"
  }
}