{
  "info": {
    "id": 41014821,
    "dataType": "판결문",
    "caseNm": "공갈·절도·공무집행방해·협박·재물손괴·정보통신망이용촉진및정보보호등에관한법률위반",
    "caseTitle": "대법원 2008. 3. 27. 선고 2007도11400 판결",
    "courtType": "판례(대법원)",
    "courtNm": "대법원",
    "judmnAdjuDe": "2008-03-27",
    "caseNoID": "2007도11400",
    "caseNo": "2007도11400"
  },
  "jdgmn": "[1] 긴급체포가 요건을 갖추지 못하여 위법한 체포에 해당하는 경우 및 위법한 긴급체포에 의한 유치 중에 작성된 진술조서의 증거능력 유무(소극)\n[2] 수사기관 작성 피의자 아닌 자의 진술조서 중 일부에 관하여만 원진술자가 공판준비 또는 공판기일에서 실질적 진정성립을 인정하는 경우의 증거능력\n[3] 공소장변경절차를 거치지 아니하고 공소사실과 달리 사실인정을 하는 것이 불고불리의 원칙에 위반되지 않는 경우",
  "jdgmnInfo": [
    {
      "question": "긴급체포가 요건을 갖추지 못하여 위법한 체포에 해당하는 경우 및 위법한 긴급체포에 의한 유치 중에 작성된 진술조서가 증거능력을 갖는가?",
      "answer": "부정"
    }
  ],
  "Summary": [
    {
      "summ_contxt": "긴급체포는 영장주의원칙에 대한 예외인 만큼 형사소송법 제200조의3 제1항의 요건을 모두 갖춘 경우에 한하여 예외적으로 허용되어야 하고, 요건을 갖추지 못한 긴급체포는 법적 근거에 의하지 아니한 영장 없는 체포로서 위법한 체포에 해당하는 것이고, 여기서 긴급체포의 요건을 갖추었는지 여부는 사후에 밝혀진 사정을 기초로 판단하는 것이 아니라 체포 당시의 상황을 기초로 판단하여야 하고, 이에 관한 검사나 사법경찰관 등 수사주체의 판단에는 상당한 재량의 여지가 있다고 할 것이나, 긴급체포 당시의 상황으로 보아서도 그 요건의 충족 여부에 관한 검사나 사법경찰관의 판단이 경험칙에 비추어 현저히 합리성을 잃은 경우에는 그 체포는 위법한 체포라 할 것이고, 이러한 위법은 영장주의에 위배되는 중대한 것이니 그 체포에 의한 유치 중에 작성된 피의자신문조서는 위법하게 수집된 증거로서 특별한 사정이 없는 한 이를 유죄의 증거로 할 수 없다.",
      "summ_pass": "요건의 충족 여부에 관한 검사나 사법경찰관의 판단이 경험칙에 비추어 현저히 합리성을 잃은 경우에는 그 체포는 위법한 체포라 할 것이고, 이러한 위법은 영장주의에 위배되는 중대한 것이니 그 체포에 의한 유치 중에 작성된 피의자신문조서는 위법하게 수집된 증거로서 특별한 사정이 없는 한 이를 유죄의 증거로 할 수 없다."
    }
  ],
  "keyword_tagg": [
    {
      "id": 1,
      "keyword": "피의자신문조서"
    },
    {
      "id": 2,
      "keyword": "특별한 사정"
    }
  ],
  "Reference_info": {
    "reference_rules": "[1] 형사소송법 제200조의3 제1항, 제309조 [2] 형사소송법 제312조 제3항 [3] 형사소송법 제298조",
    "reference_court_case": "[1] 대법원 2002. 6. 11. 선고 2000도5701 판결(공2002하, 1720), 대법원 2005. 12. 9. 선고 2005도7569 판결, 대법원 2006. 9. 8. 선고 2006도148 판결(공2006하, 1699), 대법원 2007. 1. 12. 선고 2004도8071 판결 [2] 대법원 2005. 6. 10. 선고 2005도1849 판결(공2005하, 1208) [3] 대법원 1998. 3. 27. 선고 97도3079 판결(공1998상, 1255), 대법원 2004. 5. 27. 선고 2004도1555 판결, 대법원 2006. 6. 15. 선고 2006도1667 판결(공2006하, 1390)"
  },
  "Class_info": {
    "class_name": "형사A(생활형)",
    "instance_name": "폭행"
  }
}