{
  "info": {
    "id": 38015087,
    "dataType": "판결문",
    "caseNm": "전자기록등내용탐지",
    "caseTitle": "대법원 2009. 12. 24. 선고 2007도6243 판결",
    "courtType": "판례(대법원)",
    "courtNm": "대법원",
    "judmnAdjuDe": "2009-12-24",
    "caseNoID": "2007도6243",
    "caseNo": "2007도6243"
  },
  "jdgmn": "[1] 형법 제20조의 ‘사회상규에 위배되지 아니하는 행위’의 의미 및 판단 방법\n[2] 회사의 이익을 빼돌린다는 소문을 확인할 목적으로, 피해자가 사용하면서 비밀번호를 설정하여 비밀장치를 한 전자기록인 개인용 컴퓨터의 하드디스크를 검색한 행위가, 형법 제20조의 ‘정당행위’에 해당된다고 본 원심의 판단을 수긍한 사례",
  "jdgmnInfo": [
    {
      "question": "부하 직원의 회사에 대한 범죄 혐의가 드러나는 경우 피고인과 같은 감독자에 대하여는 회사의 유지·존속 및 손해방지 등을 위해서 그러한 정보에 대한 접근이 허용될 필요가 인정되는가?",
      "answer": "긍정"
    }
  ],
  "Summary": [
    {
      "summ_contxt": "그 업무에 관한 정보가 컴퓨터에 보관되고 있는 현재의 사무환경하에서 부하 직원의 회사에 대한 범죄 혐의가 드러나는 경우 피고인과 같은 감독자에 대하여는 회사의 유지·존속 및 손해방지 등을 위해서 그러한 정보에 대한 접근이 허용될 필요가 있는 점 등을 종합하여 볼 때, 피고인의 행위는 사회통념상 허용될 수 있는 상당성이 있는 행위로서 형법 제20조에 정하여진 정당행위에 해당하여 위법성이 조각된다고 판단하였다.\n앞서 본 법리에 비추어 살펴보면, 원심의 위와 같은 판단은 정당하고 거기에 상고이유로 주장하는 바와 같은 정당행위에 관한 법리오해의 잘못이 없다.",
      "summ_pass": "그 업무에 관한 정보가 컴퓨터에 보관되고 있는 현재의 사무환경하에서 부하 직원의 회사에 대한 범죄 혐의가 드러나는 경우 피고인과 같은 감독자에 대하여는 회사의 유지·존속 및 손해방지 등을 위해서 그러한 정보에 대한 접근이 허용될 필요가 있는 점 등을 종합하여 볼 때, 피고인의 행위는 사회통념상 허용될 수 있는 상당성이 있는 행위로서 형법 제20조에 정하여진 정당행위에 해당하여 위법성이 조각된다고 판단하였다."
    }
  ],
  "keyword_tagg": [
    {
      "id": 1,
      "keyword": "사회통념상 허용"
    },
    {
      "id": 2,
      "keyword": "범죄 혐의"
    }
  ],
  "Reference_info": {
    "reference_rules": "[1] 형법 제20조 [2] 형법 제20조, 제316조 제2항",
    "reference_court_case": "[1] 대법원 2000. 4. 25. 선고 98도2389 판결(공2000상, 1345), 대법원 2004. 6. 10. 선고 2001도5380 판결(공2004하, 1187)"
  },
  "Class_info": {
    "class_name": "형사A(생활형)",
    "instance_name": "횡령"
  }
}