{
  "info": {
    "id": 38015200,
    "dataType": "판결문",
    "caseNm": "강제집행면탈",
    "caseTitle": "대법원 2009. 5. 14. 선고 2007도2168 판결",
    "courtType": "판례(대법원)",
    "courtNm": "대법원",
    "judmnAdjuDe": "2009-05-14",
    "caseNoID": "2007도2168",
    "caseNo": "2007도2168"
  },
  "jdgmn": "[1] 형법상 강제집행면탈죄의 객체\n[2] 이른바 계약명의신탁의 방식으로 명의수탁자가 당사자가 되어 소유자와 부동산에 관한 매매계약을 체결하고 그 명의로 소유권이전등기를 마친 경우, 그 부동산이 채무자인 명의신탁자의 재산으로서 강제집행면탈죄의 객체가 되는지 여부(소극)",
  "jdgmnInfo": [
    {
      "question": "이른바 계약명의신탁의 방식으로 명의수탁자가 당사자가 되어 소유자와 부동산에 관한 매매계약을 체결하고 그 명의로 소유권이전등기를 마친 경우, 그 부동산이 채무자인 명의신탁자의 재산으로서 강제집행면탈죄의 객체가 되는가?",
      "answer": "부정"
    }
  ],
  "Summary": [
    {
      "summ_contxt": "같은 취지에서, 피고인이 공소외 1로부터 이 사건 아파트를 명의수탁자인 공소외 2 명의로 직접 그 대금 일부를 대출받아 매수하였다면, 이 사건 아파트는 강제집행면탈죄의 객체가 될 수 없고, 따라서 이 사건 강제집행면탈의 공소사실을 유죄로 인정할 증거가 없다고 판단한 원심은 정당하다. 거기에 상고이유에서 주장하는 바와 같은 강제집행면탈죄의 객체에 대한 법리오해 등의 위법이 있다고 할 수 없다.",
      "summ_pass": "거기에 상고이유에서 주장하는 바와 같은 강제집행면탈죄의 객체에 대한 법리오해 등의 위법이 있다고 할 수 없다."
    }
  ],
  "keyword_tagg": [
    {
      "id": 1,
      "keyword": "강제집행면탈"
    }
  ],
  "Reference_info": {
    "reference_rules": "[1] 형법 제327조 [2] 형법 제327조, 부동산 실권리자명의 등기에 관한 법률 제4조 제2항",
    "reference_court_case": "[1] 대법원 2001. 11. 27. 선고 2001도4759 판결(공2002상, 231) [2] 대법원 2005. 1. 28. 선고 2002다66922 판결(공2005상, 393)"
  },
  "Class_info": {
    "class_name": "형사A(생활형)",
    "instance_name": "소유권확인"
  }
}