{
  "info": {
    "id": 38015482,
    "dataType": "판결문",
    "caseNm": "업무상과실치사·체육시설의설치·이용에관한법률위반",
    "caseTitle": "전주지방법원 2008. 3. 25. 선고 2007고정701 판결 : 확정",
    "courtType": "판례(하급심)",
    "courtNm": "전주지방법원",
    "judmnAdjuDe": "2008-03-25",
    "caseNoID": "2007고정701",
    "caseNo": "2007고정701"
  },
  "jdgmn": "스키장에서 안전관리를 책임지는 사람의 업무상 주의의무",
  "jdgmnInfo": [
    {
      "question": "스키장에서 피해자가 미끄러지면서 안전망을 찢고 지주봉에 머리를 부딪쳐 그 충격으로 사망했을 경우, 스키장의 안전관리를 책임지는 자로서는 안전사고 위험이 있는 곳에는 안전사고를 미연에 방지할 업무상 주의의무가 있다고 책임을 물을 수 있는가?",
      "answer": "긍정"
    }
  ],
  "Summary": [
    {
      "summ_contxt": "피고인 3 주식회사 스키장에서 스키장의 안전관리를 책임지는 피고인들은 피해자가 피고인 3 주식회사 스키장에서 앞으로 넘어지면서 바닥에 머리를 부딪쳐 사망한 것으로 피고인들의 안전사고 방지를 위한 주의의무위반과 이 사건 사망사고와는 인과관계가 없다는 취지로 주장하지만, 피해자의 상처위치나 뚫어진 안전망의 현황 등에 비추어 보면 피해자가 미끄러지면서 안전망을 찢고 지주봉에 머리를 부딪쳐 그 충격으로 사망한 사실을 인정할 수 있으므로 위 주장은 이유가 없다.",
      "summ_pass": "스키장의 안전관리를 책임지는 자로서는 안전사고 위험이 있는 곳에는 안전사고를 미연에 방지할 업무상 주의의무가 있다."
    }
  ],
  "keyword_tagg": [
    {
      "id": 1,
      "keyword": "주의의무위반"
    },
    {
      "id": 2,
      "keyword": "주식회사"
    }
  ],
  "Reference_info": {
    "reference_rules": "형법 제268조, 구 체육시설의 설치·이용에 관한 법률(2007. 4. 11. 법률 제8349호로 전문개정되기 전의 것) 제42조 제2항 제3호(현행 제38조 제2항 제2호 참조), 제27조(현행 제24조 제1항 참조), 제43조(현행 제39조 참조)",
    "reference_court_case": ""
  },
  "Class_info": {
    "class_name": "형사A(생활형)",
    "instance_name": "업무상과실"
  }
}