{
  "info": {
    "id": 41014797,
    "dataType": "판결문",
    "caseNm": "주거침입·재물손괴",
    "caseTitle": "대법원 2008. 5. 8. 선고 2007도11322 판결",
    "courtType": "판례(대법원)",
    "courtNm": "대법원",
    "judmnAdjuDe": "2008-05-08",
    "caseNoID": "2007도11322",
    "caseNo": "2007도11322"
  },
  "jdgmn": "[1] 권리자가 자신의 권리를 실행하기 위하여 법정 절차에 의하지 않고 건조물에 침입한 경우, 주거침입죄가 성립하는지 여부(적극)\n[2] 다른 사람의 주택에 무단 침입한 범죄사실로 이미 유죄판결을 받은 사람이 판결 확정 후에도 퇴거하지 않은 채 계속하여 당해 주택에 거주한 사안에서, 판결확정 이후의 행위는 별도의 주거침입죄를 구성한다고 한 사례",
  "jdgmnInfo": [
    {
      "question": "다른 사람의 주택에 무단 침입한 범죄사실로 이미 유죄판결을 받은 사람이 판결 확정 후에도 퇴거하지 않은 채 계속하여 당해 주택에 거주한 사안에서, 판결확정 이후의 행위는 별도의 주거침입죄를 구성하는가?",
      "answer": "긍정"
    }
  ],
  "Summary": [
    {
      "summ_contxt": "주거침입죄는 사실상의 주거의 평온을 보호법익으로 하는 것이므로, 그 주거자 또는 간수자가 건조물 등에 거주 또는 간수할 권리를 가지고 있는가의 여부는 범죄의 성립을 좌우하는 것이 아니며, 점유할 권리 없는 자의 점유라 하더라도 그 주거의 평온은 보호되어야 할 것이므로, 권리자가 그 권리를 실행함에 있어 법에 정하여진 절차에 의하지 아니하고 그 건조물 등에 침입한 경우에는 주거침입죄가 성립한다. 다른 사람의 주택에 무단 침입한 범죄사실로 이미 유죄판결을 받은 사람이 그 판결이 확정된 후에도 퇴거하지 않은 채 계속하여 당해 주택에 거주한 사안에서, 위 판결 확정 이후의 행위는 별도의 주거침입죄를 구성한다.",
      "summ_pass": "다른 사람의 주택에 무단 침입한 범죄사실로 이미 유죄판결을 받은 사람이 그 판결이 확정된 후에도 퇴거하지 않은 채 계속하여 당해 주택에 거주한 사안에서, 위 판결 확정 이후의 행위는 별도의 주거침입죄를 구성한다."
    }
  ],
  "keyword_tagg": [
    {
      "id": 1,
      "keyword": "주거침입"
    }
  ],
  "Reference_info": {
    "reference_rules": "[1] 형법 제319조 [2] 형법 제319조",
    "reference_court_case": "[1] 대법원 1983. 3. 8. 선고 82도1363 판결(공1983, 677), 대법원 1987. 11. 10. 선고 87도1760 판결(공1988, 124), 대법원 2007. 7. 27. 선고 2006도3137 판결"
  },
  "Class_info": {
    "class_name": "형사A(생활형)",
    "instance_name": "폭행"
  }
}