{
  "info": {
    "id": 38016038,
    "dataType": "판결문",
    "caseNm": "특정경제범죄가중처벌등에관한법률위반(수재등)·특정경제범죄가중처벌등에관한법률위반(사기)",
    "caseTitle": "대구고등법원 2007. 6. 14. 선고 2007노15 판결 : 상고",
    "courtType": "판례(하급심)",
    "courtNm": "대구고등법원",
    "judmnAdjuDe": "2007-06-14",
    "caseNoID": "2007노15",
    "caseNo": "2007노15"
  },
  "jdgmn": "[1] 형법 제130조에서 정한 제3자 뇌물제공죄에 있어서의 ‘부정한 청탁’의 의미가 특정경제범죄 가중처벌 등에 관한 법률 제5조 제2항의 ‘부정한 청탁’의 의미와 동일한지 여부(적극)\n[2] 특정경제범죄 가중처벌 등에 관한 법률 제5조 제2항에 정한 ‘부정한 청탁’인지 여부의 판단 방법\n[3] 금융기관 직원이 대출신청과 관련하여 자신이 대출하여 준 종전의 다른 대출자의 연체이자 문제를 거론함으로써 위 대출신청자로부터 그 연체이자를 대납하겠으니 자신의 대출 건을 잘 처리해 달라는 부탁을 받고 이를 대출하여 준 후에, 이 대출자로부터 위 다른 대출자의 연체이자를 대납받은 사안에서, 위 금융기관의 직원의 행위가 특정경제범죄 가중처벌 등에 관한 법률상의 ‘직무에 관한 부정한 청탁’을 받고 제3자인 소속 금융기관에게 이익을 공여하게 한 경우에 해당한다고 본 사례",
  "jdgmnInfo": [
    {
      "question": "형법상 제3자 뇌물제공죄에 있어서의 ‘부정한 청탁’의 의미는 특정경제범죄 가중처벌 등에 관한 법률 제5조 제2항에도 그대로 타당하다고 볼 수 있는가?",
      "answer": "긍정"
    }
  ],
  "Summary": [
    {
      "summ_contxt": "형법상의 뇌물죄는 공무원의 직무집행의 공정과 이에 대한 사회의 신뢰 및 직무집행의 불가매수성을 그 보호법익으로 하는 것이므로 형법 제130조의 제3자 뇌물제공죄에 있어서 ‘부정한 청탁’은 그 청탁이 위법하거나 부당한 직무집행을 내용으로 하는 경우는 물론, 비록 청탁의 대상이 된 직무집행 그 자체는 위법·부당한 것이 아니라 하더라도 당해 직무집행을 어떤 대가관계와 연결시켜 그 직무집행에 관한 대가의 교부를 내용으로 하는 경우도 해당하는데, 금융기관의 임·직원이 직무와 관련하여 금품을 수수한 행위 등을 처벌하는 특정경제범죄 가중처벌 등에 관한 법률 제5조의 입법취지가 금융기관은 특별법령에 의하여 설립되고 그 사업 내지 업무가 공공적 성격을 지니고 있어 국가의 경제정책과 국민경제에 중대한 영향을 미치기 때문에 그 임·직원에 대하여 일반 공무원과 마찬가지로 엄격한 청렴의무를 부과하여 그 직무의 불가매수성을 확보하고자 하는 데 있는 이상, 위와 같은 제3자 뇌물제공죄에 있어서의 ‘부정한 청탁’의 의미는 특정경제범죄 가중처벌 등에 관한 법률 제5조 제2항에도 그대로 타당하다.",
      "summ_pass": "특정경제범죄 가중처벌 등에 관한 법률 제5조의 입법취지가 금융기관은 특별법령에 의하여 설립되고 그 사업 내지 업무가 공공적 성격을 지니고 있어 국가의 경제정책과 국민경제에 중대한 영향을 미치기 때문에 그 임·직원에 대하여 일반 공무원과 마찬가지로 엄격한 청렴의무를 부과하여 그 직무의 불가매수성을 확보하고자 하는 데 있는 이상, 위와 같은 제3자 뇌물제공죄에 있어서의 ‘부정한 청탁’의 의미는 특정경제범죄 가중처벌 등에 관한 법률 제5조 제2항에도 그대로 타당하다."
    }
  ],
  "keyword_tagg": [
    {
      "id": 1,
      "keyword": "대가관계"
    }
  ],
  "Reference_info": {
    "reference_rules": "[1] 형법 제130조, 특정경제범죄 가중처벌 등에 관한 법률 제5조 제2항 [2] 특정경제범죄 가중처벌 등에 관한 법률 제5조 제2항 [3] 특정경제범죄 가중처벌 등에 관한 법률 제5조 제2항",
    "reference_court_case": "[1] 대법원 2000. 2. 22. 선고 99도4942 판결(공2000상, 881), 대법원 2006. 6. 15. 선고 2004도3424 판결(공2006하, 1384)"
  },
  "Class_info": {
    "class_name": "형사A(생활형)",
    "instance_name": "특정경제범죄가중처벌"
  }
}