{
  "info": {
    "id": 38015494,
    "dataType": "판결문",
    "caseNm": "폭력행위등처벌에관한법률위반(단체등의구성·활동)·폭력행위등처벌에관한법률위반(단체등의살인)[일부에대하여인정된죄명상해치사·폭력행위등처벌에관한법률위반(단체등의집단·흉기등상해)]·살인미수·폭력행위등처벌에관한법률위반(단체등의집단·흉기등상해)·폭력행위등처벌에관한법률위반(집단·흉기등상해)·폭력행위등처벌에관한법률위반(공동폭행)·폭력행위등처벌에관한법률위반(공동재물손괴등)·폭력행위등처벌에관한법률위반(집단·흉기등재물손괴등)·폭력행위등처벌에관한법률위반(공동공갈)·재물손괴·폭행·폭력행위등처벌에관한법률위반(공동상해)",
    "caseTitle": "서울고등법원 2007. 12. 13. 선고 2007노1826 판결 : 상고",
    "courtType": "판례(하급심)",
    "courtNm": "서울고등법원",
    "judmnAdjuDe": "2007-12-13",
    "caseNoID": "2007노1826",
    "caseNo": "2007노1826"
  },
  "jdgmn": "폭력행위 등 처벌에 관한 법률 제4조 제1항에 규정된 범죄단체 구성·가입죄와 범죄단체 활동죄의 죄수관계(=실체적 경합)",
  "jdgmnInfo": [
    {
      "question": "범죄단체 구성·가입죄와 범죄단체 활동죄가 포괄일죄의 관계에 있다고 보아, 피고인이 이미 범죄단체인 가입으로 인한 폭력행위 등 처벌에 관한 법률 위반의 점에 관하여 공소가 제기가 된 후에, 다시 피고인에 대하여 기소된 범죄단체 구성원으로서의 활동으로 인한 폭력행위 등 처벌에 관한 법률 위반(단체 등의 구성·활동)의 점에 관한 공소는 이중기소에 해당한다고 하여 공소를 기각한 판결은 타당한가?",
      "answer": "부정"
    }
  ],
  "Summary": [
    {
      "summ_contxt": "폭력행위 등 처벌에 관한 법률 제4조 제1항에서 범죄단체 가입행위와 범죄단체 활동행위가 같은 조항에 함께 규정되어 있고, 그 법정형이 동일하다고 하더라도, 주관적 구성요건인 범의와 객관적 구성요건인 행위 내용에 있어서 명백히 구별되고, 범죄단체에 가입하는 경우에는 그 이후 그 범죄단체의 구성원으로 활동하는 것이 통상적이기는 하나 범죄단체에 가입하고도 실제 활동에까지는 이르지 않은 경우도 전혀 없지 않은 만큼 범죄단체 활동행위를 범죄단체 가입행위의 필연적인 결과라고 볼 수도 없으며, 범죄단체 구성·가입 후 계속적으로 활동하는 경우를 별도로 처벌할 수 있도록 하기 위하여 범죄단체 활동죄를 신설한 입법 취지 등에 비추어 볼 때에 범죄단체 구성·가입죄와 범죄단체 활동죄는 포괄일죄의 관계가 아니라 실체적 경합범의 관계에 있다고 보아야 한다. 한편, 원심은 반국가단체에 가입하고 그 후 지도적 임무에 종사한 경우에 있어서 이를 포괄하여 일죄로 처단하여야 한다는 판례를 범죄단체 구성·가입죄와 범죄단체 활동죄가 포괄일죄의 관계에 있다는 점에 대한 논거로 들고 있으나, 위 판례는 규정 형식과 입법 취지를 달리하는 범죄단체 구성·가입행위와 범죄단체 활동행위의 관계에 관하여 논함에 있어 인용될 것은 아니다. 그렇다면 범죄단체 구성·가입죄와 범죄단체 활동죄가 포괄일죄의 관계에 있다고 보아 피고인 9에 대한 공소사실 중 범죄단체 활동의 점에 대하여 이중기소를 이유로 공소를 기각한 원심 제1. 판결은 법리를 오해하여 판결에 영향을 미친 위법이 있고, 한편 원심 제1. 판결 중 피고인 9에 대하여 유죄로 인정한 나머지 부분과 위 공소기각 부분은 형법 제37조 전단의 경합범관계에 있어서 하나의 형을 선고하여야 하므로, 결국 원심 제1. 판결 중 피고인 9에 대한 유죄 부분과 공소기각 부분은 더 이상 유지될 수 없다.",
      "summ_pass": "원심은 반국가단체에 가입하고 그 후 지도적 임무에 종사한 경우에 있어서 이를 포괄하여 일죄로 처단하여야 한다는 판례를 범죄단체 구성·가입죄와 범죄단체 활동죄가 포괄일죄의 관계에 있다는 점에 대한 논거로 들고 있으나, 위 판례는 규정 형식과 입법 취지를 달리하는 범죄단체 구성·가입행위와 범죄단체 활동행위의 관계에 관하여 논함에 있어 인용될 것은 아니다. 그렇다면 범죄단체 구성·가입죄와 범죄단체 활동죄가 포괄일죄의 관계에 있다고 보아 피고인 9에 대한 공소사실 중 범죄단체 활동의 점에 대하여 이중기소를 이유로 공소를 기각한 원심 제1. 판결은 법리를 오해하여 판결에 영향을 미친 위법이 있다."
    }
  ],
  "keyword_tagg": [
    {
      "id": 1,
      "keyword": "반국가단체"
    },
    {
      "id": 2,
      "keyword": "범죄단체"
    },
    {
      "id": 3,
      "keyword": "포괄일죄"
    },
    {
      "id": 4,
      "keyword": "활동행위"
    },
    {
      "id": 5,
      "keyword": "범죄단체 활동죄"
    },
    {
      "id": 6,
      "keyword": "이중기소"
    }
  ],
  "Reference_info": {
    "reference_rules": "형법 제37조, 제38조 제1항, 폭력행위 등 처벌에 관한 법률 제4조 제1항",
    "reference_court_case": ""
  },
  "Class_info": {
    "class_name": "형사A(생활형)",
    "instance_name": "폭력행위"
  }
}