{
  "info": {
    "id": 41016746,
    "dataType": "판결문",
    "caseNm": "공직선거법위반",
    "caseTitle": "대법원 2007. 10. 25. 선고 2007도4069 판결",
    "courtType": "판례(대법원)",
    "courtNm": "대법원",
    "judmnAdjuDe": "2007-10-25",
    "caseNoID": "2007도4069",
    "caseNo": "2007도4069"
  },
  "jdgmn": "[1] 공직선거법 제86조 제1항 제2호에서 공무원에 대하여 금지하는 ‘선거운동의 기획에 참여하거나 그 기획의 실시에 관여하는 행위’의 의미\n[2] 지방자치단체장 선거와 관련하여 지방자치단체 소속 공무원들이 선거에 출마한 현직 단체장인 후보자의 인터뷰 자료와 토론회 자료의 작성에 관여하거나 선거용 프로필을 작성한 행위가 공직선거법 제86조 제1항 제2호에서 금지하는 ‘선거운동의 기획에 참여하거나 그 기획의 실시에 관여하는 행위’에 해당한다고 한 사례\n[3] 공무원 아닌 자가 공무원의 선거운동 기획 참여행위에 공동 가공하는 경우와 후보자인 공무원이 자신을 위한 다른 공무원의 참여행위에 공동 가공한 경우 모두 공직선거법 제255조 제1항 제10호 위반죄의 공동정범이 되는지 여부(적극)\n[4] 선거사무관계자에 대한 수당과 실비보상을 규정한 공직선거법 제135조 제3항이 선거일 전의 행위에 대하여만 적용되는지 여부(소극)\n[5] 공직선거법 제118조에서 정한 ‘일반 선거구민’의 의미",
  "jdgmnInfo": [
    {
      "question": "공무원 아닌 자가 공무원의 선거운동 기획 참여행위에 공동 가공하는 경우와 후보자인 공무원이 자신을 위한 다른 공무원의 참여행위에 공동 가공한 경우 모두 공직선거법 제255조 제1항 제10호 위반죄의 공동정범이 되는가?",
      "answer": "긍정"
    }
  ],
  "Summary": [
    {
      "summ_contxt": "공직선거법 제86조 제1항 제2호는 공무원 등 공적 지위에 있는 자들이 선거운동의 기획에 참여하거나 그 기획의 실시에 관여하는 행위를 금지하면서, 제255조 제1항 제10호는 ‘제86조 제1항 제2호에 위반한 행위를 하거나 하게 한 자’를 처벌대상으로 삼고 있는바, 공무원 등 공적 지위에 있는 자가 아니라고 하더라도 공무원 등 공적 지위에 있는 자의 선거운동 기획에 참여하는 행위에 공동 가공하는 경우에는 제255조 제1항 제10호 위반의 공동정범으로서의 죄책을 면할 수 없는 것이고, 이는 공무원이 자기 자신을 위한 다른 공무원의 선거운동 기획 참여행위에 공동 가공하는 경우에도 마찬가지이다.",
      "summ_pass": "공무원 등 공적 지위에 있는 자가 아니라고 하더라도 공무원 등 공적 지위에 있는 자의 선거운동 기획에 참여하는 행위에 공동 가공하는 경우에는 제255조 제1항 제10호 위반의 공동정범으로서의 죄책을 면할 수 없는 것이고, 이는 공무원이 자기 자신을 위한 다른 공무원의 선거운동 기획 참여행위에 공동 가공하는 경우에도 마찬가지이다."
    }
  ],
  "keyword_tagg": [
    {
      "id": 1,
      "keyword": "공무원의 선거운동"
    },
    {
      "id": 2,
      "keyword": "공직선거법"
    },
    {
      "id": 3,
      "keyword": "공동정범"
    }
  ],
  "Reference_info": {
    "reference_rules": "[1] 공직선거법 제86조 제1항 제2호 [2] 공직선거법 제86조 제1항 제2호, 제255조 제1항 제10호 [3] 공직선거법 제86조 제1항 제2호, 제255조 제1항 제10호, 형법 제30조 [4] 공직선거법이 제135조 제3항, 제230조 제1항 제4호 [5] 공직선거법 제118조, 제256조 제4항 제11호",
    "reference_court_case": "[1] 대법원 2004. 3. 25. 선고 2003도2932 판결 [4] 대법원 2002. 1. 22. 선고 2001도4014 판결(공2002상, 607) [5] 대법원 1999. 3. 9. 선고 98도3169 판결(공1999상, 697)"
  },
  "Class_info": {
    "class_name": "형사A(생활형)",
    "instance_name": "공직선거법위반"
  }
}