{
  "info": {
    "id": 41014497,
    "dataType": "판결문",
    "caseNm": "업무방해·폭력행위등처벌에관한법률위반(공동주거침입)",
    "caseTitle": "대법원 2007. 12. 28. 선고 2007도5204 판결",
    "courtType": "판례(대법원)",
    "courtNm": "대법원",
    "judmnAdjuDe": "2007-12-28",
    "caseNoID": "2007도5204",
    "caseNo": "2007도5204"
  },
  "jdgmn": "[1] 직장 또는 사업장시설을 점거하는 형태의 쟁의행위의 정당성의 한계\n[2] 노동조합의 조합원들이 쟁의행위로 사용자인 서울특별시건축사회의 사무실 일부를 점거한 사안에서, 이는 부분적·병존적 점거로 정당한 쟁의행위에 해당하므로 업무방해죄의 책임을 물을 수 없다고 한 사례\n[3] 노동조합 및 노동관계조정법 시행령 제17조의 서면신고의무의 미준수만을 이유로 쟁의행위의 정당성을 부정할 수 있는지 여부(소극)\n[4] 사용자의 직장폐쇄가 정당한 쟁의행위로 인정되기 위한 요건 및 적법한 쟁의행위로 사업장을 점거한 근로자가 부당한 직장폐쇄에 대항하여 퇴거요구에 불응한 것이 퇴거불응죄를 구성하는지 여부(소극)\n[5] 노동조합이 파업을 시작한 지 불과 4시간 만에 사용자가 바로 직장폐쇄 조치를 취한 것이 정당한 쟁의행위로 인정되지 아니하므로, 사용자측 시설을 정당하게 점거한 조합원들이 사용자의 퇴거요구에 불응하였더라도 퇴거불응죄가 성립하지 아니한다고 한 사례",
  "jdgmnInfo": [
    {
      "question": "사용자의 직장폐쇄가 정당한 쟁의행위로 인정되기 위한 요건 및 적법한 쟁의행위로 사업장을 점거한 근로자가 부당한 직장폐쇄에 대항하여 퇴거요구에 불응한 것이 퇴거불응죄를 구성하는가?",
      "answer": "부정"
    }
  ],
  "Summary": [
    {
      "summ_contxt": "직장 또는 사업장시설의 점거는 적극적인 쟁의행위의 한 형태로서 그 점거의 범위가 직장 또는 사업장시설의 일부분이고 사용자측의 출입이나 관리지배를 배제하지 않는 병존적인 점거에 지나지 않을 때에는 정당한 쟁의행위로 볼 수 있으나, 이와 달리 직장 또는 사업장시설을 전면적, 배타적으로 점거하여 조합원 이외의 자의 출입을 저지하거나 사용자측의 관리지배를 배제하여 업무의 중단 또는 혼란을 야기케 하는 것과 같은 행위는 이미 정당성의 한계를 벗어난 것이라고 볼 수밖에 없다.",
      "summ_pass": "조합원 이외의 자의 출입을 저지하거나 사용자측의 관리지배를 배제하여 업무의 중단 또는 혼란을 야기케 하는 것과 같은 행위는 이미 정당성의 한계를 벗어난 것이라고 볼 수밖에 없다."
    }
  ],
  "keyword_tagg": [
    {
      "id": 1,
      "keyword": "정당한 쟁의행위"
    },
    {
      "id": 2,
      "keyword": "조합원"
    }
  ],
  "Reference_info": {
    "reference_rules": "[1] 형법 제20조, 제314조, 노동조합 및 노동관계조정법 제4조, 제37조 제1항 [2] 형법 제20조, 제314조, 노동조합 및 노동관계조정법 제4조, 제37조 제1항 [3] 형법 제20조, 노동조합 및 노동관계조정법 제4조, 제37조 제1항 / 노동조합 및 노동관계조정법 시행령 제17조 [4] 형법 제319조, 노동조합 및 노동관계조정법 제46조 [5] 형법 제319조, 노동조합 및 노동관계조정법 제46조",
    "reference_court_case": "[1] 대법원 1990. 10. 12. 선고 90도1431 판결(공1990, 2334), 대법원 1991. 6. 11. 선고 91도383 판결(공1991, 1959) [4] 대법원 2002. 9. 24. 선고 2002도2243 판결(공2002하, 2629), 대법원 2003. 6. 13. 선고 2003두1097 판결(공2003하, 1540), 대법원 2007. 3. 29. 선고 2006도9307 판결"
  },
  "Class_info": {
    "class_name": "형사A(생활형)",
    "instance_name": "폭행"
  }
}