{
  "info": {
    "id": 41014817,
    "dataType": "판결문",
    "caseNm": "폭력행위등처벌에관한법률위반(집단·흉기등상해){인정된죄명:폭력행위등처벌에관한법률위반(집단·흉기등협박)}",
    "caseTitle": "대법원 2008. 3. 27. 선고 2007도8772 판결",
    "courtType": "판례(대법원)",
    "courtNm": "대법원",
    "judmnAdjuDe": "2008-03-27",
    "caseNoID": "2007도8772",
    "caseNo": "2007도8772"
  },
  "jdgmn": "[1] 법원이 공소장변경 없이 직권으로 공소장에 기재된 공소사실과 다른 범죄사실을 인정하기 위한 요건\n[2] 원심이 유죄로 인정한 폭력행위 등 처벌에 관한 법률 위반(집단·흉기 등 협박)행위가 폭력행위 등 처벌에 관한 법률 위반(집단·흉기 등 폭행)의 예비적 공소사실에 포함되어 있다고 단정하기도 어려울 뿐 아니라 공소장변경절차 없이 협박의 범죄사실을 유죄로 인정한 것은 피고인의 방어권 행사에 실질적인 불이익을 초래한다고 본 사례",
  "jdgmnInfo": [
    {
      "question": "법원이 공소장의 변경 없이 직권으로 공소장에 기재된 공소사실과 다른 범죄사실을 인정하기 위해서는 공소사실의 동일성이 인정되는 범위 내이어야 하는가?",
      "answer": "긍정"
    }
  ],
  "Summary": [
    {
      "summ_contxt": "협박 행위가 폭행의 예비적 공소사실에 포함되어 있다고 단정하기도 어려울 뿐 아니라 예비적 공소사실과 원심이 인정한 협박의 범죄사실은 그 죄명과 적용법조가 다르고, 폭행과 협박은 그 보호법익과 행위태양 및 고의의 내용도 서로 달라 그에 대응할 피고인의 방어행위 역시 달라질 수밖에 없다고 할 것인데, 기록에 의하면 원심까지의 심리절차에서 공소사실 외에 원심이 인정한 바와 같은 범죄사실에 관하여 충분한 심리가 이루어지지 아니하여, 피고인으로서도 협박의 점이 심판의 대상으로 될 것을 예상하였거나 그에 대한 방어권을 행사할 기회가 주어졌다고 볼 수 없다.",
      "summ_pass": "원심까지의 심리절차에서 공소사실 외에 원심이 인정한 바와 같은 범죄사실에 관하여 충분한 심리가 이루어지지 아니하여, 피고인으로서도 협박의 점이 심판의 대상으로 될 것을 예상하였거나 그에 대한 방어권을 행사할 기회가 주어졌다고 볼 수 없다."
    }
  ],
  "keyword_tagg": [
    {
      "id": 1,
      "keyword": "예비적 공소사실"
    },
    {
      "id": 2,
      "keyword": "분한 심리"
    }
  ],
  "Reference_info": {
    "reference_rules": "[1] 형사소송법 제254조, 제298조 [2] 형사소송법 제254조, 제298조, 폭력행위 등 처벌에 관한 법률 제2조 제1항 제1호, 제3조 제1항, 형법 제260조 제1항, 제283조 제1항",
    "reference_court_case": "[1] 대법원 2003. 6. 13. 선고 2003도1060 판결(공2003하, 1573), 대법원 2003. 7. 25. 선고 2003도2252 판결(공2003하, 1898), 대법원 2006. 5. 25. 선고 2004도3934 판결, 대법원 2006. 5. 26. 선고 2006도1716 판결"
  },
  "Class_info": {
    "class_name": "형사A(생활형)",
    "instance_name": "폭행"
  }
}