{
  "info": {
    "id": 41014829,
    "dataType": "판결문",
    "caseNm": "저작권법위반",
    "caseTitle": "대법원 2008. 2. 28. 선고 2007도8705 판결",
    "courtType": "판례(대법원)",
    "courtNm": "대법원",
    "judmnAdjuDe": "2008-02-28",
    "caseNoID": "2007도8705",
    "caseNo": "2007도8705"
  },
  "jdgmn": "[1] 공소사실의 동일성 여부의 판단 기준\n[2] 항소심에서 공소사실 중 나머지 사실은 그대로 둔 채 공소사실의 피해자만 변경한 사안에서, 나머지 공소사실에 비추어 공소장 변경 전후의 공소사실에 대해 동일성을 인정할 수 있다고 한 사례",
  "jdgmnInfo": [
    {
      "question": "공소사실의 피해자만 변경한 사안에서, 나머지 공소사실에 비추어 공소장 변경 전후의 공소사실에 대해 동일성이 인정될 수 있는가?",
      "answer": "긍정"
    }
  ],
  "Summary": [
    {
      "summ_contxt": "공소사실의 동일성의 여부는 그 사실의 기초가 되는 사회적 사실관계가 기본적인 점에서 동일한가의 여부를 구체적 사실에 관하여 개별적으로 판단하여 결정하여야 할 것인바(대법원 1982. 12. 28. 선고 82도2156 판결 등 참조), 이 사건 공소사실의 피해자를 주식회사 ○○○에서 △△ 디자인(△△ Design Pty Ltd)으로 변경한다 하더라도 피고인이 공소사실 기재 일시 장소에서 저작권 침해행위를 하였다는 사실과 침해행위의 태양 및 침해된 저작권이 어떠한 저작물에 대한 것인지에 변함이 없는 이상, 위 공소장변경 전후의 공소사실은 상호 동일성을 인정할 수 있어 그 공소장변경은 적법하다.",
      "summ_pass": "공소장변경 전후의 공소사실은 상호 동일성을 인정할 수 있어 그 공소장변경은 적법하다."
    }
  ],
  "keyword_tagg": [
    {
      "id": 1,
      "keyword": "공소사실의 동일성"
    },
    {
      "id": 2,
      "keyword": "사회적 사실관계"
    }
  ],
  "Reference_info": {
    "reference_rules": "[1] 형사소송법 제298조 제1항 [2] 형사소송법 제254조 제4항, 제298조",
    "reference_court_case": "[1] 대법원 1982. 12. 28. 선고 82도2156 판결(공1983, 390), 대법원 1994. 3. 22. 선고 93도2080 전원합의체 판결(공1994상, 1368)"
  },
  "Class_info": {
    "class_name": "형사A(생활형)",
    "instance_name": "폭행"
  }
}