{
  "info": {
    "id": 41016744,
    "dataType": "판결문",
    "caseNm": "사기",
    "caseTitle": "대법원 2007. 11. 29. 선고 2007도8549 판결",
    "courtType": "판례(대법원)",
    "courtNm": "대법원",
    "judmnAdjuDe": "2007-11-29",
    "caseNoID": "2007도8549",
    "caseNo": "2007도8549"
  },
  "jdgmn": "[1] 개인파산·면책제도를 통하여 면책을 받은 채무자에 대한 차용금 사기죄의 심리방법\n[2] 차용금 사기죄로 기소된 피고인이 파산신청을 하여 면책허가결정이 확정된 사안에서, 피고인이 파산신청 2년 전부터 불과 40여 일 전까지 여러 사람들로부터 돈을 빌려서 채무변제와 생활비 등으로 사용한 것은 사기죄를 구성한다고 한 사례",
  "jdgmnInfo": [
    {
      "question": "개인파산·면책제도를 통하여 면책을 받은 채무자에 대한 차용금 사기죄 인정 여부는 그 사기로 인한 손해배상채무가 면책대상에서 제외되어 경제적 회생을 도모하려는 채무자의 의지를 꺾는 결과가 될 수 있다는 점을 감안하여 보다 신중한 판단을 요한다고 보아야 하는가?",
      "answer": "긍정"
    }
  ],
  "Summary": [
    {
      "summ_contxt": "채무자회생 및 파산에 관한 법률(이하 ‘법’이라 한다)상의 개인파산·면책제도의 주된 목적 중의 하나는 파산선고 당시 자신의 재산을 모두 파산배당을 위하여 제공한 정직하였으나 불운한 채무자의 파산선고 전의 채무의 면책을 통하여 그가 파산선고 전의 채무로 인한 압박을 받거나 의지가 꺾이지 않고 앞으로 경제적 회생을 위한 노력을 할 수 있는 여건을 제공하는 것이다. 그러나 한편, 법은 채권자 등 이해관계인의 법률관계를 조정하고 파산제도의 남용을 방지하기 위하여, 법 제309조에 따라 법원은 파산신청이 성실하지 아니하거나 파산절차의 남용에 해당한다고 인정되는 때에는 파산신청을 기각할 수 있도록 하고, 법 제564조 제1항의 각 호에 해당하는 경우에는 법원이 면책을 불허가할 수 있도록 하고, ‘채무자가 고의로 가한 불법행위로 인한 손해배상청구권’ 등 법 제566조의 각 호의 청구권은 면책대상에서 제외하며, 법 제569조에 따라 채무자가 파산재단에 속하는 재산을 은닉 또는 손괴하는 등 사기파산죄로 유죄의 확정판결을 받거나 채무자가 부정한 방법으로 면책을 받은 경우 법원의 결정에 의하여 면책이 취소될 수 있도록 하고 있다. 따라서 개인파산·면책제도를 통하여 면책을 받은 채무자에 대한 차용금 사기죄 인정 여부는 그 사기로 인한 손해배상채무가 면책대상에서 제외되어 경제적 회생을 도모하려는 채무자의 의지를 꺾는 결과가 될 수 있다는 점을 감안하여 보다 신중한 판단을 요한다 할 것이다.",
      "summ_pass": "따라서 개인파산·면책제도를 통하여 면책을 받은 채무자에 대한 차용금 사기죄 인정 여부는 그 사기로 인한 손해배상채무가 면책대상에서 제외되어 경제적 회생을 도모하려는 채무자의 의지를 꺾는 결과가 될 수 있다는 점을 감안하여 보다 신중한 판단을 요한다 할 것이다."
    }
  ],
  "keyword_tagg": [
    {
      "id": 1,
      "keyword": "사기"
    },
    {
      "id": 2,
      "keyword": "면책제도"
    }
  ],
  "Reference_info": {
    "reference_rules": "[1] 형법 제347조 제1항, 채무자회생 및 파산에 관한 법률 제309조, 제564조 제1항, 제566조, 제569조 [2] 형법 제347조 제1항",
    "reference_court_case": ""
  },
  "Class_info": {
    "class_name": "형사A(생활형)",
    "instance_name": "사기"
  }
}