{
  "info": {
    "id": 41014830,
    "dataType": "판결문",
    "caseNm": "업무상배임",
    "caseTitle": "대법원 2008. 2. 14. 선고 2007도7716 판결",
    "courtType": "판례(대법원)",
    "courtNm": "대법원",
    "judmnAdjuDe": "2008-02-14",
    "caseNoID": "2007도7716",
    "caseNo": "2007도7716"
  },
  "jdgmn": "[1] 이른바 불량대출이 배임죄를 구성하기 위한 요건\n[2] 회수할 수 없게 된 은행채권을 회수하기 위한 신규대출과 배임죄의 성부\n[3] 이미 신용불량자로 등록되어 있어 추가대출이 불가능한데도 마치 그 연체대출금이 모두 변제된 것처럼 전산조작을 하여 부정대출을 해주었더라도, 이로 인하여 결과적으로 회수한 채권액이 더 많아졌다면 계산상 대출금융기관에게 손해가 아닌 이익이 되었다고 볼 여지가 있다고 한 사례",
  "jdgmnInfo": [
    {
      "question": "피고인들이 대출 관련 규정을 준수하지 않았다면 이 사건 대출 당시 이 사건 금고에 재산상 손해를 발생하게 한다는 인식이나 의사가 있었다고 단정하여야 하는가?",
      "answer": "부정"
    }
  ],
  "Summary": [
    {
      "summ_contxt": "은행의 지점장 등 대출업무를 담당하는 자가 그 업무취급에 관한 은행의 관계규정을 위반하여 담보물에 대한 대출한도액을 초과하여 대출하거나 담보로 할 수 없는 물건을 담보로 하여 대출을 하는 등 이른바 불량대출을 하였을 경우에 그것이 배임죄를 구성하려면 그와 같은 대출행위가 배임이 된다는 인식하에 대출금 채권의 확보를 위한 조치를 하지 아니하여 회수의 확실성이 없는 채권을 발생하게 함으로써 은행에 재산상의 손해를 가하는 등의 요건을 갖추어야 할 것이므로 그 대출이 정상적인 방법으로 회수할 수 없게 된 은행채권을 회수하기 위하여 이루어진 경우에 있어서는 그 대출을 위하여 제공받는 물적, 인적담보에 의한 회수의 가능성과 그렇게 대출함으로써 회수할 수 없게 된 채권을 회수할 수 있는가를 은행의 대출관계 규정이나 업무관행에 따른 통상의 업무집행범위에 비추어 구체적인 상황에 따라 실질적으로 판단하여야 할 것이다.",
      "summ_pass": "그 대출이 정상적인 방법으로 회수할 수 없게 된 은행채권을 회수하기 위하여 이루어진 경우에 있어서는 그 대출을 위하여 제공받는 물적, 인적담보에 의한 회수의 가능성과 그렇게 대출함으로써 회수할 수 없게 된 채권을 회수할 수 있는가를 은행의 대출관계 규정이나 업무관행에 따른 통상의 업무집행범위에 비추어 구체적인 상황에 따라 실질적으로 판단하여야 할 것이다."
    }
  ],
  "keyword_tagg": [
    {
      "id": 1,
      "keyword": "재산상의 손해"
    },
    {
      "id": 2,
      "keyword": "업무집행"
    }
  ],
  "Reference_info": {
    "reference_rules": "[1] 형법 제356조 [2] 형법 제355조 제2항, 제356조 [3] 형법 제355조 제2항, 제356조",
    "reference_court_case": "[1] 대법원 1987. 4. 4. 선고 85도1339 판결(공1987, 837) [2] 대법원 2002. 6. 28. 선고 2000도3716 판결(공2002하, 1877)"
  },
  "Class_info": {
    "class_name": "형사A(생활형)",
    "instance_name": "폭행"
  }
}