{
  "info": {
    "id": 41017723,
    "dataType": "판결문",
    "caseNm": "업무상과실군기누설",
    "caseTitle": "대법원 2007. 12. 13. 선고 2007도3450 판결",
    "courtType": "판례(대법원)",
    "courtNm": "대법원",
    "judmnAdjuDe": "2007-12-13",
    "caseNoID": "2007도3450",
    "caseNo": "2007도3450"
  },
  "jdgmn": "[1] 군형법 제80조에서 말하는 ‘군사상 기밀’의 의미와 판단 기준\n[2] 소위 ‘IPT별 사업분류 현황’은 군사기밀로 지정되거나 대외비로 설정되지 않은채 실무상 평문으로 관리하고 있고, 그 내용도 일반에 공개할 수 있는 것이며 이미 대부분 공개되어 있는 점 등을 이유로, 군형법 제80조의 ‘군사상의 기밀’에 해당하지 않는다고 한 사례",
  "jdgmnInfo": [
    {
      "question": "군형법 제80조에서 말하는 군사상의 기밀이란 반드시 법령에 의하여 기밀사항으로 규정되었거나 기밀로 분류 명시된 사항에 한하지 아니하고 군사상의 필요에 따라 기밀로 된 사항은 물론 객관적, 일반적인 입장에서 외부에 알려지지 않는 것에 상당한 이익이 있는 사항도 포함한다고 할 것인가?",
      "answer": "긍정"
    }
  ],
  "Summary": [
    {
      "summ_contxt": "군형법 제80조는 군사상의 기밀을 누설한 자를 처벌 대상으로 하고 있는바, 여기에서 말하는 군사상의 기밀이란 반드시 법령에 의하여 기밀사항으로 규정되었거나 기밀로 분류 명시된 사항에 한하지 아니하고 군사상의 필요에 따라 기밀로 된 사항은 물론 객관적, 일반적인 입장에서 외부에 알려지지 않는 것에 상당한 이익이 있는 사항도 포함한다고 할 것이나(대법원 1990. 8. 28. 선고 90도230 판결, 대법원 2000. 1. 28. 선고 99도4022 판결 등 참조), 외부로 알려지지 않는 것에 상당한 이익이 있는지 여부는 자료의 작성 경위 및 과정, 누설된 자료의 구체적인 내용, 자료가 외부에 알려질 경우 군사목적상 위해한 결과를 초래할 가능성, 자료가 실무적으로 활용되고 있는 현황, 자료가 외부에 공개된 정도, 국민의 알권리와의 관계 등을 종합적으로 고려하여 판단하여야 한다.",
      "summ_pass": "군형법 제80조에서 말하는 군사상의 기밀이란 반드시 법령에 의하여 기밀사항으로 규정되었거나 기밀로 분류 명시된 사항에 한하지 아니하고 군사상의 필요에 따라 기밀로 된 사항은 물론 객관적, 일반적인 입장에서 외부에 알려지지 않는 것에 상당한 이익이 있는 사항도 포함한다고 할 것이다."
    }
  ],
  "keyword_tagg": [
    {
      "id": 1,
      "keyword": "군형법"
    }
  ],
  "Reference_info": {
    "reference_rules": "[1] 군형법 제80조 [2] 군형법 제80조",
    "reference_court_case": "[1] 대법원 1990. 8. 28. 선고 90도230 판결(공1990, 2061), 대법원 2000. 1. 28. 선고 99도4022 판결(공2000상, 639)"
  },
  "Class_info": {
    "class_name": "형사A(생활형)",
    "instance_name": "업무상과실군기누설"
  }
}