{
  "info": {
    "id": 41014717,
    "dataType": "판결문",
    "caseNm": "배임·명예훼손",
    "caseTitle": "대법원 2007. 8. 23. 선고 2007도3082 판결",
    "courtType": "판례(대법원)",
    "courtNm": "대법원",
    "judmnAdjuDe": "2007-08-23",
    "caseNoID": "2007도3082",
    "caseNo": "2007도3082"
  },
  "jdgmn": "감귤과수원에 대한 근저당권설정자가 과수원을 폐원하고 담보물인 감귤나무를 굴취함으로써 폐원보상비를 수령하는 한편 근저당권자에게 담보가치가 감소되는 손해를 입힌 경우, 배임죄의 죄책을 인정한 사례",
  "jdgmnInfo": [
    {
      "question": "감귤과수원에 대한 근저당권설정자가 과수원을 폐원하고 담보물인 감귤나무를 굴취함으로써 폐원보상비를 수령하는 한편 근저당권자에게 담보가치가 감소되는 손해를 입힌 경우, 배임죄의 죄책이 인정되는가?",
      "answer": "긍정"
    }
  ],
  "Summary": [
    {
      "summ_contxt": "원심은 그 채택증거에 의하여 판시와 같은 사실을 인정한 다음 위 인정사실에 의하면, 피고인은 이 사건 과수원에 대한 근저당권설정자로서 근저당권자인 피해자가 담보목적을 달성할 수 있도록 담보물인 감귤나무를 보관할 의무가 있다고 할 것임에도 이 사건 과수원에 대한 폐원신청을 하고 감귤나무를 굴취함으로써 폐원보상비 상당의 재산상의 이득을 취득하고 피해자로 하여금 근저당권의 담보가치가 감소되는 손해를 입도록 하였으므로 배임죄의 죄책을 면할 수 없다고 판단하였는바, 이는 환송판결의 취지에 따른 것으로서 정당하고 거기에 상고이유에서 주장하는 바와 같은 채증법칙 위반으로 인한 사실오인, 배임죄의 주체에 관한 법리오해 등의 위법이 없다.",
      "summ_pass": "피고인은 이 사건 과수원에 대한 근저당권설정자로서 근저당권자인 피해자가 담보목적을 달성할 수 있도록 담보물인 감귤나무를 보관할 의무가 있다고 할 것임에도 이 사건 과수원에 대한 폐원신청을 하고 감귤나무를 굴취함으로써 폐원보상비 상당의 재산상의 이득을 취득하고 피해자로 하여금 근저당권의 담보가치가 감소되는 손해를 입도록 하였으므로 배임죄의 죄책을 면할 수 없다."
    }
  ],
  "keyword_tagg": [
    {
      "id": 1,
      "keyword": "배임"
    }
  ],
  "Reference_info": {
    "reference_rules": "형법 제355조 제2항",
    "reference_court_case": ""
  },
  "Class_info": {
    "class_name": "형사A(생활형)",
    "instance_name": "배임"
  }
}