{
  "info": {
    "id": 41014819,
    "dataType": "판결문",
    "caseNm": "횡령",
    "caseTitle": "대법원 2008. 3. 27. 선고 2007도4116 판결",
    "courtType": "판례(대법원)",
    "courtNm": "대법원",
    "judmnAdjuDe": "2008-03-27",
    "caseNoID": "2007도4116",
    "caseNo": "2007도4116"
  },
  "jdgmn": "재판장이 형사공판절차에서 변호인의 중복되고 상당하지 아니한 신문을 제한하는 것이 소송지휘권에 속하는지 여부(적극)",
  "jdgmnInfo": [
    {
      "question": "제1회 공판기일에 이루어진 변호인의 피고인 신문에 대하여 재판장이 제1심과 동일한 신문은 되도록 삼가해 달라고 하자 변호인이 그렇다면 더 이상 신문을 할 것이 없다고 하여 피고인 신문이 더 이상 진행되지 아니하였으며, 이어서 진행된 증거조사 과정에서도 변호인이 더 이상 제출할 증거도 없으며 별 의견도 없다고 하여 신문과 증거조사가 종료되었다면 변호권 침해의 위법인가?",
      "answer": "부정"
    }
  ],
  "Summary": [
    {
      "summ_contxt": "형사공판절차에서 변호인의 중복되고 상당하지 아니한 신문에 대하여 재판장이 제한을 명하는 것은 재판장의 소송지휘권에 속하는 것으로서 그 신문의 제한이 현저하게 부당하거나 부적절한 경우가 아닌 한 신문을 제한한 재판장의 조치가 위법하다고 할 수 없다. 기록을 살펴보면, 이 사건 원심 제1회 공판기일에 이루어진 변호인의 피고인 신문에 대하여 재판장이 제1심과 동일한 신문은 되도록 삼가해 달라고 하자 변호인이 그렇다면 더 이상 신문을 할 것이 없다고 하여 피고인 신문이 더 이상 진행되지 아니하였으며, 이어서 진행된 증거조사 과정에서도 변호인이 더 이상 제출할 증거도 없으며 별 의견도 없다고 하여 신문과 증거조사가 종료되었음을 알 수 있는바, 위 법리에 비추어 살펴보면 원심의 재판절차에 구두변론주의원칙 위반이나 피고인의 방어권, 변호인의 변호권을 침해한 위법이 있다고 할 수 없다.",
      "summ_pass": "원심의 재판절차에 구두변론주의원칙 위반이나 피고인의 방어권, 변호인의 변호권을 침해한 위법이 있다고 할 수 없다."
    }
  ],
  "keyword_tagg": [
    {
      "id": 1,
      "keyword": "피고인의 방어권"
    },
    {
      "id": 2,
      "keyword": "피고인 신문"
    }
  ],
  "Reference_info": {
    "reference_rules": "형사소송법 제279조",
    "reference_court_case": ""
  },
  "Class_info": {
    "class_name": "형사A(생활형)",
    "instance_name": "폭행"
  }
}