{
  "info": {
    "id": 38015322,
    "dataType": "판결문",
    "caseNm": "증권거래법위반·주식회사의외부감사에관한법률위반",
    "caseTitle": "대법원 2010. 6. 24. 선고 2007도9051 판결",
    "courtType": "판례(대법원)",
    "courtNm": "대법원",
    "judmnAdjuDe": "2010-06-24",
    "caseNoID": "2007도9051",
    "caseNo": "2007도9051"
  },
  "jdgmn": "[1] 주식회사가 재고자산평가손실을 줄이기 위하여 명목상으로만 인상된 제품의 판매가격을 기초로 산정한 추정판매가액 및 순실현가능가액에 따라 재고자산평가를 한 다음 그러한 내용의 재무제표를 작성·공시하는 행위가 구 주식회사의 외부감사에 관한 법률 제20조 제1항 제8호에 해당하는지 여부(적극)\n[2] 일정한 금원대여결정에 대한 법인의 신고의무를 규정한 ‘유가증권의 발행 및 공시 등에 관한 규정’ 제69조 제1항 제4호 (나)목의 삭제가 종래 위 규정 위반에 따른 처벌 자체가 부당하다는 반성적 고려에서 비롯된 것이라고는 볼 수 없으므로, 위 규정의 폐지 이전에 범한 위반행위의 가벌성이 있다고 한 사례\n[3] 시세조종 등 금지에 관한 구 증권거래법 제188조의4 제2항의 ‘매매거래를 유인할 목적’과 같은 항 제1호의 ‘유가증권의 매매거래가 성황을 이루고 있는 듯이 잘못 알게 하거나 그 시세를 변동시키는 매매거래’의 의미 및 이에 해당하는지 여부의 판단 기준",
  "jdgmnInfo": [
    {
      "question": "주식회사가 재고자산평가손실을 줄이기 위하여 실제 인상된 가격으로 거래할 의사가 없이 명목상으로만 제품의 판매가격을 인상하고 그와 같이 인상된 판매가격을 기초로 산정한 추정판매가액 및 순실현가능가액에 따라 재고자산평가를 한 다음 그러한 내용의 재무제표를 작성·공시하는 행위는 적법한가?",
      "answer": "부정"
    }
  ],
  "Summary": [
    {
      "summ_contxt": "구 주식회사의 외부감사에 관한 법률(2003. 12. 11. 법률 제6991호로 개정되기 전의 것) 제13조, 제20조 제1항 제8호의 각 규정 및 같은 법 제13조의 규정에 의한 회계처리기준으로 당시 적용되던 기업회계기준 제2조, 제3조 및 제58조 등 각 규정의 내용에 의하면, 주식회사가 재고자산평가손실을 줄이기 위하여 실제 인상된 가격으로 거래할 의사가 없이 명목상으로만 제품의 판매가격을 인상하고 그와 같이 인상된 판매가격을 기초로 산정한 추정판매가액 및 순실현가능가액에 따라 재고자산평가를 한 다음 그러한 내용의 재무제표를 작성·공시하는 행위는 위 법 제20조 제1항 제8호의 ‘회계처리기준에 위반하여 허위의 재무제표를 작성·공시한 때’에 해당한다고 할 것이고, 위 허위의 재무제표에 기하여 작성한 구 증권거래법(2003. 12. 31. 법률 제7025호로 개정되기 전의 것) 제186조의2의 사업보고서는 그 중요한 사항에 관하여 허위의 기재가 있는 것으로 볼 수 있다.",
      "summ_pass": "위 허위의 재무제표에 기하여 작성한 구 증권거래법(2003. 12. 31. 법률 제7025호로 개정되기 전의 것) 제186조의2의 사업보고서는 그 중요한 사항에 관하여 허위의 기재가 있는 것으로 볼 수 있다."
    }
  ],
  "keyword_tagg": [
    {
      "id": 1,
      "keyword": "회계처리기준"
    },
    {
      "id": 2,
      "keyword": "재고자산평가손실"
    }
  ],
  "Reference_info": {
    "reference_rules": "[1] 구 주식회사의 외부감사에 관한 법률(2003. 12. 11. 법률 제6991호로 개정되기 전의 것) 제13조, 제20조 제1항 제8호(현행 제20조 제3항 제6호 참조), 구 증권거래법(2003. 12. 31. 법률 제7025호로 개정되기 전의 것) 제186조의2(현행자본시장과 금융투자업에 관한 법률 제159조 참조), 제211조 제2호[현행자본시장과 금융투자업에 관한 법률 제444조 제13호 (라)목 참조] [2] 형법 제1조 제2항 / 구 증권거래법(2003. 12. 31. 법률 제7025호로 개정되기 전의 것) 제186조(현행자본시장과 금융투자업에 관한 법률 제119조, 제122조 참조), 제211조 제2호(현행자본시장과 금융투자업에 관한 법률 제444조 제13호, 제14호 참조) [3] 구 증권거래법(2003. 12. 31. 법률 제7025호로 개정되기 전의 것) 제188조의4 제2항 제1호(현행자본시장과 금융투자업에 관한 법률 제176조 제2항 제1호 참조), 제207조의2 제1항 제2호(현행자본시장과 금융투자업에 관한 법률 제443조 제1항 제5호 참조)",
    "reference_court_case": "[2] 대법원 2005. 1. 14. 선고 2004도5890 판결, 대법원 2005. 12. 23. 선고 2005도747 판결(공2006상, 205), 대법원 2010. 3. 11. 선고 2009도12930 판결(공2010상, 776) [3] 대법원 2003. 12. 12. 선고 2001도606 판결(공2004상, 192), 대법원 2005. 11. 10. 선고 2003도6991 판결, 대법원 2006. 5. 11. 선고 2003도4320 판결(공2006상, 1079), 대법원 2009. 4. 9. 선고 2009도675 판결"
  },
  "Class_info": {
    "class_name": "형사A(생활형)",
    "instance_name": "외부감사법"
  }
}