{
  "info": {
    "id": 41014442,
    "dataType": "판결문",
    "caseNm": "정치자금법위반·공직선거법위반",
    "caseTitle": "대법원 2008. 1. 18. 선고 2007도7700 판결",
    "courtType": "판례(대법원)",
    "courtNm": "대법원",
    "judmnAdjuDe": "2008-01-18",
    "caseNoID": "2007도7700",
    "caseNo": "2007도7700"
  },
  "jdgmn": "[1] 공소사실의 특정 정도\n[2] 정당이 정치자금의 수수주체 및 기부행위의 상대방이 될 수 있는지 여부(적극)\n[3] 정당의 구성원 등이 정당에 제공된 불법정치자금을 정당에 실제로 전달하였는지 여부에 따른 몰수 또는 추징의 대상",
  "jdgmnInfo": [
    {
      "question": "정당이 정치자금의 수수주체 및 기부행위의 상대방이 될 수 있는가?",
      "answer": "긍정"
    }
  ],
  "Summary": [
    {
      "summ_contxt": "정당은 선거에서 선거인들의 의사결정에 영향을 미치는 것을 고유한 존립이유로 하고 있으며 각 선거구별로 이에 필요한 조직을 갖추고 실제로 그와 같은 활동을 하고 있어 공직선거법에 규정된 기부행위의 상대방이 될 수 있으므로(대법원 2007. 7. 12. 선고 2007도172 판결 등 참조), 원심이 그 채택 증거에 의하여 그 판시와 같은 사실을 인정한 다음, 피고인 1이 영암군수 선거의 후보자 추천에 관련하여 민주당에게 정치자금을 제공하고 피고인 2가 민주당 간부당원의 지위에서 현실적으로 위 금품을 수수한 이상 정치자금법 및 공직선거법에 따른 규율을 받는 것으로서 피고인들의 행위가 모두 유죄에 해당한다.",
      "summ_pass": "정당은 선거에서 선거인들의 의사결정에 영향을 미치는 것을 고유한 존립이유로 하고 있으며 각 선거구별로 이에 필요한 조직을 갖추고 실제로 그와 같은 활동을 하고 있어 공직선거법에 규정된 기부행위의 상대방이 될 수 있다."
    }
  ],
  "keyword_tagg": [
    {
      "id": 1,
      "keyword": "후보자 추천"
    },
    {
      "id": 2,
      "keyword": "정치자금법"
    }
  ],
  "Reference_info": {
    "reference_rules": "[1] 형사소송법 제254조 제4항 [2] 공직선거법 제112조, 제113조, 정치자금법 제32조 제1호 [3] 정치자금법 제45조 제3항",
    "reference_court_case": "[1] 대법원 2002. 6. 20. 선고 2002도807 전원합의체 판결(공2002하, 1750), 대법원 2005. 1. 14. 선고 2004도6646 판결(공2005상, 347), 대법원 2006. 6. 27. 선고 2005도4177 판결(공2006하, 1453) [2] 대법원 2007. 7. 12. 선고 2007도172 판결 [3] 대법원 2004. 4. 27. 선고 2004도482 판결(공2004상, 946), 대법원 2004. 12. 10. 선고 2004도5652 판결(공2005상, 157)"
  },
  "Class_info": {
    "class_name": "형사A(생활형)",
    "instance_name": "공직선거법위반"
  }
}