{
  "info": {
    "id": 38015085,
    "dataType": "판결문",
    "caseNm": "업무상횡령·업무상배임",
    "caseTitle": "대법원 2009. 12. 24. 선고 2007도2484 판결",
    "courtType": "판례(대법원)",
    "courtNm": "대법원",
    "judmnAdjuDe": "2009-12-24",
    "caseNoID": "2007도2484",
    "caseNo": "2007도2484"
  },
  "jdgmn": "[1] 행위자나 제3자가 재산상 이익을 취득하지 않은 경우 업무상배임죄의 성립 여부(소극)\n[2] 회사의 승낙 없이 임의로 지정 할인율보다 더 높은 할인율을 적용하여 회사가 지정한 가격보다 낮은 가격으로 제품을 판매하는 이른바 ‘덤핑판매’에서 제3자인 거래처에 시장 거래 가격에 따라 제품을 판매한 경우, 거래처가 재산상 이익을 취득하였다고 볼 수 없다고 한 사례",
  "jdgmnInfo": [
    {
      "question": "업무상배임죄는 본인에게 재산상의 손해를 가하는 외에 배임행위로 인하여 행위자 스스로 재산상의 이익을 취득하거나 제3자로 하여금 재산상의 이익을 취득하게 할 것을 요건으로 하므로, 본인에게 손해를 가하였다고 할지라도 행위자 또는 제3자가 재산상 이익을 취득한 사실이 없다면 배임죄가 성립 가능한가?",
      "answer": "부정"
    }
  ],
  "Summary": [
    {
      "summ_contxt": "원심은 이 사건 업무상횡령의 각 공소사실에 대하여, 피고인이 영업상 보관 중이던 피해 회사 소유의 제품판매대금을 그 수금 취지대로 피해 회사에 입금하지 아니한 채 피고인의 개인통장에 입금·사용한 이상 그로써 업무상횡령죄가 성립하고, 설사 피고인이 판매실적 제고를 위해 가상으로 판매한 대금을 마련하거나 지정 할인율을 초과한 판매로 부족해진 제품 재고를 채우는 등의 용도에 그 돈을 사용하였다고 하여도 이는 횡령금의 사용에 관한 사후적 사정에 불과하다고 판단하였는바, 기록에 비추어 보면 원심의 이러한 사실인정 및 판단은 정당하고 달리 업무상횡령죄의 성립에 관한 법리오해 등의 잘못을 찾아볼 수 없다. 이 부분 주장은 이유 없다.",
      "summ_pass": "기록에 비추어 보면 원심의 이러한 사실인정 및 판단은 정당하고 달리 업무상횡령죄의 성립에 관한 법리오해 등의 잘못을 찾아볼 수 없다. 이 부분 주장은 이유 없다."
    }
  ],
  "keyword_tagg": [
    {
      "id": 1,
      "keyword": "업무상횡령"
    }
  ],
  "Reference_info": {
    "reference_rules": "[1] 형법 제355조 제2항, 제356조 [2] 형법 제355조 제2항, 제356조",
    "reference_court_case": "[1] 대법원 2007. 7. 26. 선고 2005도6439 판결(공2007하, 1413), 대법원 2009. 6. 25. 선고 2008도3792 판결(공2009하, 1249)"
  },
  "Class_info": {
    "class_name": "형사A(생활형)",
    "instance_name": "배임"
  }
}