{
  "info": {
    "id": 41014408,
    "dataType": "판결문",
    "caseNm": "사기미수·무고·위증·무고방조",
    "caseTitle": "대법원 2008. 10. 23. 선고 2008도4852 판결",
    "courtType": "판례(대법원)",
    "courtNm": "대법원",
    "judmnAdjuDe": "2008-10-23",
    "caseNoID": "2008도4852",
    "caseNo": "2008도4852"
  },
  "jdgmn": "제3자를 교사·방조하여 자신에 대한 허위의 사실을 신고하게 한 경우, 피무고자가 무고죄의 교사·방조범의 죄책을 지는지 여부(적극)",
  "jdgmnInfo": [
    {
      "question": "제3자를 교사·방조하여 자신에 대한 허위의 사실을 신고하게 한 경우, 피무고자가 무고죄의 교사·방조범의 죄책을 지는가?",
      "answer": "긍정"
    }
  ],
  "Summary": [
    {
      "summ_contxt": "형법 제156조의 무고죄는 국가의 형사사법권 또는 징계권의 적정한 행사를 주된 보호법익으로 하는 죄이나, 스스로 본인을 무고하는 자기무고는 무고죄의 구성요건에 해당하지 아니하여 무고죄를 구성하지 않는다. 그러나 피무고자의 교사·방조 하에 제3자가 피무고자에 대한 허위의 사실을 신고한 경우 제3자의 행위는 무고죄의 구성요건에 해당하여 무고죄를 구성하므로, 제3자를 교사·방조한 피무고자에 대하여도 교사·방조범으로서의 죄책을 부담케 함이 상당하다.",
      "summ_pass": "피무고자의 교사·방조 하에 제3자가 피무고자에 대한 허위의 사실을 신고한 경우 제3자의 행위는 무고죄의 구성요건에 해당하여 무고죄를 구성한다."
    }
  ],
  "keyword_tagg": [
    {
      "id": 1,
      "keyword": "무고"
    }
  ],
  "Reference_info": {
    "reference_rules": "형법 제156조",
    "reference_court_case": ""
  },
  "Class_info": {
    "class_name": "형사A(생활형)",
    "instance_name": "사기"
  }
}