{
  "info": {
    "id": 38015439,
    "dataType": "판결문",
    "caseNm": "배임",
    "caseTitle": "대법원 2009. 2. 12. 선고 2008도10915 판결",
    "courtType": "판례(대법원)",
    "courtNm": "대법원",
    "judmnAdjuDe": "2009-02-12",
    "caseNoID": "2008도10915",
    "caseNo": "2008도10915"
  },
  "jdgmn": "마을의 물류창고 신축 회사로부터 공사에 따른 피해보상 예치금을 받아 보관하던 마을 이장이 탄핵으로 사임한 후에도 후임 이장에게 위 예치금을 인계하지 않고 계속 보관하다가 예치금 반환기간이 종료되자 마을 주민들의 동의 없이 회사에 반환한 행위가 배임행위에 해당한다고 한 사례",
  "jdgmnInfo": [
    {
      "question": "마을의 물류창고 신축 회사로부터 공사에 따른 피해보상 예치금을 받아 보관하던 마을 이장이 탄핵으로 사임한 후에도 후임 이장에게 위 예치금을 인계하지 않고 계속 보관하다가 예치금 반환기간이 종료되자 마을 주민들의 동의 없이 회사에 반환했다면, 이 행위가 배임행위에 해당하는가?",
      "answer": "긍정"
    }
  ],
  "Summary": [
    {
      "summ_contxt": "이 사건 예치금은 마을 주민들 전체의 총유에 속한다고 할 것이고, 피고인은 마을 주민들의 대표(이장) 자격에서 이를 보관하고 있던 것에 불과하므로, 마을 주민들에 의하여 탄핵된 피고인으로서는 새로 이장으로 선임된 공소외 1에게 이 사건 예치금을 인계해 주어야 할 임무가 있으며, 이는 마을 주민들에 대하여 ‘타인의 사무’에 해당한다. 그리고 피고인이 위 임무에 위배하여 이 사건 예치금을 공소외 1에게 인계하지 않았을 뿐만 아니라 더 나아가 2005. 12. 26.경 그 당시는 마을의 이장도 아닌 피고인이 마을 이장인 공소외 1이나 마을 주민들과 상의도 없이 함부로 이 사건 예치금 전액을 공소외 회사에 반환함으로써 공소외 회사로 하여금 이를 처분할 수 있는 재산상의 이익을 취득하게 하고 마을 주민들에게 손해배상에 대한 담보를 상실하는 손해를 가한 행위는 배임행위에 해당한다고 할 것이다. 그럼에도 불구하고, 이와 달리 판단하여 이 사건 공소사실이 범죄의 증명이 없는 경우에 해당한다고 본 원심판결에는 위법이 있다.",
      "summ_pass": "이 사건 예치금은 마을 주민들 전체의 총유에 속한다고 할 것이고, 피고인은 마을 주민들의 대표(이장) 자격에서 이를 보관하고 있던 것에 불과하므로, 마을 주민들에 의하여 탄핵된 피고인으로서는 새로 이장으로 선임된 공소외 1에게 이 사건 예치금을 인계해 주어야 할 임무가 있으며, 피고인이 마을 이장인 공소외 1이나 마을 주민들과 상의도 없이 함부로 이 사건 예치금 전액을 공소외 회사에 반환한 행위는 배임행위에 해당한다. 그럼에도 불구하고, 이와 달리 판단한 원심판결에는 위법이 있다."
    }
  ],
  "keyword_tagg": [
    {
      "id": 1,
      "keyword": "배임"
    }
  ],
  "Reference_info": {
    "reference_rules": "형법 제355조 제2항",
    "reference_court_case": ""
  },
  "Class_info": {
    "class_name": "형사A(생활형)",
    "instance_name": "배임"
  }
}