{
  "info": {
    "id": 38015072,
    "dataType": "판결문",
    "caseNm": "위증",
    "caseTitle": "대법원 2010. 1. 21. 선고 2008도942 전원합의체 판결",
    "courtType": "판례(대법원)",
    "courtNm": "대법원",
    "judmnAdjuDe": "2010-01-21",
    "caseNoID": "2008도942",
    "caseNo": "2008도942"
  },
  "jdgmn": "[1] 위증죄의 구성요건인 ‘법률에 의하여 선서한 증인’의 의미\n[2] 증인신문절차에서 법률에 규정된 증인 보호 규정이 지켜진 것으로 인정되지 않은 경우, 허위진술을 한 증인을 위증죄로 처벌할 수 있는지 여부(원칙적 소극)\n[3] 증언거부사유가 있음에도 증언거부권을 고지받지 못함으로 인하여 그 증언거부권을 행사하는 데 사실상 장애가 초래되었다고 볼 수 있는 경우 위증죄 성립 여부(소극)",
  "jdgmnInfo": [
    {
      "question": "증언거부사유가 있음에도 증언거부권을 고지받지 못함으로 인하여 그 증언거부권을 행사하는 데 사실상 장애가 초래되었다고 볼 수 있는 경우 위증죄 성립이 가능한가?",
      "answer": "부정"
    }
  ],
  "Summary": [
    {
      "summ_contxt": "원심이 판시와 같은 사정, 특히 피고인이 공소외인과 쌍방 상해 사건으로 공소 제기되어 공동피고인으로 함께 재판을 받으면서 자신은 폭행한 사실이 없다고 주장하며 다투던 중 공소외인에 대한 상해 사건이 변론분리되면서 피해자인 증인으로 채택되어 검사로부터 신문받게 되었고 그 과정에서 피고인 자신의 공소외인에 대한 폭행 여부에 관하여 신문을 받게 됨에 따라 증언거부사유가 발생하게 되었는데도, 재판장으로부터 증언거부권을 고지받지 못한 상태에서 자신의 종전 주장을 그대로 되풀이함에 따라 결국 거짓 진술에 이르게 된 사정 등을 이유로 피고인에게 위증죄의 죄책을 물을 수 없다고 판단한 것은 결론에 있어 정당하고, 거기에 상고이유에서 주장하는 바와 같은 위증죄의 성립 범위에 관한 법리오해의 위법은 없다.",
      "summ_pass": "결론에 있어 정당하고, 거기에 상고이유에서 주장하는 바와 같은 위증죄의 성립 범위에 관한 법리오해의 위법은 없다."
    }
  ],
  "keyword_tagg": [
    {
      "id": 1,
      "keyword": "위증"
    }
  ],
  "Reference_info": {
    "reference_rules": "[1] 형법 제152조 제1항 [2] 형법 제152조 제1항, 형사소송법 제148조, 제149조, 제150조, 제156조, 제157조, 제158조, 제160조 [3] 형법 제152조 제1항, 형사소송법 제148조, 제149조, 제150조, 제160조",
    "reference_court_case": "[3] 대법원 1961. 7. 13. 선고 4294형상194 판결, 대법원 1987. 7. 7. 선고 86도1724 전원합의체 판결(공1987하, 1352)(변경)"
  },
  "Class_info": {
    "class_name": "형사A(생활형)",
    "instance_name": "위증"
  }
}