{
  "info": {
    "id": 41014772,
    "dataType": "판결문",
    "caseNm": "상해·폭행",
    "caseTitle": "대법원 2008. 8. 21. 선고 2008도2695 판결",
    "courtType": "판례(대법원)",
    "courtNm": "대법원",
    "judmnAdjuDe": "2008-08-21",
    "caseNoID": "2008도2695",
    "caseNo": "2008도2695"
  },
  "jdgmn": "[1] 안수기도가 정당행위로 인정될 수 있는 한도 및 통상적인 안수기도라 할 수 없는 유형력의 행사로 상해를 입힌 것이 정당행위인지 여부(소극)\n[2] 기도원운영자가 정신분열증 환자의 치료 목적으로 안수기도를 하다가 환자에게 상해를 입힌 사안에서, 장시간 환자의 신체를 강제로 제압하는 등 과도한 유형력을 행사한 것으로서 ‘사회상규상 용인되는 정당행위’에 해당하지 않는다고 한 사례",
  "jdgmnInfo": [
    {
      "question": "기도원운영자가 정신분열증 환자의 치료 목적으로 안수기도를 하다가 환자에게 상해를 입힌 사안에서, 이것이 ‘사회상규상 용인되는 정당행위’에 해당하는가?",
      "answer": "부정"
    }
  ],
  "Summary": [
    {
      "summ_contxt": "[1] 종교적 기도행위의 일환으로서 기도자의 기도에 의한 염원 내지 의사가 상대방에게 심리적 또는 영적으로 전달되는 데 도움이 된다고 인정할 수 있는 한도 내에서 상대방의 신체의 일부에 가볍게 손을 얹거나 약간 누르면서 병의 치유를 간절히 기도하는 행위는 그 목적과 수단면에서 정당성이 인정된다고 볼 수 있지만, 그러한 종교적 기도행위를 마치 의료적으로 효과가 있는 치료행위인 양 내세워 환자를 끌어들인 다음, 통상의 일반적인 안수기도의 방식과 정도를 벗어나 환자의 신체에 비정상적이거나 과도한 유형력을 행사하고 신체의 자유를 과도하게 제압하여 환자의 신체에 상해까지 입힌 경우라면, 그러한 유형력의 행사가 비록 안수기도의 명목과 방법으로 이루어졌다 해도 사회상규상 용인되는 정당행위라고 볼 수 없다. [2] 기도원운영자가 정신분열증 환자의 치료 목적으로 안수기도를 하다가 환자에게 상해를 입힌 사안에서, 장시간 환자의 신체를 강제로 제압하는 등 과도한 유형력을 행사한 것으로서 ‘사회상규상 용인되는 정당행위’에 해당하지 않는다.",
      "summ_pass": "장시간 환자의 신체를 강제로 제압하는 등 과도한 유형력을 행사한 것으로서 ‘사회상규상 용인되는 정당행위’에 해당하지 않는다."
    }
  ],
  "keyword_tagg": [
    {
      "id": 1,
      "keyword": "상해"
    }
  ],
  "Reference_info": {
    "reference_rules": "[1] 형법 제20조, 제260조 제1항, 제262조 [2] 형법 제20조, 제260조 제1항, 제262조",
    "reference_court_case": "[1] 대법원 1994. 8. 23. 선고 94도1484 판결(공1994하, 2569)"
  },
  "Class_info": {
    "class_name": "형사A(생활형)",
    "instance_name": "폭행"
  }
}