{
  "info": {
    "id": 38015198,
    "dataType": "판결문",
    "caseNm": "공직선거법위반·정치자금법위반·특정경제범죄가중처벌등에관한법률위반(횡령)·사문서위조·위조사문서행사](친박연대 공천헌금 사건)",
    "caseTitle": "대법원 2009. 5. 14. 선고 2008도11040 판결",
    "courtType": "판례(대법원)",
    "courtNm": "대법원",
    "judmnAdjuDe": "2009-05-14",
    "caseNoID": "2008도11040",
    "caseNo": "2008도11040"
  },
  "jdgmn": "[1] 정당의 후보자 추천 관련 금품수수에 대한 처벌규정인 공직선거법 제47조의2 제1항, 제230조 제6항이 죄형법정주의의 명확성 원칙에 위배되는지 여부(소극)\n[2] 공직선거법상 정당의 공직선거와 관련한 금품수수행위를 처벌하는 것이 정당활동 자유의 본질적인 내용을 침해하여 비례의 원칙에 위배되는지 여부(소극)\n[3] 정당의 공직선거와 관련하여 금품을 수수한 당사자가 정당인 경우, 공직선거법 제230조 제6항, 제47조의2 제1항 위반죄의 주체\n[4] 친박연대가 특정인들을 비례대표 국회의원 후보로 추천하는 행위와 관련하여 그들로부터 금원을 제공받은 사안에서, 친박연대의 대표에게 공직선거법의 매수 및 이해유도죄를 인정한 사례\n[5] 공직선거법상 매수 및 이해유도죄와 정치자금법상 정치자금부정수수죄의 죄수관계(=상상적 경합)\n[6] 정당의 유급사무직원인 선거사무장 등에 대하여 금원을 제공한 경우, 선거사무관계자에 대한 수당과 실비보상에 관한 공직선거법 제135조 제3항 위반죄의 성립 여부\n[7] 이사가 사임한 경우 명의사용을 금지한 것인지 여부 및 상대방이 이를 인식하였는지 여부에 관한 판단 기준\n[8] 사임의사를 표시하였던 이사를 포함한 이사 3인 명의로 이사회 의사록을 작성하고 이를 비치하거나 교부한 행위가 사문서위조 및 위조사문서행사죄에 해당하지 아니한다고 한 사례",
  "jdgmnInfo": [
    {
      "question": "사임의사를 표시하였던 이사를 포함한 이사 3인 명의로 이사회 의사록을 작성하고 비치하거나 교부한 행위가 사문서위조 및 위조사문서행사죄에 해당하는가?",
      "answer": "부정"
    }
  ],
  "Summary": [
    {
      "summ_contxt": "원심은 피고인 김○○이 ○○음료의 이사인 공소외 11, 감사인 공소외 12 뿐만 아니라 사임의 의사를 표시하였던 이사 공소외 13 등 3인 명의로 이사회 의사록을 작성하고 이를 ○○음료에 비치하거나 ○○종합건설 주식회사 대표이사 공소외 14에게 교부한 행위가 사문서위조 및 위조사문서행사죄에 해당하지 아니한다고 하였는바, 위에서 본 법리 및 기록에 비추어 보면 원심의 판단은 정당하고 거기에 검사의 상고이유 주장과 같은 사문서위조 및 위조사문서행사에 관한 법리오해의 위법은 없다. 피고인 김○○의 ○○음료 공장부지 처분행위가 횡령에 해당함을 전제로 하는 검사의 나머지 상고이유 주장 역시 그 전제 사실을 인정할 수 없다고 본 원심 판단이 정당하므로 이를 받아들일 수 없다.",
      "summ_pass": "피고인 김○○의 ○○음료 공장부지 처분행위가 횡령에 해당함을 전제로 하는 검사의 나머지 상고이유 주장 역시 그 전제 사실을 인정할 수 없다고 본 원심 판단이 정당하므로 이를 받아들일 수 없다."
    }
  ],
  "keyword_tagg": [
    {
      "id": 1,
      "keyword": "사문서위조"
    }
  ],
  "Reference_info": {
    "reference_rules": "[1] 공직선거법 제47조의2 제1항, 제230조 제6항 [2] 공직선거법 제47조의2 제1항, 제230조 제6항 [3] 공직선거법 제47조의2 제1항, 제230조 제6항 [4] 공직선거법 제47조의2 제1항, 제230조 제6항 [5] 공직선거법 제47조의2 제1항, 제230조 제6항, 정치자금법 제32조, 제45조 제2항 제5호 [6] 공직선거법 제135조 제1항, 제3항 [7] 민법 제111조, 제689조 제1항 [8] 형법 제231조, 제234조",
    "reference_court_case": "[6] 대법원 2005. 1. 27. 선고 2004도7511 판결(공2005상, 376), 대법원 2005. 2. 18. 선고 2004도6795 판결 [7] 대법원 1998. 4. 28. 선고 98다8615 판결(공1998상, 1498), 대법원 2006. 6. 15. 선고 2004다10909 판결(공2006하, 1311), 대법원 2007. 5. 10. 선고 2007다7256 판결"
  },
  "Class_info": {
    "class_name": "형사A(생활형)",
    "instance_name": "공직선거법위반"
  }
}