{
  "info": {
    "id": 38015444,
    "dataType": "판결문",
    "caseNm": "증권거래법위반",
    "caseTitle": "대법원 2009. 2. 12. 선고 2008도6551 판결",
    "courtType": "판례(대법원)",
    "courtNm": "대법원",
    "judmnAdjuDe": "2009-02-12",
    "caseNoID": "2008도6551",
    "caseNo": "2008도6551"
  },
  "jdgmn": "[1] 공모공동정범의 성립 요건 및 피고인이 공모사실과 범의를 부인하는 경우 그 증명방법\n[2] 타인의 시세조종을 통한 주가조작 범행과 관련하여, 자기 명의의 증권계좌와 자금을 교부하였을 뿐만 아니라 적극적으로 투자자 등을 유치·관리한 사람에게 증권거래법 제188조의4 위반죄의 공모공동정범의 죄책을 인정한 사례\n[3] 하나의 죄에 대하여 징역형과 벌금형을 병과하는 경우, 징역형만 작량감경할 수 있는지 여부(소극)",
  "jdgmnInfo": [
    {
      "question": "타인의 시세조종을 통한 주가조작 범행과 관련하여, 자기 명의의 증권계좌와 자금을 교부하였을 뿐만 아니라 적극적으로 투자자 등을유치·관리한 사람에게 증권거래법 제188조의4 위반죄의 공모공동정범으로 죄책이 인정되는가?",
      "answer": "긍정"
    }
  ],
  "Summary": [
    {
      "summ_contxt": "피고인들은 공소외인 등이 시세조종의 방법으로 주가조작을 하는 데 사용하도록 자신 및 지인들의 증권계좌와 자금을 교부하였을 뿐만 아니라, 적극적으로 투자자들을 유치하여 관리함으로써 그들 명의의 증권계좌와 자금이 공소외인 등의 주가조작 범행에 사용되도록 한 사실을 알 수 있으므로, 위 피고인들이 미필적으로나마 공소외인 등의 주가조작 범행을 인식하면서 그 범행에 공동가공하려는 의사를 가지고 투자자 유치 등의 행위를 분담함으로써 기능적 행위지배를 통한 범죄실행에 나아갔다고 할 것이다. 원심이 같은 취지에서 피고인들이 공소외인 등과 공모하여 이 사건 주가조작 범행을 저질렀다는 공소사실을 유죄로 인정한 것은 정당하고, 거기에 상고이유로 주장하는 바와 같은 공모나 범의, 공모공동정범의 성립에 관한 법리오해나 채증법칙 위반 등의 위법이 없다.",
      "summ_pass": "피고인들은 공소외인 등이 시세조종의 방법으로 주가조작을 하는 데 사용하도록 자신 및 지인들의 증권계좌와 자금을 교부하였을 뿐만 아니라, 적극적으로 투자자들을 유치하여 관리함으로써 그들 명의의 증권계좌와 자금이 공소외인 등의 주가조작 범행에 사용되도록 한 사실을 알 수 있으므로, 위 피고인들이 미필적으로나마 기능적 행위지배를 통한 범죄실행에 나아갔다고 할 것이다. 원심이 같은 취지에서 유죄로 인정한 것은 정당하고, 법리오해나 채증법칙 위반 등의 위법이 없다."
    }
  ],
  "keyword_tagg": [
    {
      "id": 1,
      "keyword": "주가조작"
    },
    {
      "id": 2,
      "keyword": "공모공동정범"
    }
  ],
  "Reference_info": {
    "reference_rules": "[1] 형법 제13조, 제30조, 형사소송법 제307조 [2] 증권거래법 제188조의4, 제207조의2, 제214조, 형법 제30조 [3] 형법 제53조, 제55조 제1항 제6호",
    "reference_court_case": "[1] 대법원 2006. 2. 23. 선고 2005도8645 판결(공2006상, 537), 대법원 2008. 4. 24. 선고 2007도11258 판결 [3] 대법원 2008. 7. 10. 선고 2008도3258 판결"
  },
  "Class_info": {
    "class_name": "형사A(생활형)",
    "instance_name": "증권거래법위반"
  }
}