{
  "info": {
    "id": 41014747,
    "dataType": "판결문",
    "caseNm": "부당이득",
    "caseTitle": "대법원 2008. 12. 11. 선고 2008도7823 판결",
    "courtType": "판례(대법원)",
    "courtNm": "대법원",
    "judmnAdjuDe": "2008-12-11",
    "caseNoID": "2008도7823",
    "caseNo": "2008도7823"
  },
  "jdgmn": "[1] 부당이득죄에서 피해자가 궁박한 상태에 있었는지 여부 및 현저하게 부당한 이득을 취득하였는지 여부의 판단 기준\n[2] 공동주택 및 판매시설 건축사업의 대상이 된 대지지분 등 부동산의 소유자가 사업자의 매도 제안을 거부하다가 통상 가격의 약 45배의 대금에 이를 매도한 사안에서, 부당이득죄의 성립을 부정한 사례",
  "jdgmnInfo": [
    {
      "question": "공동주택 및 판매시설 건축사업의 대상이 된 대지지분 등 부동산의 소유자가 사업자의 매도 제안을 거부하다가 통상 가격의 약 45배의 대금에 이를 매도한 사안에서, 부당이득죄가 성립되는가?",
      "answer": "부정"
    }
  ],
  "Summary": [
    {
      "summ_contxt": "형법상 부당이득죄에 있어서 궁박이라 함은 ‘급박한 곤궁’을 의미하고, ‘현저하게 부당한 이익의 취득’이라 함은 단순히 시가와 이익과의 배율로만 판단할 것이 아니라 구체적·개별적 사안에 있어서 일반인의 사회통념에 따라 결정하여야 하는 것으로서, 피해자가 궁박한 상태에 있었는지 여부 및 급부와 반대급부 사이에 현저히 부당한 불균형이 존재하는지 여부는 거래당사자의 신분과 상호 간의 관계, 피해자가 처한 상황의 절박성의 정도, 계약의 체결을 둘러싼 협상 과정 및 거래를 통한 피해자의 이익, 피해자가 그 거래를 통해 추구하고자 한 목적을 달성하기 위한 다른 적절한 대안의 존재 여부, 피고인에게 피해자와 거래하여야 할 신의칙상 의무가 있는지 여부 등 여러 상황을 종합하여 구체적으로 판단하되, 특히 우리 헌법이 규정하고 있는 자유시장경제질서와 여기에서 파생되는 사적 계약자유의 원칙을 고려하여 그 범죄의 성립을 인정함에 있어서는 신중을 요한다.",
      "summ_pass": "특히 우리 헌법이 규정하고 있는 자유시장경제질서와 여기에서 파생되는 사적 계약자유의 원칙을 고려하여 그 범죄의 성립을 인정함에 있어서는 신중을 요한다."
    }
  ],
  "keyword_tagg": [
    {
      "id": 1,
      "keyword": "부당이득"
    }
  ],
  "Reference_info": {
    "reference_rules": "[1] 형법 제349조 제1항 [2] 형법 제349조 제1항",
    "reference_court_case": "[1] 대법원 2005. 4. 15. 선고 2004도1246 판결(공2005상, 789)"
  },
  "Class_info": {
    "class_name": "형사A(생활형)",
    "instance_name": "부당이득금"
  }
}