{
  "info": {
    "id": 41014746,
    "dataType": "판결문",
    "caseNm": "상관협박·무고",
    "caseTitle": "대법원 2008. 12. 11. 선고 2008도8922 판결",
    "courtType": "판례(대법원)",
    "courtNm": "대법원",
    "judmnAdjuDe": "2008-12-11",
    "caseNoID": "2008도8922",
    "caseNo": "2008도8922"
  },
  "jdgmn": "[1] 공군 중사가 상관인 피해자에게 그의 비위 등을 기록한 내용을 제시하면서 자신에게 폭언한 사실을 인정하지 않으면 그 내용을 상부기관에 제출하겠다는 취지로 말한 사안에서, 상관협박죄를 인정한 사례\n[2] 모두 무죄가 선고된 상상적 경합 관계의 수죄 전부에 대하여 검사가 상고하면서 일부 무죄 부분은 상고이유로 삼지 않은 경우, 상고심의 심판대상 및 상고심으로부터 사건을 파기환송 받은 법원의 심판 범위",
  "jdgmnInfo": [
    {
      "question": "공군 중사가 상관인 피해자에게 그의 비위 등을 기록한 내용을 제시하면서 자신에게 폭언한 사실을 인정하지 않으면 그 내용을 상부기관에 제출하겠다는 취지로 말한 사안에서, 상관협박죄가 인정되는가?",
      "answer": "긍정"
    }
  ],
  "Summary": [
    {
      "summ_contxt": "피고인이 피해자 공소외 3의 비위 등을 기록한 내용을 피해자에게 제시하면서 피해자가 피고인에게 폭언한 사실을 인정하지 아니하면 그 내용을 상부기관에 제출하겠다고 한 행위는 객관적으로 보아 사람으로 하여금 공포심을 일으키게 하기에 충분한 정도의 해악의 고지에 해당한다고 할 것이므로, 피해자가 그 취지를 인식하였음이 명백한 이상 설령 피해자가 현실적으로 공포심을 느끼지 못하였다 하더라도 그와는 무관하게 상관협박죄의 기수에 이르렀다고 보아야 한다는 이유로, 이 부분 공소사실을 유죄로 인정하였는바, 관계 법리와 기록에 비추어 살펴보면, 위와 같은 원심의 사실인정과 판단도 옳은 것으로 수긍이 가고, 거기에 상고이유의 주장과 같은 채증법칙 위배나 군형법상 상관협박죄에 관한 법리오해 등의 위법이 있다고 할 수 없다.",
      "summ_pass": "객관적으로 보아 사람으로 하여금 공포심을 일으키게 하기에 충분한 정도의 해악의 고지에 해당한다고 할 것이므로, 피해자가 그 취지를 인식하였음이 명백한 이상 설령 피해자가 현실적으로 공포심을 느끼지 못하였다 하더라도 그와는 무관하게 상관협박죄의 기수에 이르렀다."
    }
  ],
  "keyword_tagg": [
    {
      "id": 1,
      "keyword": "상관협박"
    }
  ],
  "Reference_info": {
    "reference_rules": "[1] 군형법 제48조 [2] 형사소송법 제384조",
    "reference_court_case": "[1] 대법원 2007. 9. 28. 선고 2007도606 전원합의체 판결(공2007하, 1726), 대법원 2008. 5. 29. 선고 2006도6347 판결 [2] 대법원 2004. 10. 28. 선고 2004도5014 판결(공2004하, 1992)"
  },
  "Class_info": {
    "class_name": "형사A(생활형)",
    "instance_name": "무고"
  }
}