{
  "info": {
    "id": 38015400,
    "dataType": "판결문",
    "caseNm": "게임산업진흥에관한법률위반·상습도박방조·전기통신사업법위반",
    "caseTitle": "대법원 2009. 4. 23. 선고 2008도11017 판결",
    "courtType": "판례(대법원)",
    "courtNm": "대법원",
    "judmnAdjuDe": "2009-04-23",
    "caseNoID": "2008도11017",
    "caseNo": "2008도11017"
  },
  "jdgmn": "[1] 게임산업진흥에 관한 법률 제32조 제1항 제7호, 제44조 제1항 제2호 및 같은 법 시행령 제18조의3이 죄형법정주의가 요구하는 명확성의 원칙에 반하는지 여부(소극)\n[2] 게임산업진흥에 관한 법률 제32조 제1항 제7호, 같은 법 시행령 제18조의3이 형벌법규의 포괄위임금지 원칙이나 죄형법정주의에 반하는지 여부(소극)\n[3] 게임산업진흥에 관한 법률 시행령 제18조의3의 시행일 이전에 행해진 게임머니의 환전 등 행위를 처벌하는 것이 형벌법규의 소급효금지 원칙에 반하는지 여부(적극)",
  "jdgmnInfo": [
    {
      "question": "게임산업진흥에 관한 법률 시행령 제18조의3의 시행일 이전에 행해진 게임머니의 환전 등 행위를 처벌하는 것은 형벌법규의 소급효금지 원칙에 위배되는가?",
      "answer": "긍정"
    }
  ],
  "Summary": [
    {
      "summ_contxt": "게임산업진흥에 관한 법률 시행령 제18조의3의 시행일 이전에 행해진 게임머니의 환전 등 행위를 처벌하는 것이 형벌법규의 소급효금지 원칙에 위배된다는 상고이유의 주장은, 헌법 제13조 제1항 전단과 형법 제1조 제1항은 형벌법규의 소급효금지 원칙을 밝히고 있고, 2007. 1. 19. 제8247호로 법률이 개정되면서 시행된 법 제44조 제1항 제2호, 제32조 제1항 제7호와 2007. 5. 16. 제20058호로 대통령령이 개정되면서 신설된 법 시행령 제18조의3과 부칙 제1조에 의하면, 법 시행령 제18조의3의 시행일 이후 위 시행령 조항 각 호에 규정된 게임머니의 환전, 환전 알선, 재매입 영업행위가 처벌되는 것이므로, 그 시행일 이전에 위 시행령 조항 각 호에 규정된 게임머니를 환전, 환전 알선, 재매입한 영업행위를 처벌하는 것은 형벌법규의 소급효금지 원칙에 위배된다.",
      "summ_pass": "게임산업진흥에 관한 법률 시행령 제18조의3의 시행일 이전에 행해진 게임머니의 환전 등 행위를 처벌하는 것이 형벌법규의 소급효금지 원칙에 위배된다는 상고이유의 주장은, 게임산업진흥에 관한 법률 시행령 제18조의3의 시행일 이전에 행해진 게임머니의 환전 등 행위를 처벌하는 것이 형벌법규의 소급효금지 원칙에 위배된다."
    }
  ],
  "keyword_tagg": [
    {
      "id": 1,
      "keyword": "형벌법규의 소급효금지 원칙"
    }
  ],
  "Reference_info": {
    "reference_rules": "[1] 게임산업진흥에 관한 법률 제32조 제1항 제7호, 제44조 제1항 제2호, 게임산업진흥에 관한 법률 시행령 제18조의3, 헌법 제12조 제1항, 제13조 제1항 [2] 헌법 제12조, 제75조, 게임산업진흥에 관한 법률 제32조 제1항 제7호, 게임산업진흥에 관한 법률 시행령 제18조의3 [3] 게임산업진흥에 관한 법률 제32조 제1항 제7호, 제44조 제1항 제2호, 게임산업진흥에 관한 법률 시행령 제18조의3, 부칙(2007. 5. 16.) 제1조, 형법 제1조 제1항 / 헌법 제12조, 제13조 제1항",
    "reference_court_case": "[1][2] 대법원 2000. 11. 16. 선고 98도3665 전원합의체 판결(공2001상, 100) [1] 대법원 2001. 11. 13. 선고 2001도3531 판결(공2002상, 122), 대법원 2003. 4. 11. 선고 2003도451 판결(공2003상, 1224) [2] 대법원 2000. 11. 16. 선고 98도3665 전원합의체 판결(공2001상, 100), 대법원 2007. 1. 26. 선고 2006도8419 판결"
  },
  "Class_info": {
    "class_name": "형사A(생활형)",
    "instance_name": "도박"
  }
}