{
  "info": {
    "id": 41014786,
    "dataType": "판결문",
    "caseNm": "폭력행위등처벌에관한법률위반(집단·흉기등상해)·총포·도검·화약류등단속법위반·명예훼손·정보통신망이용촉진및정보보호등에관한법률위반(명예훼손)",
    "caseTitle": "대법원 2008. 6. 12. 선고 2008도2621 판결",
    "courtType": "판례(대법원)",
    "courtNm": "대법원",
    "judmnAdjuDe": "2008-06-12",
    "caseNoID": "2008도2621",
    "caseNo": "2008도2621"
  },
  "jdgmn": "[1] 필요적 변호사건에서 제1심의 공판절차가 변호인 없이 이루어진 경우, 항소심이 취해야 할 조치\n[2] 개정 형사소송법 시행 전에 현행범을 체포하면서 압수한 증거물의 경우, 현행 형사소송법 제217조 제2항에 따라 압수영장을 발부받을 필요가 없다고 한 사례\n[3] 형사재판에서 자유심증주의의 한계 및 유죄로 인정하기 위한 심증형성의 정도에 있어 합리적 의심의 의미",
  "jdgmnInfo": [
    {
      "question": "추상적인 가능성에 근거한 의심이 합리적 의심에 포함되는가?",
      "answer": "부정"
    }
  ],
  "Summary": [
    {
      "summ_contxt": "증거의 증명력은 법관의 자유판단에 맡겨져 있으나(형사소송법 제308조), 그 판단은 논리와 경험칙에 합치하여야 하고, 형사재판에 있어서 유죄로 인정하기 위한 심증형성의 정도는 합리적인 의심을 할 여지가 없을 정도여야 하나(형사소송법 제307조 제2항), 이는 모든 가능한 의심을 배제할 정도에 이를 것까지 요구하는 것은 아니며, 증명력이 있는 것으로 인정되는 증거를 합리적인 근거가 없는 의심을 일으켜 이를 배척하는 것은 자유심증주의의 한계를 벗어나는 것으로 허용될 수 없다 할 것인바, 여기에서 말하는 합리적 의심이라 함은 모든 의문, 불신을 포함하는 것이 아니라 논리와 경험칙에 기하여 요증사실과 양립할 수 없는 사실의 개연성에 대한 합리성 있는 의문을 의미하는 것으로서, 피고인에게 유리한 정황을 사실인정과 관련하여 파악한 이성적 추론에 그 근거를 두어야 하는 것이므로 단순히 관념적인 의심이나 추상적인 가능성에 기초한 의심은 합리적 의심에 포함된다고 할 수 없다.",
      "summ_pass": "합리적 의심이라 함은 모든 의문, 불신을 포함하는 것이 아니라 논리와 경험칙에 기하여 요증사실과 양립할 수 없는 사실의 개연성에 대한 합리성 있는 의문을 의미하는 것으로서, 피고인에게 유리한 정황을 사실인정과 관련하여 파악한 이성적 추론에 그 근거를 두어야 하는 것이므로 단순히 관념적인 의심이나 추상적인 가능성에 기초한 의심은 합리적 의심에 포함된다고 할 수 없다."
    }
  ],
  "keyword_tagg": [
    {
      "id": 1,
      "keyword": "자유심증주의의 한계"
    },
    {
      "id": 2,
      "keyword": "합리적인 의심"
    }
  ],
  "Reference_info": {
    "reference_rules": "[1] 형사소송법 제282조 [2] 형사소송법 제308조의2 [3] 형사소송법 제308조",
    "reference_court_case": "[1] 대법원 1995. 4. 25. 선고 94도2347 판결(공1995상, 2010) [3] 대법원 2004. 6. 25. 선고 2004도2221 판결(공2004하, 1290)"
  },
  "Class_info": {
    "class_name": "형사A(생활형)",
    "instance_name": "폭행"
  }
}