{
  "info": {
    "id": 38015421,
    "dataType": "판결문",
    "caseNm": "컴퓨터등장애업무방해",
    "caseTitle": "대법원 2009. 3. 12. 선고 2008도11187 판결",
    "courtType": "판례(대법원)",
    "courtNm": "대법원",
    "judmnAdjuDe": "2009-03-12",
    "caseNoID": "2008도11187",
    "caseNo": "2008도11187"
  },
  "jdgmn": "[1] 불특정 다수인의 업무처리에 사용되는 컴퓨터 등을 대상으로 범한 컴퓨터 등 장애 업무방해죄에 대한 공소사실의 특정 정도\n[2] 컴퓨터 등 장애 업무방해죄에 관한 공소사실에 ‘컴퓨터 사용자들의 컴퓨터 사용에 관한 업무’라고 기재한 것만으로는 피해자나 방해된 업무의 내용을 알 수 없어 그 공소사실이 특정되지 않았다고 한 사례",
  "jdgmnInfo": [
    {
      "question": "컴퓨터 등 장애 업무방해죄에 관한 공소사실에 ‘컴퓨터 사용자들의 컴퓨터 사용에 관한 업무’라고 기재한 것만으로 피해자나 방해된 업무의 내용을 심리·판단할 수 있는가?",
      "answer": "부정"
    }
  ],
  "Summary": [
    {
      "summ_contxt": "공소사실과 같이 ‘컴퓨터 사용자들의 컴퓨터 사용에 관한 업무’라는 기재만으로는 방해된 업무의 내용이 구체적으로 무엇인지 알 수가 없어 형법 제314조 제2항의 보호객체인 업무에 해당하는지를 심리·판단할 수 없으므로, 이 사건 공소사실 중 컴퓨터 등 장애 업무방해의 점은 공소장에 구체적인 범죄사실의 기재가 없어 형사소송법 제327조 제2호에 의하여 ‘공소제기의 절차가 법률의 규정에 위반하여 무효인 때’에 해당한다고 할 것이다. 같은 취지에서 원심이 이 사건 공소사실 중 컴퓨터 등 장애 업무방해의 점에 관한 공소사실을 특정할 수 없다고 판단한 것은 정당하다. 원심판결에는 상고이유 주장과 같이 공소사실의 특정에 관한 법리를 오해한 위법이 없다.",
      "summ_pass": "공소사실과 같이 ‘컴퓨터 사용자들의 컴퓨터 사용에 관한 업무’라는 기재만으로는 방해된 업무의 내용이 구체적으로 무엇인지 알 수가 없어 형법 제314조 제2항의 보호객체인 업무에 해당하는지를 심리·판단할 수 없으므로, 같은 취지에서 원심이 이 사건 공소사실 중 컴퓨터 등 장애 업무방해의 점에 관한 공소사실을 특정할 수 없다고 판단한 것은 정당하다. 원심판결에는 상고이유 주장과 같이 공소사실의 특정에 관한 법리를 오해한 위법이 없다."
    }
  ],
  "keyword_tagg": [
    {
      "id": 1,
      "keyword": "컴퓨터 등 장애 업무방해"
    },
    {
      "id": 2,
      "keyword": "법리 오해"
    }
  ],
  "Reference_info": {
    "reference_rules": "[1] 형법 제314조 제2항, 형사소송법 제254조 제4항 [2] 형법 제314조 제2항, 형사소송법 제254조 제4항, 제327조 제2호",
    "reference_court_case": ""
  },
  "Class_info": {
    "class_name": "형사A(생활형)",
    "instance_name": "업무방해"
  }
}