{
  "info": {
    "id": 41014776,
    "dataType": "판결문",
    "caseNm": "폭력행위등처벌에관한법률위반(공동공갈)",
    "caseTitle": "대법원 2008. 8. 21. 선고 2008도3657 판결",
    "courtType": "판례(대법원)",
    "courtNm": "대법원",
    "judmnAdjuDe": "2008-08-21",
    "caseNoID": "2008도3657",
    "caseNo": "2008도3657"
  },
  "jdgmn": "폭력행위 등 처벌에 관한 법률 제2조 제1항의 상습성을 구성하는 범죄행위의 범위 및 상습폭력범죄의 죄수 판단 방법",
  "jdgmnInfo": [
    {
      "question": "폭력행위 등 처벌에 관한 법률 제2조 제1항의 상습성을 구성하는 범죄행위의 범위 및 상습폭력범죄의 죄수는 포괄일죄인가?",
      "answer": "긍정"
    }
  ],
  "Summary": [
    {
      "summ_contxt": "폭력행위 등 처벌에 관한 법률 제2조 제1항에서 말하는 ‘상습’이란 같은 항 각 호에 열거된 각 범죄행위 상호간의 상습성만을 의미하는 것이 아니라, 같은 항 각 호에 열거된 모든 범죄행위를 포괄한 폭력행위의 습벽을 의미하는 것이라고 해석함이 상당하므로, 위와 같은 습벽을 가진 자가 폭력행위 등 처벌에 관한 법률 제2조 제1항 각 호에 열거된 형법 각 조 소정의 다른 수종의 죄를 범하였다면 그 각 행위는 그 각 호 중 가장 중한 법정형의 상습폭력범죄의 포괄일죄에 해당한다.",
      "summ_pass": "위와 같은 습벽을 가진 자가 폭력행위 등 처벌에 관한 법률 제2조 제1항 각 호에 열거된 형법 각 조 소정의 다른 수종의 죄를 범하였다면 그 각 행위는 그 각 호 중 가장 중한 법정형의 상습폭력범죄의 포괄일죄에 해당한다."
    }
  ],
  "keyword_tagg": [
    {
      "id": 1,
      "keyword": "폭력행위 등 처벌에 관한 법률"
    },
    {
      "id": 2,
      "keyword": "상습폭력범죄"
    }
  ],
  "Reference_info": {
    "reference_rules": "폭력행위 등 처벌에 관한 법률 제2조 제1항",
    "reference_court_case": "대법원 1976. 11. 23. 선고 76도3286 판결, 대법원 1990. 4. 24. 선고 90도653 판결(공1990상, 1199)"
  },
  "Class_info": {
    "class_name": "형사A(생활형)",
    "instance_name": "폭행"
  }
}