{
  "info": {
    "id": 38015464,
    "dataType": "판결문",
    "caseNm": "특정경제범죄가중처벌등에관한법률위반(배임)·특정범죄가중처벌등에관한법률위반(조세)·증권거래법위반(삼성 에버랜드 전환사채 등 저가발행 사건)",
    "caseTitle": "서울고등법원 2008. 10. 10. 선고 2008노1841 판결 : 상고",
    "courtType": "판례(하급심)",
    "courtNm": "서울고등법원",
    "judmnAdjuDe": "2008-10-10",
    "caseNoID": "2008노1841",
    "caseNo": "2008노1841"
  },
  "jdgmn": "[1] 회사 경영자가 조세를 회피하면서 지배권을 이전할 목적으로 저가로 신주 등을 주주 배정방식 또는 제3자 배정방식으로 발행한 경우, 업무상배임죄가 성립하는지 여부(소극)\n[2] 대기업 회장과 그룹 계열 비상장회사의 대표이사 등이 적법한 절차 없이 전환사채와 신주인수권부사채를 저가로 발행하여 회장 자녀에게 배정함으로써 조세를 회피하면서 회사의 지배권을 확보하고 재산상 이익을 취득하게 한 사안에서, 전환사채·신주인수권부사채의 저가발행으로 회사에 손해가 발생하였다고 볼 수 없어 특정경제범죄 가중처벌 등에 관한 법률 위반(배임)죄가 성립하지 않는다고 한 사례\n[3] 대기업 회장의 개인재산 관리업무자들이 상장주식 양도소득세 과세 규정이 신설되기 전에 차명 증권위탁계좌로 회장 소유의 주식을 취득·매도하고 그 양도소득을 신고하지 않은 사안에서, 이는 단순한 무신고에 불과하여 사기 기타 부정한 방법에 의한 조세포탈에 해당하지 않는다고 한 사례",
  "jdgmnInfo": [
    {
      "question": "대기업 회장의 개인재산 관리업무자들이 상장주식 양도소득세 과세 규정이 신설되기 전에 차명 증권위탁계좌로 회장 소유의 주식을 취득·매도하고 그 양도소득을 신고하지 않았다면, 이 행위가 조세포탈에 해당하는가?",
      "answer": "부정"
    }
  ],
  "Summary": [
    {
      "summ_contxt": "(1) 피고인 이건희의 선대 이병철 회장이 차명계좌를 이용한 이유가 각종 행정법규상의 규제나 제재, 조세당국의 자금출처 조사를 통한 조세부과, 기타 사회적인 비난 등을 회피하기 위한 탈법적 목적이 있었다거나, 피고인 이건희가 위 차명계좌를 그대로 상속받으면서 상속세를 포탈하였다고 하더라도 이러한 사정은 사기 및 부정한 행위의 판단에 영향을 미치는 요소라고 보기는 어려운 점, (2) 금융실명제 실시에도 불구하고 실명화하지 않고, 차명계좌를 유지하였다고 하더라도, 이러한 부작위를 바로 사기 기타 부정한 행위에 해당한다고 볼 수는 없는 점을 더하여 보면, 1998. 12. 31. 이전에 취득한 주식을 양도함으로써 얻은 양도소득에 해당하는 부분에 대하여는 단순한 무신고에 불과하여 조세포탈이라고 인정할 수 없다고 할 것이다.",
      "summ_pass": "상장주식 양도소득세 과세 규정이 신설되기 전에 차명 증권위탁계좌로 주식을 취득·매도하고 그 양도소득을 신고하지 않은 사안에서, 이는 단순한 무신고에 불과하여 사기 기타 부정한 방법에 의한 조세포탈에 해당하지 않는다."
    }
  ],
  "keyword_tagg": [
    {
      "id": 1,
      "keyword": "사기 기타 부정한 행위"
    },
    {
      "id": 2,
      "keyword": "금융실명제"
    }
  ],
  "Reference_info": {
    "reference_rules": "[1] 형법 제356조, 상법 제424조의2 [2] 특정경제범죄 가중처벌 등에 관한 법률 제3조 제1항 [3] 조세범처벌법 제9조 제1항, 소득세법(1999. 8. 31. 법률 제5994호로 개정되기 전의 것) 제94조 제3호, 소득세법 시행령(2000. 3. 28. 대통령령 제16762호로 개정되기 전의 것) 제157조",
    "reference_court_case": ""
  },
  "Class_info": {
    "class_name": "형사A(생활형)",
    "instance_name": "조세포탈"
  }
}