{
  "info": {
    "id": 38015153,
    "dataType": "판결문",
    "caseNm": "조세범처벌법위반",
    "caseTitle": "대법원 2009. 7. 23. 선고 2009도3131 판결",
    "courtType": "판례(대법원)",
    "courtNm": "대법원",
    "judmnAdjuDe": "2009-07-23",
    "caseNoID": "2009도3131",
    "caseNo": "2009도3131"
  },
  "jdgmn": "[1] 조세범처벌법 제4조에서 ‘형법 제38조 제1항 제2호 중 벌금경합에 관한 제한가중규정을 적용하지 아니한다’는 문언의 의미\n[2] 실체적 경합범 관계에 있는 구 조세범처벌법 제11조의2 제4항과 조세범처벌법 제11조의2 제4항 제3호의 각 범칙행위를 벌금형으로 처단하면서, 형법 제38조 제1항 제2호의 벌금경합에 관한 제한가중규정에 따른 처단형의 범위 안에서 벌금형을 선고한 원심판결을 파기한 사례",
  "jdgmnInfo": [
    {
      "question": "실체적 경합범 관계에 있는 구 조세범처벌법 제11조의2 제4항과 조세범처벌법 제11조의2 제4항 제3호의 각 범칙행위를 벌금형으로 처단하면서, 형법 제38조 제1항 제2호의 벌금경합에 관한 제한가중규정에 따른 벌급형이 적용이 되는가?",
      "answer": "부정"
    }
  ],
  "Summary": [
    {
      "summ_contxt": "구 「조세범처벌법」(2004. 12. 31. 법률 제7321호로 개정되기 전의 것) 제11조의2 제4항 각 위반의 점과 「조세범처벌법」 제11조의2 제4항 제3호 각 위반의 점으로 공소가 제기된 이 사건 피고인에 대한 벌금형의 처단형을 정함에 있어서, 위 각 위반죄 상호간에 실체적 경합범의 관계가 있으므로 「형법」 제38조 제1항 제2호를 적용하여 그 형이 가장 무거운 그 판시 2006. 1. 25.자 허위 매입처별 세금계산서 합계표 제출로 인한 조세범처벌법 위반죄에 정한 벌금형에 1/2 경합범 가중을 한 형량의 범위 안에서 처단형을 정하여야 한다는 이유를 들어, 그에 따른 처단형의 범위 안에서 벌금형을 선고하였다. 그러나 앞서 본 법리에 비추어, 이러한 원심의 판단은 「조세범처벌법」 제4조의 법리를 오해하여 판결에 영향을 미친 위법이 있다 할 것이므로, 원심판결은 파기를 면할 수 없다.",
      "summ_pass": "그러나 앞서 본 법리에 비추어, 이러한 원심의 판단은 「조세범처벌법」 제4조의 법리를 오해하여 판결에 영향을 미친 위법이 있다 할 것이므로, 원심판결은 파기를 면할 수 없다."
    }
  ],
  "keyword_tagg": [
    {
      "id": 1,
      "keyword": "실체적 경합범의 관계"
    },
    {
      "id": 2,
      "keyword": "조세범처벌법 위반"
    }
  ],
  "Reference_info": {
    "reference_rules": "[1] 조세범처벌법 제4조, 제11조의2, 형법 제38조 제1항 제2호 [2] 조세범처벌법 제4조, 제11조의2 제4항 제3호, 구 조세범처벌법(2004. 12. 31. 법률 제7321호로 개정되기 전의 것) 제11조의2 제4항, 형법 제38조 제1항 제2호",
    "reference_court_case": "[1] 대법원 1984. 2. 28. 선고 83도2470 판결(공1984, 642), 대법원 1996. 5. 31. 선고 94도952 판결(공1996하, 2076)"
  },
  "Class_info": {
    "class_name": "형사A(생활형)",
    "instance_name": "조세"
  }
}