{
  "info": {
    "id": 38015132,
    "dataType": "판결문",
    "caseNm": "특정경제범죄가중처벌등에관한법률위반(배임)·뇌물수수·특정범죄가중처벌등에관한법률위반(뇌물)",
    "caseTitle": "대법원 2009. 9. 10. 선고 2009도5657 판결",
    "courtType": "판례(대법원)",
    "courtNm": "대법원",
    "judmnAdjuDe": "2009-09-10",
    "caseNoID": "2009도5657",
    "caseNo": "2009도5657"
  },
  "jdgmn": "[1] 한국어항협회의 임원 또는 직원에 대하여 형법 제129조의 뇌물수수죄를 적용하기 위한 요건\n[2] 한국어항협회의 임원이 해양쓰레기 정화사업을 수주함에 있어 편의를 봐달라는 취지의 부탁과 함께 1,000만 원의 뇌물을 수수하였다는 공소사실에 대하여, 한국어항협회의 ‘해양폐기물 수거·처리사무’는 구 어항법 제38조의2 규정에 의하여 공무원 의제가 적용되는 사무에 해당하지 않으므로 형법 제129조의 뇌물수수죄가 적용되지 않는다고 판단한 사례\n[3] 뇌물죄에서 뇌물성 또는 직무관련성의 판단 기준",
  "jdgmnInfo": [
    {
      "question": "한국어항협회의 임원이 해양쓰레기 정화사업을 수주함에 있어 편의 제공의 부탁으로 1,000만 원의 수수한 것인 뇌물 수수죄에 해당하는가?",
      "answer": "부정"
    }
  ],
  "Summary": [
    {
      "summ_contxt": "피고인 1이 구 어항법 제38조의2의 규정에 의하여 공무원으로 의제되는 사람이라고 단정할 수 없다. 그럼에도 원심은, 피고인 1이 구 어항법 제38조의2의 규정에 의하여 공무원으로 의제되는 사람임을 전제로, 피고인 1이 2005. 11. 28. 공소외 1로부터 해양쓰레기 정화사업을 수주함에 있어 편의를 봐달라는 취지의 부탁과 함께 1,000만 원의 뇌물을 수수하였다는 이 사건 공소사실을 유죄로 인정하였으니, 원심판결에는 구 어항법 제38조의2에서 정한 공무원 의제에 관한 법리를 오해함으로써 판결의 결과에 영향을 미친 위법이 있다고 할 것이다.",
      "summ_pass": "피고인 1이 2005. 11. 28. 공소외 1로부터 해양쓰레기 정화사업을 수주함에 있어 편의를 봐달라는 취지의 부탁과 함께 1,000만 원의 뇌물을 수수하였다는 이 사건 공소사실을 유죄로 인정하였으니, 원심판결에는 구 어항법 제38조의2에서 정한 공무원 의제에 관한 법리를 오해함으로써 판결의 결과에 영향을 미친 위법이 있다고 할 것이다."
    }
  ],
  "keyword_tagg": [
    {
      "id": 1,
      "keyword": "공무원으로 의제"
    },
    {
      "id": 2,
      "keyword": "법리 오해"
    }
  ],
  "Reference_info": {
    "reference_rules": "[1] 구 어항법(2005. 5. 31. 법률 제7571호로 제정되어 2005. 12. 1. 시행된 어촌·어항법 부칙 제2호로 폐지되기 전의 것) 제35조 제3항(현행어촌·어항법 제56조 제3항 참조), 제38조의2(현행어촌·어항법 제59조 참조), 형법 제129조 제1항 [2] 구 어항법(2005. 5. 31. 법률 제7571호로 제정되어 2005. 12. 1. 시행된 어촌·어항법 부칙 제2호로 폐지되기 전의 것) 제38조의2(현행어촌·어항법 제59조 참조), 구 어항법 시행령 제30조 제3항(현행어촌·어항법 시행령 제44조 제2항 제5호 참조), 구 해양오염방지법(2007. 1. 19. 법률 제8260호로 제정되어 2008. 1. 20. 시행된 해양환경관리법 부칙 제2조에 의하여 폐지되기 전의 것) 제4조의7 제2호(현행해양환경관리법 제18조 제1항 제2호 참조), 형법 제129조 제1항 [3] 형법 제129조 제1항",
    "reference_court_case": "[3] 대법원 2001. 10. 12. 선고 2001도3579 판결(공2001하, 2510), 대법원 2002. 7. 26. 선고 2001도6721 판결(공2002하, 2142), 대법원 2008. 2. 1. 선고 2007도5190 판결"
  },
  "Class_info": {
    "class_name": "형사A(생활형)",
    "instance_name": "특정경제범죄가중처벌"
  }
}