{
  "info": {
    "id": 38015293,
    "dataType": "판결문",
    "caseNm": "보건범죄단속에관한특별조치법위반(부정의료업자)·의료법위반",
    "caseTitle": "대구지방법원 2010. 4. 1. 선고 2009고단5167 판결 : 항소",
    "courtType": "판례(하급심)",
    "courtNm": "대구지방법원",
    "judmnAdjuDe": "2010-04-01",
    "caseNoID": "2009고단5167",
    "caseNo": "2009고단5167"
  },
  "jdgmn": "안마사인 피고인이 한의사가 아님에도 영리를 목적으로 불특정 다수인을 상대로 침(鍼)을 놓아 한방의료행위를 업으로 하였다는 보건범죄 단속에 관한 특별조치법 위반의 공소사실에 대하여, 안마사의 업무범위에는 침의 종류를 불문하고 침술행위는 포함되지 않는다는 이유로 유죄를 인정한 사례",
  "jdgmnInfo": [
    {
      "question": "안마사의 업무범위에는 침의 종류를 불문하고 침술행위가 포함되는가?",
      "answer": "부정"
    }
  ],
  "Summary": [
    {
      "summ_contxt": "피고인이 적법한 자격을 취득한 침사인 것처럼 안마보다는 침술행위를 주업으로 영업하여 온 것으로 보일 뿐만 아니라, 피해자 공소외 2를 장기간 진료하여 오면서도 그 증상의 변화 등에 대하여 주도면밀하게 관찰하지 못하고 오히려 부적절한 치료행위를 함으로써 심각한 후유장애를 초래한 점, 피고인의 영업실태와 영업기간에 비추어 상당한 범행이익을 취득하였을 것으로 보이는 점 등을 고려하면 피고인에게 실형을 선고하지 않을 수 없다.\n다만, 피고인이 보건사회부의 잘못된 유권해석과 대구안마사협회의 교육내용 등을 그대로 믿은 나머지 안마사도 일정한 범위 내에서 침술행위를 할 수 있는 것으로 알고서 한국맹인침사협회로부터 침술(물리요법 포함)교육까지 받고 침술행위를 하여 왔던 점, 정부가 취업이 어려운 시각장애인의 복지를 지나치게 의식한 나머지 안마사의 업무범위와 그 위반행위 단속에 대하여 분명한 입장을 취하지 아니한 것이 이 사건 범행의 원인(遠因)이 되었던 것으로 보이는 점, 피고인이 1급 시각장애인으로서 청각장애인인 처와 함께 생활하고 있는 점, 피해자 공소외 2에게도 상당한 잘못이 있는 점 등을 참작하여 주문과 같이 형을 정한다.",
      "summ_pass": "정부가 취업이 어려운 시각장애인의 복지를 지나치게 의식한 나머지 안마사의 업무범위와 그 위반행위 단속에 대하여 분명한 입장을 취하지 아니한 것이 이 사건 범행의 원인(遠因)이 되었던 것으로 보이는 점, 피고인이 1급 시각장애인으로서 청각장애인인 처와 함께 생활하고 있는 점, 피해자 공소외 2에게도 상당한 잘못이 있는 점 등을 참작하여 주문과 같이 형을 정한다."
    }
  ],
  "keyword_tagg": [
    {
      "id": 1,
      "keyword": "침술행위"
    },
    {
      "id": 2,
      "keyword": "시각장애인"
    },
    {
      "id": 3,
      "keyword": "잘못된 유권해석"
    },
    {
      "id": 4,
      "keyword": "범행이익"
    },
    {
      "id": 5,
      "keyword": "위반행위 단속"
    }
  ],
  "Reference_info": {
    "reference_rules": "형법 제16조, 보건범죄 단속에 관한 특별조치법 제5조, 의료법 제27조 제1항, 제81조 제1항, 제82조 제1항, 제88조, 구 안마사에 관한 규칙(2008. 4. 11. 보건복지가족부령 제8호로 개정되기 전의 것) 제2조, 안마사에 관한 규칙 제2조, 접골사·침사·구사·안마사자격시험규정 제3조, 제5조, 간호조무사 및 의료유사업자에 관한 규칙 제2조 제3항",
    "reference_court_case": "대법원 1999. 3. 26. 선고 98도2481 판결(공1999상, 818), 대법원 2006. 6. 16. 선고 2005도5923 판결, 대법원 2009. 5. 14. 선고 2007도5531 판결(공2009상, 906) / 헌법재판소 2008. 10. 30. 선고 2006헌마1098, 1116, 1117 전원재판부 결정(헌공145, 1554)"
  },
  "Class_info": {
    "class_name": "형사A(생활형)",
    "instance_name": "보건/위생"
  }
}