{
  "info": {
    "id": 38015178,
    "dataType": "판결문",
    "caseNm": "공무상비밀누설",
    "caseTitle": "대법원 2009. 6. 11. 선고 2009도2669 판결",
    "courtType": "판례(대법원)",
    "courtNm": "대법원",
    "judmnAdjuDe": "2009-06-11",
    "caseNoID": "2009도2669",
    "caseNo": "2009도2669"
  },
  "jdgmn": "[1] 공무상비밀누설죄에서 ‘법령에 의한 직무상 비밀’의 의미와 보호법익\n[2] 피고인이 유출한 FTA 관련 문건의 내용이 직무상 비밀에 해당한다고 본 사례",
  "jdgmnInfo": [
    {
      "question": "피고인이 유출한 FTA 관련 문건의 내용이 직무상 비밀에 해당하는가?",
      "answer": "불명"
    }
  ],
  "Summary": [
    {
      "summ_contxt": "적어도 이 사건 문건 중 그 판시와 같은 기재 부분은 정부나 공무소 또는 국민이 객관적, 일반적인 입장에서 외부에 알려지지 않는 것에 상당한 이익이 있는 사항으로서, 실질적으로 비밀로서 보호할 가치가 있는 직무상 비밀에 해당한다고 판단하였다. 앞서 본 법리와 기록에 비추어 살펴보면, 원심의 위와 같은 판단은 정당한 것으로 수긍할 수 있고, 거기에 상고이유의 주장과 같은 직무상 비밀에 관한 법리오해 등의 위법이 없다.",
      "summ_pass": "원심의 위와 같은 판단은 정당한 것으로 수긍할 수 있고, 거기에 상고이유의 주장과 같은 직무상 비밀에 관한 법리오해 등의 위법이 없다."
    }
  ],
  "keyword_tagg": [
    {
      "id": 1,
      "keyword": "직무상 비밀"
    },
    {
      "id": 2,
      "keyword": "상고이유"
    }
  ],
  "Reference_info": {
    "reference_rules": "[1] 형법 제127조 [2] 형법 제127조",
    "reference_court_case": "[1] 대법원 1982. 6. 22. 선고 80도2822 판결(공1982, 710), 대법원 2003. 12. 26. 선고 2002도7339 판결(공2004상, 291), 대법원 2007. 6. 14. 선고 2004도5561 판결(공2007하, 1108)"
  },
  "Class_info": {
    "class_name": "형사A(생활형)",
    "instance_name": "배임"
  }
}