{
  "info": {
    "id": 38015283,
    "dataType": "판결문",
    "caseNm": "배임수재",
    "caseTitle": "대법원 2010. 4. 15. 선고 2009도4791 판결",
    "courtType": "판례(대법원)",
    "courtNm": "대법원",
    "judmnAdjuDe": "2010-04-15",
    "caseNoID": "2009도4791",
    "caseNo": "2009도4791"
  },
  "jdgmn": "[1] 장래에 담당할 임무에 관하여 부정한 청탁을 받고 재물 또는 재산상 이익을 취득한 후 그 임무를 현실적으로 담당하게 된 경우, 배임수재죄의 성립이 인정되는지 여부(적극)\n[2] 방송국 예능담당 프로듀서인 피고인이 연예기획사 운영자로부터 상당한 시세차익이 예상되는 주식의 매수기회를 제공받음으로써 피고인이 제작하는 예능프로그램 등에 그 소속 연예인을 출연시키거나 뮤직비디오를 방영해 달라는 청탁을 받고, 이 주식을 매수함으로써 재산상 이익을 취득한 사안에서, 배임수재죄의 성립을 인정한 사례",
  "jdgmnInfo": [
    {
      "question": "장래에 담당할 임무에 관하여 부정한 청탁을 받고 재물 또는 재산상 이익을 취득한 후 그 임무를 현실적으로 담당하게 된 경우, 배임수재죄가 성립되는가?",
      "answer": "긍정"
    }
  ],
  "Summary": [
    {
      "summ_contxt": "타인의 사무를 처리하는 자가 그 신임관계에 기한 사무의 범위에 속한 것으로서 장래에 담당할 것이 합리적으로 기대되는 임무에 관하여 부정한 청탁을 받고 재물 또는 재산상 이익을 취득한 후 그 청탁에 관한 임무를 현실적으로 담당하게 되었다면 이로써 타인의 사무를 처리하는 자의 청렴성은 훼손되는 것이어서 배임수재죄의 성립을 인정할 수 있는바, 설령 피고인이 위와 같이 부정한 청탁을 받을 당시에는 그 청탁과 관련한 임무로서 현실적으로 담당하고 있던 것이 없었다 하더라도, 앞서 본 사실관계에 의하면, 피고인이 위와 같이 부정한 청탁을 받고 재산상 이익을 취득한 후 실제 그 청탁과 관련한 임무를 담당하게 되었고 이는 그 청탁 당시 장래에 담당할 것이 합리적으로 기대되었던 임무라고 볼 수 있으므로, 피고인에게 배임수재죄가 성립하지 않는다고 할 수 없다. 이에 관한 상고이유의 주장은 이유 없다.\n한편 앞서 본 바와 같은 여러 사정에 비추어, 이 사건은 피고인이 상고이유에서 드는 대법원 2009도5080 판결과는 사안이 다르다.\n그러므로 상고를 기각하기로 관여 대법관의 의견이 일치되어 주문과 같이 판결한다.",
      "summ_pass": "피고인이 위와 같이 부정한 청탁을 받고 재산상 이익을 취득한 후 실제 그 청탁과 관련한 임무를 담당하게 되었고 이는 그 청탁 당시 장래에 담당할 것이 합리적으로 기대되었던 임무라고 볼 수 있으므로, 피고인에게 배임수재죄가 성립하지 않는다고 할 수 없다. 이에 관한 상고이유의 주장은 이유 없다. 한편 앞서 본 바와 같은 여러 사정에 비추어, 이 사건은 피고인이 상고이유에서 드는 대법원 2009도5080 판결과는 사안이 다르다."
    }
  ],
  "keyword_tagg": [
    {
      "id": 1,
      "keyword": "배임수재"
    },
    {
      "id": 2,
      "keyword": "신임관계"
    },
    {
      "id": 3,
      "keyword": "부정한 청탁"
    }
  ],
  "Reference_info": {
    "reference_rules": "[1] 형법 제357조 제1항 [2] 형법 제357조 제1항",
    "reference_court_case": "[2] 대법원 2009. 11. 26. 선고 2009도5080 판결"
  },
  "Class_info": {
    "class_name": "형사A(생활형)",
    "instance_name": "배임"
  }
}