{
  "info": {
    "id": 38015169,
    "dataType": "판결문",
    "caseNm": "과실폭발성물건파열·업무상과실치사·업무상과실치상·과실치사·과실치상·액화석유가스의안전관리및사업법위반",
    "caseTitle": "청주지방법원 2009. 6. 25. 선고 2009고합6 판결 : 항소",
    "courtType": "판례(하급심)",
    "courtNm": "청주지방법원",
    "judmnAdjuDe": "2009-06-25",
    "caseNoID": "2009고합6",
    "caseNo": "2009고합6"
  },
  "jdgmn": "[1] 액화석유가스의 안전관리 및 사업법 제11조에 의한 액화석유가스 판매업자의 업무상 주의의무\n[2] 아파트 거주자가 이사를 가거나 올 때마다 직접 방문하여 가스레인지를 탈·부착하고 가스시설에 대한 안전관리·점검을 해 오던 액화석유가스 집단공급사업자가, 종전 거주자나 새로운 거주자의 연락을 받았음에도 다른 일 때문에 가스시설에 대한 안전점검을 하지 못하고 안전 사용에 관한 내용도 지도하지 않고 있던 사이에, 무자격자인 이사대행업체 직원에 의해 가스레인지만 철거되고 봉인조치 등 가스 누출 방지를 위한 조치가 행해지지 않은 상태에서 새로운 거주자가 온수 사용을 위해 가스 밸브를 열었다가 가스폭발사고가 발생한 사안에서, 종전 거주자, 이사대행업체 직원, 액화석유가스 집단공급사업자의 공동 과실과 가스폭발사고 사이에 상당인과관계가 있다고 한 사례",
  "jdgmnInfo": [
    {
      "question": "액화석유가스 사업자가, 종전 거주자나 새로운 거주자의 연락을 받았음에도 가스시설에 대한 안전점검을 하지 못하고, 무자격자인 이사대행업체 직원에 의해 가스레인지만 철거되고 봉인조치 등 가스 누출 방지를 위한 조치가 행해지지 않은 상태에서 새로운 거주자가 온수 사용을 위해 가스 밸브를 열었다가 가스폭발사고가 발생한 사안에서, 종전 거주자, 이사대행업체 직원, 액화석유가스 집단공급사업자의 공동 과실과 가스폭발사고 사이에 인과 관계가 있는가?",
      "answer": "긍정"
    }
  ],
  "Summary": [
    {
      "summ_contxt": "피고인들의 각 과실이 경합하여 발생한 이 사건 가스폭발사고로 인하여 2명의 피해자가 사망하고 1명의 피해자가 중상을 입는 등 범행의 결과가 매우 중하다. 그러함에도 피고인들은 피해자측과 합의하려는 노력을 기울이지 않았고, 피고인 2, 3의 경우 자신의 과실을 인정하기보다는 다른 공동피고인들에게 책임을 전가하려 하는 등 범행 후 정황이 좋지 않다고 보인다. 그러나 한편으로 피고인들은 별다른 범죄전력이 없이 생활하여 온 사람들이고, 자신들의 과실이 이 사건 사고에 어떻게 영향을 미친 것인지, 그 정도는 어디까지인지 등과 같은 법률적 평가에 대하여 충분히 의문을 가질 수 있었다고 보이는 사정과 제반 양형조건을 감안하여, 피고인들에 대하여 주문과 같이 형을 정하여 선고하기로 한다.",
      "summ_pass": "그러나 한편으로 피고인들은 별다른 범죄전력이 없이 생활하여 온 사람들이고, 자신들의 과실이 이 사건 사고에 어떻게 영향을 미친 것인지, 그 정도는 어디까지인지 등과 같은 법률적 평가에 대하여 충분히 의문을 가질 수 있었다고 보이는 사정과 제반 양형조건을 감안하여, 피고인들에 대하여 주문과 같이 형을 정하여 선고하기로 한다."
    }
  ],
  "keyword_tagg": [
    {
      "id": 1,
      "keyword": "공동피고인"
    },
    {
      "id": 2,
      "keyword": "폭발사고"
    }
  ],
  "Reference_info": {
    "reference_rules": "[1] 액화석유가스의 안전관리 및 사업법 제11조 [2] 액화석유가스의 안전관리 및 사업법 제11조, 제48조 제3호, 제50조 제3호, 형법 제172조",
    "reference_court_case": "[1] 대법원 2001. 6. 1. 선고 99도5086 판결(공2001하, 1554), 대법원 2006. 4. 27. 선고 2006도818 판결, 대법원 2006. 5. 12. 선고 2006도819 판결"
  },
  "Class_info": {
    "class_name": "형사A(생활형)",
    "instance_name": "업무상과실"
  }
}