{
  "info": {
    "id": 42016923,
    "dataType": "판결문",
    "caseNm": "근로기준법 위반(인정된죄명:근로자퇴직급여보장법 위반)",
    "caseTitle": "대법원 2011. 10. 13. 선고 2009도8248 판결",
    "courtType": "판례(대법원)",
    "courtNm": "대법원",
    "judmnAdjuDe": "2011-10-13",
    "caseNoID": "2009도8248",
    "caseNo": "2009도8248"
  },
  "jdgmn": "[1] 사용자가 근로자에게 매월 지급하는 월급이나 매일 지급하는 일당과 함께 일정 금액의 퇴직금을 미리 지급하기로 한 ‘퇴직금 분할 약정’의 효력(=원칙적 무효) 및 위 약정에 따라 사용자가 근로자에게 퇴직금 명목의 금원을 지급한 경우 퇴직금 지급의 효력이 있는지 여부(소극)\n[2] 퇴직금 지급의무의 존부와 범위에 관하여 다툴 만한 근거가 있는 경우, 사용자에게 근로자퇴직급여 보장법 제31조, 제9조 위반죄의 고의를 인정할 수 있는지 여부(소극) 및 퇴직금 등 지급의무의 존부와 범위에 관하여 다툴 만한 근거가 있는지 판단하는 기준\n[3] 사용자인 피고인이 근로자들의 퇴직금을 퇴직일로부터 14일이 경과하도록 지급하지 않았다는 내용으로 기소된 사안에서, 제반 사정을 종합할 때 퇴직금 지급의무의 존부에 관하여 다툴 만한 근거가 있어 피고인에게 근로자퇴직급여 보장법 제31조, 제9조 위반죄의 고의가 있었다고 단정하기 어렵다는 이유로 이와 달리 보아 유죄를 인정한 원심판결에 법리오해 또는 심리미진의 위법이 있다고 한 사례",
  "jdgmnInfo": [
    {
      "question": "사용자가 근로자에게 매월 지급하는 월급이나 매일 지급하는 일당과 함께 일정 금액의 퇴직금을 미리 지급하기로 한 ‘퇴직금 분할 약정’의 효력이 있는가?",
      "answer": "불명"
    }
  ],
  "Summary": [
    {
      "summ_contxt": "「법조항의 ‘퇴직금’은 사용자가 근로자의 근로 제공에 대한 임금 일부를 지급하지 아니하고 축적하였다가 이를 기본적 재원으로 하여 근로자가 1년 이상 근무하고 퇴직할 때 일시금으로 지급하는 것으로서, 본질적으로 후불적 임금의 성질을 지니는 것이므로(대법원 2007. 3. 30. 선고 2004다8333 판결 등 참조), 이러한 퇴직금의 지급청구권은 퇴직금 중간정산으로 유효하게 성립하는 경우가 아닌 한 근로계약이 존속하는 동안에는 발생할 여지가 없다.",
      "summ_pass": "퇴직금의 지급청구권은 퇴직금 중간정산으로 유효하게 성립하는 경우가 아닌 한 근로계약이 존속하는 동안에는 발생할 여지가 없다."
    }
  ],
  "keyword_tagg": [
    {
      "id": 1,
      "keyword": "퇴직금"
    }
  ],
  "Reference_info": {
    "reference_rules": "[1] 근로자퇴직급여 보장법 제8조 제1항, 제2항 [2] 근로자퇴직급여 보장법 제9조, 제31조 [3] 근로자퇴직급여 보장법 제9조, 제31조",
    "reference_court_case": "[1] 대법원 2010. 5. 20. 선고 2007다90760 전원합의체 판결(공2010상, 1132) [2] 대법원 2007. 6. 28. 선고 2007도1539 판결(공2007하, 1212), 대법원 2007. 8. 23. 선고 2007도4171 판결(공2007하, 1510)"
  },
  "Class_info": {
    "class_name": "형사A(생활형)",
    "instance_name": "근로기준법"
  }
}