{
  "info": {
    "id": 38015080,
    "dataType": "판결문",
    "caseNm": "사문서위조·위조사문서행사",
    "caseTitle": "대법원 2010. 1. 14. 선고 2009도5929 판결",
    "courtType": "판례(대법원)",
    "courtNm": "대법원",
    "judmnAdjuDe": "2010-01-14",
    "caseNoID": "2009도5929",
    "caseNo": "2009도5929"
  },
  "jdgmn": "[1] 사인(私印)위조죄의 성립 요건\n[2] 아파트 주민대표회 간부들이, 동대표로 당선된 공소외 甲이 사실은 대학을 졸업하지 않았음이 사립대학 교무처장 명의로 된 학력조회 회보서를 통해 확인되자, 甲의 허위학력 사실을 아파트 주민들에게 공고문 형식으로 알리면서 그 공고문의 신뢰성 제고를 위해 공고문 안에 대학 교무처장 명의의 직인을 함께 나타내어 사(私)인장인 위 직인을 위조하였다는 공소사실에 대하여, 위 직인을 대학 교무처장의 정당한 인장인 것처럼 가장하기 위해서 현출하였다거나 위 직인을 위조하여 행사할 의사가 있었다고 볼 수는 없다고 판단한 원심판결에 사인위조죄의 성립 요건에 관한 법리오해의 위법이 있다고 한 사례",
  "jdgmnInfo": [
    {
      "question": "甲의 허위학력 사실을 아파트 주민들에게 공고문 형식으로 알리면서 그 공고문의 신뢰성 제고를 위해 공고문 안에 대학 교무처장 명의의 직인을 함께 나타내어 사(私)인장인 위 직인을 위조한 경우, 위 직인을 대학 교무처장의 정당한 인장인 것처럼 가장하기 위해서 현출하였다거나 위 직인을 위조하여 행사할 의사가 있었다고 볼 수 있는가?",
      "answer": "긍정"
    }
  ],
  "Summary": [
    {
      "summ_contxt": "사정이 이러하다면 이 사건 공고문에 현출된 “고려대학교 교무처장” 직인은 일반인으로 하여금 진정한 직인으로 오신하게 할 정도에 이르렀다고 할 것임에도, 원심은 판시와 같은 이유로 피고인들이 위 직인을 고려대학교 교무처장의 정당한 인장인 것처럼 가장하기 위해서 이를 현출하였다거나 위 직인을 위조하여 행사할 의사가 있었다고 볼 수는 없다고 판단하고 말았으니, 원심판결에는 사인위조죄의 성립요건에 관한 법리를 오해함으로써 판결 결과에 영향을 미친 위법이 있다고 할 것이다.",
      "summ_pass": "원심판결에는 사인위조죄의 성립요건에 관한 법리를 오해함으로써 판결 결과에 영향을 미친 위법이 있다고 할 것이다."
    }
  ],
  "keyword_tagg": [
    {
      "id": 1,
      "keyword": "법리 오해"
    },
    {
      "id": 2,
      "keyword": "사인위조죄"
    }
  ],
  "Reference_info": {
    "reference_rules": "[1] 형법 제239조 제1항 [2] 형법 제239조 제1항, 제2항",
    "reference_court_case": "[1] 대법원 2005. 12. 23. 선고 2005도4478 판결"
  },
  "Class_info": {
    "class_name": "형사A(생활형)",
    "instance_name": "공문서/사문서"
  }
}