{
  "info": {
    "id": 43014370,
    "dataType": "판결문",
    "caseNm": "사기미수·공정증서원본불실기재·불실기재공정증서원본행사·사문서변조·변조사문서행사",
    "caseTitle": "대법원 2012. 4. 26. 선고 2009도5786 판결",
    "courtType": "판례(대법원)",
    "courtNm": "대법원",
    "judmnAdjuDe": "2012-04-26",
    "caseNoID": "2009도5786",
    "caseNo": "2009도5786"
  },
  "jdgmn": "발행인과 수취인이 통모하여 진정한 어음채무 부담이나 어음채권 취득 의사 없이 단지 발행인의 채권자에게서 채권 추심이나 강제집행을 받는 것을 회피하기 위하여 형식적으로만 약속어음의 발행을 가장한 후 공증인에게 마치 진정한 어음발행행위가 있는 것처럼 허위로 신고하여 어음공정증서원본을 작성·비치하게 한 경우, 공정증서원본불실기재 및 동행사죄가 성립하는지 여부(적극)",
  "jdgmnInfo": [
    {
      "question": "발행인과 수취인이 통모하여 진정한 어음채무 부담이나 어음채권 취득 의사 없이 단지 발행인의 채권자에게서 채권 추심이나 강제집행을 받는 것을 회피하기 위하여 형식적으로만 약속어음의 발행을 가장한 후 공증인에게 마치 진정한 어음발행행위가 있는 것처럼 허위로 신고하여 어음공정증서원본을 작성·비치하게 한 경우, 공정증서원본불실기재 및 동행사죄가 성립하는지?",
      "answer": "긍정"
    }
  ],
  "Summary": [
    {
      "summ_contxt": "형법 제228조 제1항의 공정증서원본불실기재죄는 공무원에 대하여 진실에 반하는 허위신고를 하여 공정증서원본 또는 이와 동일한 전자기록 등 특수매체기록에 실체관계에 부합하지 않는 불실의 사실을 기재 또는 기록하게 함으로써 성립한다. 그런데 발행인과 수취인이 통모하여 진정한 어음채무의 부담이나 어음채권의 취득에 관한 의사 없이 단지 발행인의 채권자로부터 채권의 추심이나 강제집행을 받는 것을 회피하기 위하여 형식적으로만 약속어음의 발행을 가장한 경우 이러한 어음발행행위는 통정허위표시로서 무효이다(대법원 1996. 8. 23. 선고 96다18076 판결, 대법원 2005. 4. 15. 선고 2004다70024 판결 등 참조).",
      "summ_pass": "형법 제228조 제1항은 공무원에게 허위신고를 하여 공정증서에 불실의 사실을 기재하게 하는 공정증서원본불실기재죄를 규정한다. 발행인과 수취인이 통모해 형식적으로만 약속어음을 발행하여 채권의 추심을 회피하려 할 때, 이는 통정허위표시로 무효로 간주된다."
    }
  ],
  "keyword_tagg": [
    {
      "id": 1,
      "keyword": "공정증서원본불실기재죄"
    },
    {
      "id": 2,
      "keyword": "공무원"
    },
    {
      "id": 3,
      "keyword": "강제집행"
    }
  ],
  "Reference_info": {
    "reference_rules": "형법 제228조 제1항, 제229조 / 민법 제108조",
    "reference_court_case": "대법원 1996. 8. 23. 선고 96다18076 판결(공1996하, 2847), 대법원 2005. 4. 15. 선고 2004다70024 판결(공2005상, 743), 대법원 2007. 7. 12. 선고 2007도3005 판결, 대법원 2008. 12. 24. 선고 2008도7836 판결"
  },
  "Class_info": {
    "class_name": "형사A(생활형)",
    "instance_name": "사기"
  }
}