{
  "info": {
    "id": 38015381,
    "dataType": "판결문",
    "caseNm": "컴퓨터 프로그램 보호법 위반",
    "caseTitle": "대법원 2011. 3. 10. 선고 2009도6256 판결",
    "courtType": "판례(대법원)",
    "courtNm": "대법원",
    "judmnAdjuDe": "2011-03-10",
    "caseNoID": "2009도6256",
    "caseNo": "2009도6256"
  },
  "jdgmn": "법인 직원이 프로그램저작권을 침해하여 만들어진 프로그램 복제물을 그 사정을 알면서 취득하여 업무상 사용한 경우, 법인 대표자가 이를 직접 취득하여 업무상 사용한 것이 아니라면 그 대표자가 구 컴퓨터프로그램 보호법 제46조 제1항 제2호, 제29조 제4항 제2호에서 정한 행위를 하였다고 볼 수 있는지 여부(소극) 및 대표자가 직원의 복제물 사용을 알고 방치한 경우라면 그를 직접 같은 법 위반죄의 단독정범으로 처벌할 수 있는지 여부(소극)",
  "jdgmnInfo": [
    {
      "question": "법인 직원이 프로그램저작권을 침해하여 만들어진 프로그램 복제물을 그 사정을 알면서 취득하여 업무상 사용한 경우, 법인 대표자가 이를 직접 취득하여 업무상 사용한 것이 아니라면 그 대표자는 처벌받는가?",
      "answer": "부정"
    }
  ],
  "Summary": [
    {
      "summ_contxt": "프로그램저작권을 침해하여 만들어진 프로그램의 복제물을 그 사정을 알면서 취득한 자가 이를 업무상 사용하는 행위를 하는 경우 그 행위자를 처벌하도록 규정하고 있으므로, 법인의 직원이 프로그램저작권을 침해하여 만들어진 프로그램의 복제물을 그 사정을 알면서 이를 취득하여 업무상 사용하였을 뿐 법인의 대표자가 이를 직접 취득하여 업무상 사용한 것이 아니라면 그 대표자가 위 법조에서 정한 행위를 하였다고 볼 수는 없고, 설령 법인의 대표자가 직원이 그러한 복제물을 취득하여 업무상 사용하는 것을 알고 방치하였다고 하더라도 행위자인 그 직원과의 공동정범 내지 방조범이 성립하는지는 별론으로 하고, 직접 위 법조의 행위자로서 처벌되는 것은 아니라고 하겠다.",
      "summ_pass": "법인의 대표자가 이를 직접 취득하여 업무상 사용한 것이 아니라면 그 대표자가 위 법조에서 정한 행위를 하였다고 볼 수는 없고, 설령 법인의 대표자가 직원이 그러한 복제물을 취득하여 업무상 사용하는 것을 알고 방치하였다고 하더라도 행위자인 그 직원과의 공동정범 내지 방조범이 성립하는지는 별론으로 하고, 직접 위 법조의 행위자로서 처벌되는 것은 아니라고 하겠다."
    }
  ],
  "keyword_tagg": [
    {
      "id": 1,
      "keyword": "프로그램저작권"
    },
    {
      "id": 2,
      "keyword": "법인의 대표자"
    }
  ],
  "Reference_info": {
    "reference_rules": "구 컴퓨터프로그램 보호법(2009. 4. 22. 법률 제9625호 저작권법 부칙 제2조로 폐지) 제29조 제4항 제2호(현행저작권법 제124조 제1항 제3호 참조), 제46조 제1항 제2호(현행저작권법 제136조 제2항 제4호 참조)",
    "reference_court_case": ""
  },
  "Class_info": {
    "class_name": "형사A(생활형)",
    "instance_name": "저작권"
  }
}