{
  "info": {
    "id": 42016920,
    "dataType": "판결문",
    "caseNm": "집회 및 시위에 관한 법률 위반·업무방해",
    "caseTitle": "대법원 2011. 10. 13. 선고 2009도5698 판결",
    "courtType": "판례(대법원)",
    "courtNm": "대법원",
    "judmnAdjuDe": "2011-10-13",
    "caseNoID": "2009도5698",
    "caseNo": "2009도5698"
  },
  "jdgmn": "[1] 업무방해죄에서 ‘위력’의 의미와 판단 기준\n[2] 집회 및 시위에 관한 법률상 해산명령 위반으로 공소를 제기할 경우, 공소사실 및 적용법조의 특정 정도\n[3] 집회 및 시위에 관한 법률상 해산명령 위반 공소사실에 대한 적용법조로 처벌규정인 같은 법 제24조 제5호, 제20조 제2항만을 기재한 사안에서, 공소장에 기재된 공소사실 및 적용법조에 나타난 사항들을 종합하더라도 해산명령의 근거사유가 특정되었다고 볼 수 없는데도, 이와 달리 판단하여 유죄를 인정한 원심판결에 공소사실의 특정에 관한 법리오해의 위법이 있다고 한 사례",
  "jdgmnInfo": [
    {
      "question": "업무방해죄에서 ‘위력’의 여부를 판단할 때, 업무의 종류도 고려 대상인가?",
      "answer": "긍정"
    }
  ],
  "Summary": [
    {
      "summ_contxt": "업무방해죄의 ‘위력’이란 사람의 자유의사를 제압·혼란케 할 만한 일체의 세력으로서 유형적이든 무형적이든 묻지 아니하므로, 폭력·협박은 물론 사회적·경제적·정치적 지위와 권세에 의한 압박 등도 이에 포함되고, 현실적으로 피해자의 자유의사가 제압될 필요는 없으나 피해자의 자유의사를 제압하기에 충분한 세력이어야 하며, 이러한 위력에 해당하는지 여부는 범행의 일시·장소, 범행의 동기, 목적, 인원수, 세력의 태양, 업무의 종류, 피해자의 지위 등 제반 사정을 고려하여 객관적으로 판단하여야 한다. 또한 반드시 업무에 종사 중인 사람에게 직접 가해지는 세력이어야만 하는 것은 아니고, 사람의 자유의사를 제압하기에 충분한 상태를 조성하여 사람으로 하여금 자유로운 행동을 불가능하게 하거나 현저히 곤란하게 하는 행위도 이에 포함될 수 있다(대법원 2009. 9. 10. 선고 2009도5732 판결 등 참조).",
      "summ_pass": "‘위력’이란 사람의 자유의사를 제압·혼란케 할 만한 일체의 세력으로서 유형적이든 무형적이든 묻지 아니하므로, 폭력·협박은 물론 사회적·경제적·정치적 지위와 권세에 의한 압박 등도 이에 포함된다. 위력에 해당하는지 여부를 판단할 때에는 업무의 종류역시 고려하여 객관적으로 판단하여야 한다."
    }
  ],
  "keyword_tagg": [
    {
      "id": 1,
      "keyword": "위력"
    },
    {
      "id": 2,
      "keyword": "업무방해죄"
    }
  ],
  "Reference_info": {
    "reference_rules": "[1] 형법 제314조 제1항 [2] 집회 및 시위에 관한 법률 제20조 제1항, 제2항, 제24조 제5호, 형사소송법 제254조 제3항, 제4항 [3] 집회 및 시위에 관한 법률 제16조 제4항 제3호, 제20조 제1항 제5호, 제2항, 제24조 제5호, 형사소송법 제254조 제3항, 제4항",
    "reference_court_case": "[1] 대법원 2009. 9. 10. 선고 2009도5732 판결(공2009하, 1722), 대법원 2010. 11. 25. 선고 2010도9186 판결 [2] 대법원 2009. 8. 20. 선고 2009도9 판결(공2009하, 1584)"
  },
  "Class_info": {
    "class_name": "형사A(생활형)",
    "instance_name": "업무방해"
  }
}