{
  "info": {
    "id": 38015254,
    "dataType": "판결문",
    "caseNm": "특정범죄가중처벌등에관한법률위반(뇌물)·사전뇌물수수·뇌물공여",
    "caseTitle": "대법원 2010. 5. 13. 선고 2009도7040 판결",
    "courtType": "판례(대법원)",
    "courtNm": "대법원",
    "judmnAdjuDe": "2010-05-13",
    "caseNoID": "2009도7040",
    "caseNo": "2009도7040"
  },
  "jdgmn": "[1] 구 도시개발법 제82조가 벌칙적용상 조합의 임·직원을 공무원으로 의제하는 경우인 형법 제129조 제2항에서의 ‘공무원 또는 중재인이 될 자’의 의미\n[2] 뇌물죄에서 뇌물의 내용인 ‘이익’의 의미 및 투기적 사업에 참여할 기회를 얻는 것이 그 이익에 해당하는지 여부(적극)\n[3] 도시개발조합의 임원인 조합장 또는 상무이사로 선출될 상당한 개연성이 있는 피고인들이 그 담당할 직무에 관하여 청탁을 받고 소유권이전등기를 마칠 수 있는 기회를 제공받는 방법으로 이익을 수수한 사안에서, 사전수뢰죄의 성립을 긍정한 사례",
  "jdgmnInfo": [
    {
      "question": "공무원으로 의제하는 대상에 공직취임의 가능성이 확실하지는 않더라도 어느 정도의 개연성을 갖춘 자도 포함하는가?",
      "answer": "긍정"
    }
  ],
  "Summary": [
    {
      "summ_contxt": "원심이 인정한 그 판시 사실에 나타난 여러 사정을 위의 법리에 비추어 살펴보면, 이 사건 당시 피고인들이 벌칙적용에 있어서 공무원으로 의제되는 이 사건 조합의 임원인 조합장 또는 상무이사로 선출될 상당한 개연성이 있었다고 보기에 충분하고, 나아가 피고인 1은 조합원들의 이의가 제기될 수 없는 수준의 토지 소유권을 확보하는 것은 물론 현금 청산 대상자로 분류되지 않기 위하여, 피고인 2는 이 사건 사업지구 내의 토지 소유권을 취득하여 조합원 지위를 취득하기 위하여 이 사건 각 소유권이전등기를 마칠 필요가 있었으며, 공소외 1 주식회사의 대전지사장으로서 이 사건 도시개발사업을 주관하던 공소외 2가 피고인들에게 이 사건 각 소유권이전등기를 마칠 수 있는 기회를 제공한 것은 피고인들의 욕망을 충족시키기에 족한 이익에 해당한다고 할 수 있고, 이 사건 조합의 임원이 될 피고인들이 공소외 2로부터 공소외 1 주식회사가 이 사건 조합과 도급계약을 원만히 체결하고 시공사 지위를 계속 유지하면서 경제적 이익을 취득할 수 있도록 조합을 이끌어달라는 취지로 그 담당할 직무에 관하여 청탁을 받고 위와 같이 뇌물을 수수하였다고 봄이 상당하다.",
      "summ_pass": "원심이 인정한 그 판시 사실에 나타난 여러 사정을 위의 법리에 비추어 살펴보면, 이 사건 당시 피고인들이 벌칙적용에 있어서 공무원으로 의제되는 이 사건 조합의 임원인 조합장 또는 상무이사로 선출될 상당한 개연성이 있었다고 보기에 충분하고, 공소외 1 주식회사의 대전지사장으로서 이 사건 도시개발사업을 주관하던 공소외 2가 피고인들에게 이 사건 각 소유권이전등기를 마칠 수 있는 기회를 제공한 것은 피고인들의 욕망을 충족시키기에 족한 이익에 해당한다고 할 수 있고, 이 사건 조합의 임원이 될 피고인들이 공소외 2로부터 공소외 1 주식회사가 이 사건 조합과 도급계약을 원만히 체결하고 시공사 지위를 계속 유지하면서 경제적 이익을 취득할 수 있도록 조합을 이끌어달라는 취지로 그 담당할 직무에 관하여 청탁을 받고 위와 같이 뇌물을 수수하였다고 봄이 상당하다."
    }
  ],
  "keyword_tagg": [
    {
      "id": 1,
      "keyword": "공무원으로 의제"
    },
    {
      "id": 2,
      "keyword": "조합의 임원인 조합장"
    },
    {
      "id": 3,
      "keyword": "상당한 개연성"
    },
    {
      "id": 4,
      "keyword": "현금 청산 대상자"
    },
    {
      "id": 5,
      "keyword": "소유권이전등기"
    },
    {
      "id": 6,
      "keyword": "조합과 도급계약을 원만히 체결"
    },
    {
      "id": 7,
      "keyword": "직무에 관하여 청탁"
    }
  ],
  "Reference_info": {
    "reference_rules": "[1] 구 도시개발법(2005. 1. 14. 법률 제7335호로 개정되기 전의 것) 제82조(현행 제84조 참조), 형법 제129조 제2항 [2] 형법 제129조 [3] 구 도시개발법(2005. 1. 14. 법률 제7335호로 개정되기 전의 것) 제82조(현행 제84조 참조), 형법 제129조 제2항",
    "reference_court_case": "[2] 대법원 2002. 5. 10. 선고 2000도2251 판결(공2002하, 1439), 대법원 2002. 11. 26. 선고 2002도3539 판결(공2003상, 279), 대법원 2005. 7. 15. 선고 2003도4293 판결(공2005하, 1372)"
  },
  "Class_info": {
    "class_name": "형사A(생활형)",
    "instance_name": "특정범죄가중처벌"
  }
}