{
  "info": {
    "id": 38015100,
    "dataType": "판결문",
    "caseNm": "명예훼손·모욕",
    "caseTitle": "부산지방법원 2009. 11. 5. 선고 2009노2161 판결 : 상고",
    "courtType": "판례(하급심)",
    "courtNm": "부산지방법원",
    "judmnAdjuDe": "2009-11-05",
    "caseNoID": "2009노2161",
    "caseNo": "2009노2161"
  },
  "jdgmn": "아파트 관리사무소 내 회의실에서 아파트 동대표 등 10여 명이 듣고 있는 가운데 입주자대표회의 회장에게 “말도 안 되는 소리 씨부리고 있네. 들고 차버릴라”라고 말하여 공연히 피해자를 모욕하였다는 공소사실에 대하여, 모욕행위에 해당하지 않거나 사회상규에 위배되지 않는다고 봄이 상당하다는 이유로 무죄를 선고한 사례",
  "jdgmnInfo": [
    {
      "question": "아파트 관리사무소 내 회의실에서 아파트 동대표 등 10여 명이 듣고 있는 가운데 입주자대표회의 회장에게 “말도 안 되는 소리 씨부리고 있네. 들고 차버릴라”라고 말하여 공연히 피해자를 모욕하였다는 공소사실에 대하여, 모욕행위에 해당하지 않거나 사회상규에 위배되지 않는 경우 유죄에 해당되는가?",
      "answer": "부정"
    }
  ],
  "Summary": [
    {
      "summ_contxt": "삼익타워아파트 비상대책위원회와 피고인 사이에 어떠한 협의가 있었다고 볼 아무런 증거가 없는 이 사건에 있어서 그와 같은 사정만으로 피고인이 이 사건 명예훼손 행위의 정범에 해당한다고 할 수 없고, 또한 이 사건 공소사실에서 공고문의 작성주체가 누구인지 특정되지도 않은 이상 피고인을 이 사건 명예훼손 행위에 대한 방조범으로 처벌할 수도 없다. 결국 원심이 이와 같은 전제에서 명예훼손의 점에 관한 공소사실 부분을 무죄로 판단한 것은 정당한 조치로서 수긍이 가므로, 이 점에 관한 검사의 사실오인 또는 법리오해 주장은 이유 없다.",
      "summ_pass": "결국 원심이 이와 같은 전제에서 명예훼손의 점에 관한 공소사실 부분을 무죄로 판단한 것은 정당한 조치로서 수긍이 가므로, 이 점에 관한 검사의 사실오인 또는 법리오해 주장은 이유 없다."
    }
  ],
  "keyword_tagg": [
    {
      "id": 1,
      "keyword": "명예훼손"
    }
  ],
  "Reference_info": {
    "reference_rules": "형법 제20조, 제311조, 형사소송법 제325조",
    "reference_court_case": "대법원 2003. 11. 28. 선고 2003도3972 판결(공2004상, 84), 대법원 2005. 12. 23. 선고 2005도1453 판결, 대법원 2008. 7. 10. 선고 2008도1433 판결(공2008하, 1204)"
  },
  "Class_info": {
    "class_name": "형사A(생활형)",
    "instance_name": "명예훼손"
  }
}