{
  "info": {
    "id": 38015259,
    "dataType": "판결문",
    "caseNm": "상호저축은행법위반",
    "caseTitle": "대법원 2010. 4. 29. 선고 2009도7017 판결",
    "courtType": "판례(대법원)",
    "courtNm": "대법원",
    "judmnAdjuDe": "2010-04-29",
    "caseNoID": "2009도7017",
    "caseNo": "2009도7017"
  },
  "jdgmn": "[1] 구 상호저축은행법 제2조 제1호에서 정한 ‘중소기업’에 해당하기 위한 요건\n[2] 상호저축은행법 제39조 제3항 제4의2호 벌칙규정의 적용대상자가 ‘법 제12조 제1항을 위반한 자’에서 ‘법 제12조 제1항을 위반한 상호저축은행’으로 개정된 경우를 ‘범죄 후 법률의 변경에 의하여 그 행위가 범죄를 구성하지 아니하게 된 경우’에 해당한다고 볼 수 있는지 여부(소극)",
  "jdgmnInfo": [
    {
      "question": "사업자등록을 마쳤다면 상호저축은행법에서 정한 ‘중소기업’에 해당한다고 볼 수 있는가?",
      "answer": "부정"
    }
  ],
  "Summary": [
    {
      "summ_contxt": "원심판결 이유에 의하면, 이 사건 각 대출신청인들은 법 제12조 제1항, 시행령 제9조 제1항 제3호에서 정한 개인 대출한도 제한을 회피하고 같은 항 제1호에 의하여 더 많은 금액의 대출을 받기 위해 형식적으로 사업자등록을 하였을 뿐 상시근로자, 자본금 등 인적·물적 설비를 갖춘 바 없으며, 실제로 재화나 용역의 생산, 판매 등 영업활동을 영위한 바가 없는 사실을 알 수 있다.\n위에서 본 법리와 사실관계에 의하면 이 사건 대출신청인들이 사업자등록을 마쳤다는 이유만으로 그들을 법에서 정한 ‘중소기업’에 해당한다고 볼 수 없다.\n그러므로 피고인들이 개인에 대한 대출한도 제한규정을 회피하기 위하여 대출신청인들에게 사업자등록을 하도록 권유하거나 기존에 사업자등록이 있어도 실제 사업을 영위하고 있지 않은 대출신청인들에게 대출을 받을 것은 권유한 후 ‘중소기업’에 대한 대출 형식으로 개인 대출한도를 초과하여 대출을 한 행위를 법 제12조 제1항에 위반한 것으로 본 원심판결은 정당하고, 거기에 상고이유의 주장과 같이 법상 ‘중소기업’의 해석과 관련한 법리오해의 위법이 없다.",
      "summ_pass": "그러므로 피고인들이 개인에 대한 대출한도 제한규정을 회피하기 위하여 대출신청인들에게 사업자등록을 하도록 권유하거나 기존에 사업자등록이 있어도 실제 사업을 영위하고 있지 않은 대출신청인들에게 대출을 받을 것은 권유한 후 ‘중소기업’에 대한 대출 형식으로 개인 대출한도를 초과하여 대출을 한 행위를 법 제12조 제1항에 위반한 것으로 본 원심판결은 정당하고, 거기에 상고이유의 주장과 같이 법상 ‘중소기업’의 해석과 관련한 법리오해의 위법이 없다."
    }
  ],
  "keyword_tagg": [
    {
      "id": 1,
      "keyword": "법리오해"
    }
  ],
  "Reference_info": {
    "reference_rules": "[1] 구 상호저축은행법(2005. 3. 31. 법률 제7428호로 개정되기 전의 것) 제2조 제1호, 제12조 제1항, 제39조 제3항 제4의2호, 구 상호저축은행법 시행령(2006. 5. 3. 대통령령 제19464호로 개정되기 전의 것) 제9조 제1항 제1호, 제3호, 구 중소기업기본법(2007. 4. 11. 법률 제8360호로 전부 개정되기 전의 것) 제2조 제1항 / 구 중소기업기본법 시행령(2005. 12. 27. 대통령령 제19189호로 개정되기 전의 것) 제3조 제1호 [별표 1] [2] 형법 제1조 제2항, 상호저축은행법 제12조 제1항, 제39조 제3항 제4의2호, 제39조의2",
    "reference_court_case": "[2] 대법원 1999. 7. 15. 선고 95도2870 전원합의체 판결(공1999하, 1696), 대법원 2009. 2. 12. 선고 2008도9476 판결"
  },
  "Class_info": {
    "class_name": "형사A(생활형)",
    "instance_name": "상호저축은행법"
  }
}