{
  "info": {
    "id": 38015109,
    "dataType": "판결문",
    "caseNm": "사기",
    "caseTitle": "부산지방법원 2009. 10. 16. 선고 2009고정1908 판결 : 확정",
    "courtType": "판례(하급심)",
    "courtNm": "부산지방법원",
    "judmnAdjuDe": "2009-10-16",
    "caseNoID": "2009고정1908",
    "caseNo": "2009고정1908"
  },
  "jdgmn": "대출업체가 정한 절차에 따라 개인이 대출을 받은 경우 차용금 편취에 의한 사기죄의 성립 여부를 판단하는 방법",
  "jdgmnInfo": [
    {
      "question": "대출업체로부터 금원 차용을 원하는 개인이 대출업체가 정한 절차에 따라 대출을 받은 경우 차용금 편취를 통한 사기죄에 해당하는가?",
      "answer": "부정"
    }
  ],
  "Summary": [
    {
      "summ_contxt": "검사가 제출한 증거들에 의하면, 피고인은 이 사건 대출 당시 이미 운영하던 업체의 사정이 매우 좋지 않아 상당한 규모의 채무를 부담하고 있었던 사실, 부가가치세 납부기한이 다가오자 피고인은 그 납부를 위한 자금 융통 문제로 고민하다가 공소사실 기재와 같이 위 회사로부터 대출을 받게 된 사실, 이후 피고인은 보유하고 있던 주식의 가격이 떨어지는 등 그 형편이 더욱 어려워지자 결국 위 대출금을 갚지 못하게 된 사실을 인정할 수 있기는 하다. 그러나 한편, 기록에 의하여 인정할 수 있는 다음과 같은 사정들을 종합하여 볼 때, 앞서 인정한 사실들만으로 피고인이 위 대출 당시 이미 편취의 범의를 가지고 있었다거나, 위 회사 또는 그 담당 직원을 적극적으로 또는 소극적으로 기망하였다고 인정하기 어렵고, 달리 이를 인정할 만한 증거가 없다.",
      "summ_pass": "앞서 인정한 사실들만으로 피고인이 위 대출 당시 이미 편취의 범의를 가지고 있었다거나, 위 회사 또는 그 담당 직원을 적극적으로 또는 소극적으로 기망하였다고 인정하기 어렵고, 달리 이를 인정할 만한 증거가 없다."
    }
  ],
  "keyword_tagg": [
    {
      "id": 1,
      "keyword": "공소사실 기재"
    },
    {
      "id": 2,
      "keyword": "편취의 범의"
    }
  ],
  "Reference_info": {
    "reference_rules": "형법 제347조",
    "reference_court_case": ""
  },
  "Class_info": {
    "class_name": "형사A(생활형)",
    "instance_name": "사기"
  }
}