{
  "info": {
    "id": 38015290,
    "dataType": "판결문",
    "caseNm": "집회및시위에관한법률위반·도로교통법위반",
    "caseTitle": "대법원 2010. 4. 8. 선고 2009도11395 판결",
    "courtType": "판례(대법원)",
    "courtNm": "대법원",
    "judmnAdjuDe": "2010-04-08",
    "caseNoID": "2009도11395",
    "caseNo": "2009도11395"
  },
  "jdgmn": "시위 방법의 하나로 행한 ‘삼보일배 행진’이 사회상규에 반하지 아니하는 정당행위에 해당한다고 한 사례",
  "jdgmnInfo": [
    {
      "question": "시위 방법의 하나로 행한 ‘삼보일배 행진’이 사회상규에 반하지 아니하는 정당행위에 해당하는가?",
      "answer": "긍정"
    }
  ],
  "Summary": [
    {
      "summ_contxt": "도로교통법 위반의 점에 관한 상고이유에 대하여 환송 후 원심은, 그 채용 증거에 의하여 그 판시와 같은 사실을 인정한 다음, 비록 이 사건 집회·시위가 주된 참가단체 등에 있어서 신고내용과 다소 달라진 면이 있다고 하더라도, 이 사건 삼보일배 행진이라는 시위방법 자체에 있어서는 그 장소, 형태, 내용, 방법과 결과 등에 비추어 시위의 목적 달성에 필요한 합리적인 범위에서 사회통념상 용인될 수 있는 다소의 피해를 발생시킨 경우에 불과하다고 보이고, 또한 신고내용에 포함되지 않은 삼보일배 행진을 한 것이 신고제도의 목적 달성을 심히 곤란하게 하는 정도에 이른다고 볼 수도 없으므로, 결국 피고인들의 위와 같은 행위는 사회상규에 반하지 아니하는 행위로서 위법성이 조각된다고 하여 이 부분 공소사실에 대하여 무죄라고 판단하였는바, 관련 법리와 기록에 비추어 살펴보면 이러한 환송 후 원심의 판단은 정당하여 수긍이 가고, 거기에 상고이유 주장과 같은 법리오해 등의 위법이 없다.\n그러므로 상고를 모두 기각하기로 하여 관여 대법관의 일치된 의견으로 주문과 같이 판결한다.",
      "summ_pass": "피고인들의 위와 같은 행위는 사회상규에 반하지 아니하는 행위로서 위법성이 조각된다고 하여 이 부분 공소사실에 대하여 무죄라고 판단하였는바, 관련 법리와 기록에 비추어 살펴보면 이러한 환송 후 원심의 판단은 정당하여 수긍이 가고, 거기에 상고이유 주장과 같은 법리오해 등의 위법이 없다. 그러므로 상고를 모두 기각하기로 하여 관여 대법관의 일치된 의견으로 주문과 같이 판결한다."
    }
  ],
  "keyword_tagg": [
    {
      "id": 1,
      "keyword": "사회통념상 용인"
    },
    {
      "id": 2,
      "keyword": "도로교통법 위반"
    }
  ],
  "Reference_info": {
    "reference_rules": "형법 제20조, 구 도로교통법(2005. 5. 31. 법률 제7545호로 전부 개정되기 전의 것) 제63조 제3항 제2호(현행 제68조 제3항 제2호 참조), 제114조 제6호(현행 제157조 제5호 참조)",
    "reference_court_case": "대법원 2004. 10. 15. 선고 2004도4467 판결(공2004하, 1900), 대법원 2008. 9. 11. 선고 2004도746 판결, 대법원 2009. 7. 23. 선고 2009도840 판결(공2009하, 1493)"
  },
  "Class_info": {
    "class_name": "형사A(생활형)",
    "instance_name": "집회/시위"
  }
}