{
  "info": {
    "id": 38015076,
    "dataType": "판결문",
    "caseNm": "도로교통법위반(음주운전)",
    "caseTitle": "대법원 2010. 1. 14. 선고 2009도8376 판결",
    "courtType": "판례(대법원)",
    "courtNm": "대법원",
    "judmnAdjuDe": "2010-01-14",
    "caseNoID": "2009도8376",
    "caseNo": "2009도8376"
  },
  "jdgmn": "음주측정 결과를 기재한 음주운전자 적발보고서가 적법절차에 의하지 아니하고 수집된 증거로서 증거능력이 없다고 판단한 다음, 도로교통법 위반(음주운전)의 공소사실에 대하여 그 범죄의 증명이 없음을 이유로 무죄를 인정한 원심판결을 수긍한 사례",
  "jdgmnInfo": [
    {
      "question": "음주측정 결과를 기재한 음주운전자 적발보고서가 적법절차에 의하지 아니한 경우 그 범죄의 정명이 없음을 이유로 무죄인정이 되는가?",
      "answer": "긍정"
    }
  ],
  "Summary": [
    {
      "summ_contxt": "원심판결 및 원심이 유지한 제1심판결의 이유를 기록에 비추어 살펴보면, 원심이 그 판시와 같은 사정을 종합하여 이 사건 음주측정 결과를 기재한 음주운전자 적발보고서는 적법한 절차에 의하지 아니하고 수집된 증거로서 증거능력이 없다고 판단한 다음, 피고인에 대한 이 사건 도로교통법 위반(음주운전)의 공소사실에 대하여 그 범죄의 증명이 없음을 이유로 무죄를 선고한 제1심판결을 유지한 것은 정당하고, 거기에 상고이유의 주장과 같은 법리오해 등의 위법이 없다.",
      "summ_pass": "피고인에 대한 이 사건 도로교통법 위반(음주운전)의 공소사실에 대하여 그 범죄의 증명이 없음을 이유로 무죄를 선고한 제1심판결을 유지한 것은 정당하고, 거기에 상고이유의 주장과 같은 법리오해 등의 위법이 없다.\n그러므로 상고를 기각하기로 하여 관여 대법관의 일치된 의견으로 주문과 같이 판결한다."
    }
  ],
  "keyword_tagg": [
    {
      "id": 1,
      "keyword": "도로교통법 위반"
    },
    {
      "id": 2,
      "keyword": "적법한 절차"
    }
  ],
  "Reference_info": {
    "reference_rules": "형사소송법 제307조, 제308조의2, 도로교통법 제148조의2 제1호",
    "reference_court_case": ""
  },
  "Class_info": {
    "class_name": "형사A(생활형)",
    "instance_name": "도로교통법"
  }
}