{
  "info": {
    "id": 38015213,
    "dataType": "판결문",
    "caseNm": "업무상횡령·공익법인의설립·운영에관한법률위반",
    "caseTitle": "대법원 2009. 4. 23. 선고 2009도495 판결",
    "courtType": "판례(대법원)",
    "courtNm": "대법원",
    "judmnAdjuDe": "2009-04-23",
    "caseNoID": "2009도495",
    "caseNo": "2009도495"
  },
  "jdgmn": "[1] 업무상 횡령죄에 있어서 불법영득의 의사로써 보관액을 횡령한 것으로 추단할 수 있는 경우\n[2] 횡령죄에서 ‘불법영득의 의사’의 의미 및 보관자가 소유자의 이익을 위하여 처분한 경우, 불법영득의사의 인정 여부(소극)\n[3] 임대인이 피고인의 처이고, 정식으로 임대차계약이 체결되기 전에 임차보증금 명목의 돈을 일부 지급한 것이 사단법인의 기본재산으로 용도가 특정된 금원을 횡령한 것으로 공소제기된 사안에서, 사용처, 사용목적, 경위, 결과 등에 관하여 불법영득의사의 존재를 인정하기 어려운 사유를 들어 납득할 만한 합리적인 설명을 하고 충분한 증빙자료를 제출하고 있다면 위 금원을 횡령한 것으로 추단할 수 없다고 한 사례",
  "jdgmnInfo": [
    {
      "question": "임대인이 피고인의 처이고, 정식으로 임대차계약이 체결되기 전에 임차보증금 명목의 돈을 일부 지급한 것이 사단법인의 기본재산으로 용도가 특정된 금원을 횡령한 것으로 공소제기된 사안에서, 사용처, 사용목적, 경위, 결과 등에 관하여 불법영득의사의 존재를 인정하기 어려운 사유를 들어 납득할 만한 합리적인 설명을 하고 충분한 증빙자료입증시 횡령이라고 추측 단정 할 수 있나?",
      "answer": "부정"
    }
  ],
  "Summary": [
    {
      "summ_contxt": "위와 같은 법리에 비추어 볼 때 피고인이 사단법인의 기본재산에 대한 사용처, 사용목적, 경위, 결과 등에 관하여 위와 같이 불법영득의사의 존재를 인정하기 어려운 사유를 들어 납득할 만한 합리적인 설명을 하고 충분한 증빙자료를 제출하고 있는 이상, 원심 판시 사정만으로는 피고인 1의 2006. 11. 30.자 45,000,000원 및 2007. 3. 9.자 5,000,000원의 각 인출행위 등을 피고인 또는 제3자의 이익을 위하여 불법영득의사를 실현하는 행위로서의 횡령행위라고 볼 수는 없다.\n그럼에도 불구하고 원심은 위와 달리 판단하여 업무상횡령의 공소사실을 유죄로 인정하였으니, 원심판결에는 업무상횡령죄와 그 증명에 관한 법리를 오해하여 판결에 영향을 미친 위법이 있고, 이 점을 지적하는 상고이유의 주장은 이유 있다.",
      "summ_pass": "그럼에도 불구하고 원심은 위와 달리 판단하여 업무상횡령의 공소사실을 유죄로 인정하였으니, 원심판결에는 업무상횡령죄와 그 증명에 관한 법리를 오해하여 판결에 영향을 미친 위법이 있고, 이 점을 지적하는 상고이유의 주장은 이유 있다."
    }
  ],
  "keyword_tagg": [
    {
      "id": 1,
      "keyword": "업무상횡령"
    }
  ],
  "Reference_info": {
    "reference_rules": "[1] 형법 제355조 제1항, 제356조, 형사소송법 제307조, 제308조 [2] 형법 제355조 제1항 [3] 형법 제355조 제1항, 제356조",
    "reference_court_case": "[1] 대법원 2000. 3. 14. 선고 99도457 판결(공2000상, 1005), 대법원 2002. 9. 4. 선고 2000도637 판결(공2002하, 2374), 대법원 2003. 8. 22. 선고 2003도2807 판결(공2003하, 1982), 대법원 2006. 8. 24. 선고 2006도3272 판결 [2] 대법원 1982. 3. 9. 선고 81도3009 판결(공1982상, 451), 대법원 2006. 6. 2. 선고 2005도3431 판결(공2006하, 1292), 대법원 2008. 3. 27. 선고 2007도9250 판결"
  },
  "Class_info": {
    "class_name": "형사A(생활형)",
    "instance_name": "업무상횡령"
  }
}