{
  "info": {
    "id": 38015310,
    "dataType": "판결문",
    "caseNm": "사기",
    "caseTitle": "대법원 2010. 2. 25. 선고 2009도1950 판결",
    "courtType": "판례(대법원)",
    "courtNm": "대법원",
    "judmnAdjuDe": "2010-02-25",
    "caseNoID": "2009도1950",
    "caseNo": "2009도1950"
  },
  "jdgmn": "주식회사 대표이사인 피고인이 피해자와 전기공사업 양도계약을 체결함에 있어, 전기공사공제조합 대출금액을 축소하여 고지하고 대출금 연체 사실 및 공제조합 출자증권에 대한 가압류 사실을 숨기고 고지하지 않은 채 기망하여 이에 속은 피해자로부터 계약금을 송금받아 편취하였다는 공소사실에 대하여, 피고인에게 무죄를 선고한 원심판결을 파기한 사례",
  "jdgmnInfo": [
    {
      "question": "주식회사 대표이사인 피고인이 피해자와 전기공사업 양도계약을 체결함에 있어, 전기공사공제조합 대출금액을 축소하여 고지하고 대출금 연체 사실 및 공제조합 출자증권에 대한 가압류 사실을 숨기고 고지하지 않은 채 기망하여 이에 속은 피해자로부터 계약금을 송금받아 편취하였다면 사기죄가 성립하는가?",
      "answer": "긍정"
    }
  ],
  "Summary": [
    {
      "summ_contxt": "피고인이 공제조합 대출금의 액수를 축소하여 고지하였다는 사정만으로는 피고인이 피해자를 기망하였다고 보기 어렵다고 판단한 것은, 사기죄에 있어 기망에 관한 법리를 오해하여 판결에 영향을 미친 잘못이 있다고 하지 않을 수 없다[원심의 변론종결 후에 도착한 전기공사공제조합 이사장에 대한 2008. 12. 29.자 및 2009. 1. 4.자 각 사실조회 회신에 의하면, 출자증권에 가압류가 되어 있는 경우 모든 업무거래가 정지되고, 출자증권의 양도·양수가 불가능하며, 전기공사업 면허의 양도도 불가능하다는 것인바, 만일 위 각 사실조회 회신의 취지대로 출자증권에 가압류가 되어 있는 경우 전기공사업 면허의 양도가 불가능하다면, 피해자가 사전에 위 가압류 사실을 고지받았을 경우 이 사건 계약과 같은 내용의 전기공사업 양도양수계약을 체결하지 않았을 것으로 충분히 추단된다 할 것이다. 그렇다면 원심으로서는 위 각 사실조회 회신의 취지를 좀더 상세하게 심리하여 볼 필요가 있다는 점을 덧붙여 지적하여 둔다.\n그러므로 원심판결을 파기하고, 사건을 다시 심리·판단하도록 하기 위하여 원심법원에 환송하기로 하여, 관여 대법관의 일치된 의견으로 주문과 같이 판결한다.",
      "summ_pass": "위 각 사실조회 회신의 취지대로 출자증권에 가압류가 되어 있는 경우 전기공사업 면허의 양도가 불가능하다면, 피해자가 사전에 위 가압류 사실을 고지받았을 경우 이 사건 계약과 같은 내용의 전기공사업 양도양수계약을 체결하지 않았을 것으로 충분히 추단된다 할 것이다. 그렇다면 원심으로서는 위 각 사실조회 회신의 취지를 좀더 상세하게 심리하여 볼 필요가 있다는 점을 덧붙여 지적하여 둔다."
    }
  ],
  "keyword_tagg": [
    {
      "id": 1,
      "keyword": "사기"
    },
    {
      "id": 2,
      "keyword": "공제조합 대출금"
    },
    {
      "id": 3,
      "keyword": "기망"
    },
    {
      "id": 4,
      "keyword": "법리 오해"
    },
    {
      "id": 5,
      "keyword": "출자증권"
    },
    {
      "id": 6,
      "keyword": "가압류"
    }
  ],
  "Reference_info": {
    "reference_rules": "형법 제347조, 구 전기공사업법(2008. 2. 29. 법률 제8852호로 개정되기 전의 것) 제4조, 제7조, 제28조, 구 전기공사업법 시행령(2008. 2. 29. 대통령령 제20678호로 개정되기 전의 것) 제6조, 구 전기공사공제조합법(2008. 2. 29. 법률 제8852호로 개정되기 전의 것) 제2조, 제12조",
    "reference_court_case": ""
  },
  "Class_info": {
    "class_name": "형사A(생활형)",
    "instance_name": "사기"
  }
}