{
  "info": {
    "id": 38015136,
    "dataType": "판결문",
    "caseNm": "업무방해",
    "caseTitle": "대법원 2009. 9. 10. 선고 2009도5732 판결",
    "courtType": "판례(대법원)",
    "courtNm": "대법원",
    "judmnAdjuDe": "2009-09-10",
    "caseNoID": "2009도5732",
    "caseNo": "2009도5732"
  },
  "jdgmn": "[1] 업무방해죄에서 말하는 ‘위력’의 의미\n[2] 피고인이 피해자들이 경작 중이던 농작물을 트랙터를 이용하여 갈아엎은 다음 그곳에 이랑을 만들고 새로운 농작물을 심어 피해자의 자유로운 논밭 경작 행위를 불가능하게 하거나 현저히 곤란하게 한 경우, 위력에 의한 업무방해죄에 해당한다고 한 사례",
  "jdgmnInfo": [
    {
      "question": "피고인이 피해자들이 경작 중이던 농작물을 트랙터를 이용하여 갈아엎은 다음 그곳에 이랑을 만들고 새로운 농작물을 심어 피해자의 자유로운 논밭 경작 행위를 불가능하게 하거나 현저히 곤란하게 한 경우, 위력에 의한 업무방해죄에 해당하는가?",
      "answer": "긍정"
    }
  ],
  "Summary": [
    {
      "summ_contxt": "또한 업무방해죄의 위력은 반드시 업무에 종사 중인 사람에게 직접 가해지는 세력만을 의미하는 것은 아니고, 사람의 자유의사를 제압하기에 족한 일정한 물적 상태를 만들어 사람으로 하여금 자유로운 행동을 불가능하게 하거나 현저히 곤란하게 하는 행위도 이에 포함될 수 있다.\n원심 및 제1심판결에 의하면, 피고인이 1,900㎡의 논밭에서 피해자들이 경작 중이던 농작물을 농기계(트랙터)를 이용하여 갈아엎어 버린 다음 그곳에 피고인을 위해 이랑을 만들고 새로운 농작물을 심어 놓는 방법으로 피해자들의 자유의사를 제압하기에 족한 물적 상태를 만들어 피해자들로 하여금 자유로운 논밭 경작 행위를 불가능하게 하거나 현저히 곤란하게 한 사실을 알 수 있다.\n위와 같은 법리에 위 사실을 비추어 보면, 피고인에 대하여 업무방해죄를 인정한 원심의 판단은 정당하고, 거기에 상고이유의 주장과 같은 업무방해죄의 위력에 관한 법리오해 등의 위법이 없다.",
      "summ_pass": "위와 같은 법리에 위 사실을 비추어 보면, 피고인에 대하여 업무방해죄를 인정한 원심의 판단은 정당하고, 거기에 상고이유의 주장과 같은 업무방해죄의 위력에 관한 법리오해 등의 위법이 없다."
    }
  ],
  "keyword_tagg": [
    {
      "id": 1,
      "keyword": "업무방해"
    }
  ],
  "Reference_info": {
    "reference_rules": "[1] 형법 제314조 제1항 [2] 형법 제314조 제1항",
    "reference_court_case": "[1] 대법원 2007. 6. 14. 선고 2007도2178 판결, 대법원 2009. 1. 30. 선고 2008도7124 판결"
  },
  "Class_info": {
    "class_name": "형사A(생활형)",
    "instance_name": "업무방해"
  }
}