{
  "info": {
    "id": 38015235,
    "dataType": "판결문",
    "caseNm": "방문판매등에관한법률위반·유사수신행위의규제에관한법률위반",
    "caseTitle": "대법원 2010. 5. 27. 선고 2009도14725 판결",
    "courtType": "판례(대법원)",
    "courtNm": "대법원",
    "judmnAdjuDe": "2010-05-27",
    "caseNoID": "2009도14725",
    "caseNo": "2009도14725"
  },
  "jdgmn": "[1] 유사수신 금융피라미드회사의 최상위 판매원들이 다단계판매조직을 이용하여 자신들의 각 하위 판매원 등으로부터 투자금 명목으로 금원을 교부받은 행위가, 방문판매 등에 관한 법률 제23조 제2항 위반죄를 구성한다고 한 사례\n[2] 방문판매 등에 관한 법률 제23조 제2항 위반죄와 구 유사수신행위의 규제에 관한 법률 제3조, 제2조 제1호 위반죄의 죄수 관계(=실체적 경합)\n[3] 구 유사수신행위의 규제에 관한 법률 제3조 위반에 관한 유죄의 확정판결의 효력이, 방문판매 등에 관한 법률 제23조 제2항 위반의 공소사실에 미치지 아니한다고 한 원심판단을 수긍한 사례",
  "jdgmnInfo": [
    {
      "question": "다단계판매조직 등을 이용하여 재화 등의 거래 없이 금전거래만을 행하는 행위 위법한가?",
      "answer": "긍정"
    }
  ],
  "Summary": [
    {
      "summ_contxt": "다단계판매조직 등을 이용하여 금전거래를 하는 행위만으로는 유사수신행위라고 볼 수 없고 나아가 장래에 출자금의 전액 또는 이를 초과하는 금액을 지급할 것을 약정할 때에 비로소 방문판매 등에 관한 법률 제23조 제2항 위반죄와 별개의 구 유사수신행위의 규제에 관한 법률 제3조, 제2조 제1호 위반죄를 구성하게 된다. 따라서 위 각 죄는 법률상 1개의 행위로 평가되는 경우에 해당하지 않고, 그 각 구성요건과 보호법익을 달리하고 있으므로 실체적 경합관계로 봄이 상당하다(대법원 2003. 1. 24. 선고 2002도6427 판결 참조). 원심판결 이유에 의하면, 피고인 1은 2008. 1. 18. 서울중앙지방법원에서 유사수신행위의 규제에 관한 법률 위반죄로 벌금 7,000,000원의 형을 선고받아 위 판결이 2008. 8. 19. 확정되었음을 알 수 있는바, 위 법리에 의하면 유사수신행위의 규제에 관한 법률 위반죄에 관한 위 확정판결의 기판력은 이 사건 방문판매 등에 관한 법률 위반의 점에 미치지 아니하므로, 피고인 1에 대한 방문판매 등에 관한 법률 위반죄는 확정판결이 있는 경우에 해당한다고 볼 수 없다.\n같은 취지의 원심 판단은 정당하고, 상고이유의 주장과 같은 법리오해의 위법이 없다.\n그러므로 상고를 모두 기각하기로 관여 대법관의 의견이 일치되어 주문과 같이 판결한다.",
      "summ_pass": "법리에 의하면 유사수신행위의 규제에 관한 법률 위반죄에 관한 위 확정판결의 기판력은 이 사건 방문판매 등에 관한 법률 위반의 점에 미치지 아니하므로, 피고인 1에 대한 방문판매 등에 관한 법률 위반죄는 확정판결이 있는 경우에 해당한다고 볼 수 없다. 같은 취지의 원심 판단은 정당하고, 상고이유의 주장과 같은 법리오해의 위법이 없다. 그러므로 상고를 모두 기각하기로 관여 대법관의 의견이 일치되어 주문과 같이 판결한다."
    }
  ],
  "keyword_tagg": [
    {
      "id": 1,
      "keyword": "다단계판매조직"
    },
    {
      "id": 2,
      "keyword": "금전거래"
    }
  ],
  "Reference_info": {
    "reference_rules": "[1] 방문판매 등에 관한 법률 제23조 제2항, 제52조 제1항 제3호 [2] 방문판매 등에 관한 법률 제23조 제2항, 제52조 제1항 제3호, 구 유사수신행위의 규제에 관한 법률(2010. 2. 4. 법률 제10045호로 개정되기 전의 것) 제2조 제1호, 제3조, 제6조 제1항, 형법 제37조, 제40조 [3] 방문판매 등에 관한 법률 제23조 제2항, 제52조 제1항 제3호, 구 유사수신행위의 규제에 관한 법률(2010. 2. 4. 법률 제10045호로 개정되기 전의 것) 제2조 제1호, 제3조, 제6조 제1항, 형법 제37조, 형사소송법 제326조 제1호",
    "reference_court_case": "[2] 대법원 2001. 9. 14. 선고 2001도2948 판결, 대법원 2001. 12. 24. 선고 2001도205 판결(공2002상, 421), 대법원 2003. 1. 24. 선고 2002도6427 판결, 대법원 2008. 2. 29. 선고 2007도10414 판결(공2008상, 494)"
  },
  "Class_info": {
    "class_name": "형사A(생활형)",
    "instance_name": "방문판매"
  }
}