{
  "info": {
    "id": 43014307,
    "dataType": "판결문",
    "caseNm": "위증",
    "caseTitle": "대법원 2012. 12. 13. 선고 2010도10028 판결",
    "courtType": "판례(대법원)",
    "courtNm": "대법원",
    "judmnAdjuDe": "2012-12-13",
    "caseNoID": "2010도10028",
    "caseNo": "2010도10028"
  },
  "jdgmn": "[1] 증인이 증언거부권을 고지받지 않은 상태에서 허위진술을 한 경우, 위증죄가 성립하는지 판단하는 기준\n[2] 범행을 하지 아니한 자가 범인으로 공소제기되어 피고인의 지위에서 범행사실을 허위자백하고, 나아가 공범에 대한 증인의 자격에서 증언하면서 공범과 함께 범행하였다고 허위의 진술을 한 경우, 증언거부권의 대상이 되는지 여부(적극)\n[3] 공범인 공동피고인이 소송절차의 분리로 피고인 지위에서 벗어난 경우, 다른 공동피고인에 대한 공소사실에 관하여 증인적격이 있는지 여부(적극)",
  "jdgmnInfo": [
    {
      "question": "범행을 하지 아니한 자가 범인으로 공소제기되어 피고인의 지위에서 범행사실을 허위자백하고, 나아가 공범에 대한 증인의 자격에서 증언하면서 공범과 함께 범행하였다고 허위의 진술을 한 경우, 증언거부권의 대상이 되는지?",
      "answer": "긍정"
    },
    {
      "question": "공범인 공동피고인이 소송절차의 분리로 피고인 지위에서 벗어난 경우, 다른 공동피고인에 대한 공소사실에 관하여 증인적격이 있는가?",
      "answer": "긍정"
    }
  ],
  "Summary": [
    {
      "summ_contxt": "범행을 하지 아니한 자가 범인으로 공소제기가 되어 피고인의 지위에서 범행사실을 허위자백하고, 나아가 공범에 대한 증인의 자격에서 증언을 하면서 그 공범과 함께 범행하였다고 허위의 진술을 한 경우에도 그 증언은 자신에 대한 유죄판결의 우려를 증대시키는 것이므로 증언거부권의 대상은 된다고 볼 것이다.",
      "summ_pass": "범행을 하지 않은 자가 피고인 지위에서 허위자백하고, 공범에 대한 증인으로서 공범과 함께 범행하였다고 허위진술을 한 경우, 증언거부권의 대상이다."
    }
  ],
  "keyword_tagg": [
    {
      "id": 1,
      "keyword": "증인"
    },
    {
      "id": 2,
      "keyword": "증언거부권"
    },
    {
      "id": 3,
      "keyword": "허위자백"
    }
  ],
  "Reference_info": {
    "reference_rules": "[1] 헌법 제12조 제2항, 형법 제152조 제1항, 형사소송법 제148조, 제160조 [2] 형법 제152조 제1항, 형사소송법 제148조 [3] 형법 제152조 제1항, 형사소송법 제146조",
    "reference_court_case": "[1][3] 대법원 2012. 3. 29. 선고 2009도11249 판결 [1] 대법원 2010. 1. 21. 선고 2008도942 전원합의체 판결(공2010상, 465), 대법원 2010. 2. 25. 선고 2007도6273 판결(공2010상, 690), 대법원 2010. 2. 25. 선고 2009도13257 판결 [3] 대법원 2008. 6. 26. 선고 2008도3300 판결(공2008하, 1487)"
  },
  "Class_info": {
    "class_name": "형사A(생활형)",
    "instance_name": "위증"
  }
}