{
  "info": {
    "id": 43014385,
    "dataType": "판결문",
    "caseNm": "사기",
    "caseTitle": "대법원 2012. 2. 9. 선고 2010도11199 판결",
    "courtType": "판례(대법원)",
    "courtNm": "대법원",
    "judmnAdjuDe": "2012-02-09",
    "caseNoID": "2010도11199",
    "caseNo": "2010도11199"
  },
  "jdgmn": "형사소송법 제365조에 따라 항소심에서 피고인의 진술 없이 판결하기 위한 요건",
  "jdgmnInfo": [
    {
      "question": "피고인이 항소심 공판기일에 출정하지 아니한 때에는 다시 기일을 정하고 피고인이 정당한 사유 없이 다시 정한 기일에도 출정하지 아니한 경우에 피고인의 진술 없이 판결할 수 있는가?",
      "answer": "긍정"
    }
  ],
  "Summary": [
    {
      "summ_contxt": "형사소송법 제370조, 제276조에 의하면, 항소심에서도 피고인의 출석 없이는 원칙적으로 개정하지 못하며, 다만 같은 법 제365조에 의하여 피고인이 항소심 공판기일에 출정하지 아니한 때에는 다시 기일을 정하고 피고인이 정당한 사유 없이 다시 정한 기일에도 출정하지 아니한 경우에 피고인의 진술 없이 판결할 수 있다. 이와 같이 피고인의 진술 없이 판결할 수 있기 위해서는 피고인이 적법한 공판기일 소환을 받고도 정당한 사유 없이 출정하지 아니할 것을 필요로 한다.",
      "summ_pass": "형사소송법에 따라 항소심에서 피고인의 출석 없이는 원칙적으로 판결을 개정할 수 없다. 피고인이 적법한 공판기일에 두 번 출석하지 않을 경우, 정당한 사유 없이 피고인의 진술 없이 판결할 수 있다."
    }
  ],
  "keyword_tagg": [
    {
      "id": 1,
      "keyword": "진술 없이 판결"
    },
    {
      "id": 2,
      "keyword": "피고인의 진술"
    }
  ],
  "Reference_info": {
    "reference_rules": "형사소송법 제276조, 제365조, 제370조",
    "reference_court_case": "대법원 2010. 1. 28. 선고 2009도12430 판결(공2010상, 484), 대법원 2010. 12. 9. 선고 2010도12026 판결, 대법원 2011. 2. 24. 선고 2010도16538 판결"
  },
  "Class_info": {
    "class_name": "형사A(생활형)",
    "instance_name": "사기"
  }
}