{
  "info": {
    "id": 38015392,
    "dataType": "판결문",
    "caseNm": "형의실효등에관한법률위반·명예훼손",
    "caseTitle": "대법원 2010. 11. 11. 선고 2010도8265 판결",
    "courtType": "판례(대법원)",
    "courtNm": "대법원",
    "judmnAdjuDe": "2010-11-11",
    "caseNoID": "2010도8265",
    "caseNo": "2010도8265"
  },
  "jdgmn": "[1] 구 형의 실효 등에 관한 법률 제6조 제3항에 규정한 ‘범죄경력자료 등의 취득’이 수사자료표를 관리하거나 직무상 이에 의한 범죄경력조회를 하는 사람으로부터 ‘직접’ 취득하는 경우에 한정되는지 여부(소극)\n[2] 피고인이 구 형의 실효 등에 관한 법률에서 정한 경우 외의 용도에 사용할 목적으로 같은 아파트에 거주하는 甲으로부터 그가 휴대폰으로 촬영하여 출력한 乙의 범죄경력조회서 영인본을 취득한 사안에서, 위 법 제10조 제2항, 제6조 제3항 위반죄가 성립한다고 본 원심판단을 수긍한 사례\n[3] 피고인이 甲으로부터 취득한 乙의 범죄경력기록을 丙에게 보여주면서 “전과자이고 나쁜 년”이라고 사실을 적시하여 乙의 명예를 훼손하였다는 공소사실에 대하여, 위 유포 사실이 불특정 또는 다수인에게 전파될 가능성이 없다는 이유로 무죄를 선고한 원심판결을 수긍한 사례",
  "jdgmnInfo": [
    {
      "question": "피고인이 평소 乙이 자신의 일에 간섭하는 것에 기분이 나쁘다는 이유로 甲으로부터 취득한 乙의 범죄경력기록을 같은 아파트에 거주하는 丙에게 보여주면서 “전과자이고 나쁜 년”이라고 사실을 적시하여 乙의 명예를 훼손하였다는 공소사실에 대하여, 위 유포 사실이 불특정 또는 다수인에게 전파될 가능성이 없다는 이유로 무죄를 선고한 원심판결은 정당한가?",
      "answer": "긍정"
    }
  ],
  "Summary": [
    {
      "summ_contxt": "명예훼손죄에 있어서 공연성은 불특정 또는 다수인이 인식할 수 있는 상태를 의미하므로 비록 개별적으로 한 사람에 대하여 사실을 유포하더라도 이로부터 불특정 또는 다수인에게 전파될 가능성이 있다면 공연성의 요건을 충족한다 할 것이지만 이와 달리 전파될 가능성이 없다면 특정한 한 사람에 대한 사실의 유포는 공연성을 결한다 할 것이다.\n원심판결 이유를 위 법리와 기록에 비추어 살펴보면, 원심이 그 채용 증거들에 의하여 판시와 같은 사실들을 인정한 다음, 피고인이 유포한 사실이 불특정 또는 다수인에게 전파될 가능성이 없다는 이유로 이 사건 명예훼손의 공소사실에 대하여 무죄라고 판단한 것은 정당하고, 거기에 논리와 경험의 법칙에 위배하고 자유심증주의의 한계를 벗어났다거나 심리미진 등의 위법이 없다.",
      "summ_pass": "피고인이 유포한 사실이 불특정 또는 다수인에게 전파될 가능성이 없다는 이유로 이 사건 명예훼손의 공소사실에 대하여 무죄라고 판단한 것은 정당하다."
    }
  ],
  "keyword_tagg": [
    {
      "id": 1,
      "keyword": "명예훼손"
    }
  ],
  "Reference_info": {
    "reference_rules": "[1] 구 형의 실효 등에 관한 법률(2010. 3. 31. 법률 제10211호로 개정되기 전의 것) 제1조, 제6조 제1항, 제3항, 제4항, 제10조 제2항 [2] 구 형의 실효 등에 관한 법률(2010. 3. 31. 법률 제10211호로 개정되기 전의 것) 제6조 제3항, 제10조 제2항 [3] 형법 제307조 제1항",
    "reference_court_case": "[3] 대법원 1992. 5. 26. 선고 92도445 판결(공1992, 2065), 대법원 2000. 5. 16. 선고 99도5622 판결(공2000하, 1468), 대법원 2004. 4. 9. 선고 2004도340 판결(공2004상, 850), 대법원 2006. 5. 25. 선고 2005도2049 판결(공2006하, 1205)"
  },
  "Class_info": {
    "class_name": "형사A(생활형)",
    "instance_name": "명예훼손"
  }
}