{
  "info": {
    "id": 43014350,
    "dataType": "판결문",
    "caseNm": "공무집행 방해",
    "caseTitle": "대법원 2012. 6. 14. 선고 2011도6858 판결",
    "courtType": "판례(대법원)",
    "courtNm": "대법원",
    "judmnAdjuDe": "2012-06-14",
    "caseNoID": "2011도6858",
    "caseNo": "2011도6858"
  },
  "jdgmn": "[1] 경범죄처벌법 제7조 제3항에서 ‘범칙금 납부통고서를 받은 사람이 범칙금을 납부한 경우 범칙행위에 대하여 다시 벌받지 아니한다’고 규정한 취지\n[2] 경범죄처벌법상 통고처분에 의한 범칙금 납부에 확정판결에 준하는 효력이 인정되는 범위\n[3] 피고인이 경범죄처벌법상 ‘음주소란’ 범칙행위로 통고처분을 받고 범칙금을 납부하였는데, 이와 근접한 시간·장소에서 경찰관들을 폭행하여 공무집행을 방해하였다는 내용으로 공소가 제기된 사안에서, ‘음주소란’ 범칙행위와 ‘공무집행방해’ 공소사실은 동일성이 인정되지 않는 별개의 행위이므로 범칙금 납부의 효력이 공소사실에 미치지 않는다고 한 사례",
  "jdgmnInfo": [
    {
      "question": "범칙금의 납부에 확정판결에 준하는 효력이 인정됨에 따라 다시 벌받지 않게 되는 행위사실은 통고처분 시까지의 행위 중 범칙금 통고의 이유에 기재된 당해 범칙행위 자체 및 그 범칙행위와 동일성이 인정되는 범칙행위에 한정되는지?",
      "answer": "긍정"
    }
  ],
  "Summary": [
    {
      "summ_contxt": "원래 확정판결의 기판력이 확정판결에서 인정된 범죄사실과 공소사실의 동일성이 인정되는 범죄사실에까지 미치게 된다고 보는 것은 공소가 제기된 범죄사실과 공소사실의 동일성이 인정되는 범죄사실은 언제든지 공소장 변경을 통하여 법원의 심판대상이 되어 유죄판결을 받을 위험성이 있다는 점을 근거로 한 것인데, 범칙자가 범칙행위로 인하여 범칙금의 통고를 받아 이를 납부하는 경우에는 법원의 공판절차가 개시된 바가 없으므로 범칙금의 납부로 인하여 다시 벌받지 아니하게 되는 범죄의 범위를 확정판결에서 기판력이 미치는 범위와 동일하게 보아야 할 근거가 없게 된다. 이러한 사정에다가 경범죄처벌법 제7조 제3항이 범칙행위로 인하여 범칙금의 통고를 받고 범칙금을 납부한 경우에는 그 범칙행위에 대하여 다시 벌받지 아니한다고 명시적으로 규정하여 이중의 처벌이 금지되는 대상을 당해 범칙행위로 한정하고 있는 점을 감안할 때, 범칙자가 경찰서장으로부터 범칙행위를 하였음을 이유로 범칙금의 통고를 받고 납부기간 내에 그 범칙금을 납부한 경우 범칙금의 납부에 확정판결에 준하는 효력이 인정됨에 따라 다시 벌받지 않게 되는 행위사실은 통고처분 시까지의 행위 중 범칙금 통고의 이유에 기재된 당해 범칙행위 자체 및 그 범칙행위와 동일성이 인정되는 범칙행위에 한정된다고 해석함이 상당하다.",
      "summ_pass": "범칙자가 범칙행위로 인하여 범칙금의 통고를 받아 이를 납부하는 경우에는 법원의 공판절차가 개시된 바가 없어 범칙금의 납부로 인하여 다시 벌받지 아니하게 되는 범죄의 범위를 확정판결에서 기판력이 미치는 범위와 동일하게 보아야 할 근거가 없으므로, 범칙금의 납부에 따라 확정판결에 준하는 효력이 인정되는 범위는 통고처분 시까지의 행위 중 범칙금 통고의 이유에 기재된 당해 범칙행위 자체 및 그 범칙행위와 동일성이 인정되는 범칙행위에 한정된다."
    }
  ],
  "keyword_tagg": [
    {
      "id": 1,
      "keyword": "확정판결"
    },
    {
      "id": 2,
      "keyword": "기판력"
    },
    {
      "id": 3,
      "keyword": "범칙자"
    },
    {
      "id": 4,
      "keyword": "범칙금"
    }
  ],
  "Reference_info": {
    "reference_rules": "[1] 경범죄처벌법(2012. 3. 21. 법률 제11401호로 전부 개정되기 전의 것) 제7조 제3항 [2] 헌법 제13조 제1항, 경범죄처벌법(2012. 3. 21. 법률 제11401호로 전부 개정되기 전의 것) 제7조 제3항, 형사소송법 제298조 제1항, 제326조 제1호 [3] 형법 제136조 제1항, 경범죄처벌법(2012. 3. 21. 법률 제11401호로 전부 개정되기 전의 것) 제1조 제25호, 제7조 제3항, 형사소송법 제298조 제1항",
    "reference_court_case": "[1][2] 대법원 2002. 11. 22. 선고 2001도849 판결(공2003상, 267) [1] 대법원 2003. 7. 11. 선고 2002도2642 판결(공2003하, 1747), 대법원 2011. 1. 27. 선고 2010도11987 판결 [2] 대법원 2011. 4. 28. 선고 2009도12249 판결(공2011상, 1089)"
  },
  "Class_info": {
    "class_name": "형사A(생활형)",
    "instance_name": "경범죄 처벌법"
  }
}