{
  "info": {
    "id": 42016533,
    "dataType": "판결문",
    "caseNm": "외국환거래법위반",
    "caseTitle": "대법원 2013. 11. 28. 선고 2011도13007 판결",
    "courtType": "판례(대법원)",
    "courtNm": "대법원",
    "judmnAdjuDe": "2013-11-28",
    "caseNoID": "2011도13007",
    "caseNo": "2011도13007"
  },
  "jdgmn": "[1] ‘대한민국과 외국 간의 지급·추심 및 영수’에 직접적으로 필요하고 밀접하게 관련된 부대업무가 구 외국환거래법 제3조 제1항 제16호 (마)목의 외국환업무에 해당하는지 여부(적극)\n[2] 구 외국환거래법 제27조 제1항 제5호, 제8조 제1항에 위배되는 수개의 무등록 외국환업무를 단일하고 계속된 범의하에 일정 기간 계속하여 행할 경우 죄수관계(=포괄일죄)\n[3] 피고인이 관할관청에 등록하지 아니하고 탈북자들이 중국으로 송금하고자 하는 돈을 피고인 명의의 국내 계좌로 입금받은 다음 환치기 브로커가 지정한 계좌로 송금하였다고 하여 구 외국환거래법 위반으로 기소된 사안에서, 무등록 외국환업무 부대행위의 목적물 가액을 계산하면서 입금액과 송금액을 단순합산한 원심판결에 법리오해의 잘못이 있다고 한 사례",
  "jdgmnInfo": [
    {
      "question": "‘대한민국과 외국 간의 지급·추심 및 영수’에 직접적으로 필요하고 밀접하게 관련된 부대업무가 구 외국환거래법 제3조 제1항 제16호 (마)목의 외국환업무에 해당하는가?",
      "answer": "긍정"
    }
  ],
  "Summary": [
    {
      "summ_contxt": "가. 구 외국환거래법(2011. 4. 30. 법률 제10618호로 개정되기 전의 것, 이하 ‘법’이라 한다) 제3조 제1항 제16호 (나)목은 ‘대한민국과 외국 간의 지급·추심 및 수령’이, 같은 호 (마)목은 ‘위 (나)목 등과 유사한 업무로서 대통령령이 정하는 업무’가 각 ‘외국환업무’에 해당하는 것으로 규정하고, 법 시행령(2010. 11. 15. 대통령령 제22493호로 개정되기 전의 것) 제6조 제4호는 ‘법 제3조 제1항 제16호 (나)목 등의 업무에 딸린 업무’가 위 ‘대통령령이 정하는 업무’에 해당하는 것으로 규정하고 있는바, ‘대한민국과 외국 간의 지급·추심 및 영수’에 직접적으로 필요하고 밀접하게 관련된 부대업무는 법 제3조 제1항 제16호 (마)목의 외국환업무에 해당한다(대법원 2008. 5. 8. 선고 2005도1603 판결 참조).",
      "summ_pass": "‘대한민국과 외국 간의 지급·추심 및 영수’에 직접적으로 필요하고 밀접하게 관련된 부대업무는 법 제3조 제1항 제16호 (마)목의 외국환업무에 해당한다."
    }
  ],
  "keyword_tagg": [
    {
      "id": 1,
      "keyword": "외국환거래법"
    },
    {
      "id": 2,
      "keyword": "외국환업무"
    }
  ],
  "Reference_info": {
    "reference_rules": "[1] 구 외국환거래법(2011. 4. 30. 법률 제10618호로 개정되기 전의 것) 제3조 제1항 제16호 (나)목,(마)목, 구 외국환거래법 시행령(2010. 11. 15. 대통령령 제22493호로 개정되기 전의 것) 제6조 제4호 [2] 형법 제37조, 구 외국환거래법(2011. 4. 30. 법률 제10618호로 개정되기 전의 것) 제8조 제1항, 제27조 제1항 제5호 [3] 형법 제37조, 구 외국환거래법(2011. 4. 30. 법률 제10618호로 개정되기 전의 것) 제8조 제1항, 제27조 제1항 제5호",
    "reference_court_case": "[1][2] 대법원 2009. 10. 15. 선고 2008도10912 판결 [1] 대법원 2008. 5. 8. 선고 2005도1603 판결(공2008상, 860) [2] 대법원 2003. 8. 22. 선고 2002도5341 판결(공2003하, 1975)"
  },
  "Class_info": {
    "class_name": "형사A(생활형)",
    "instance_name": "외국환거래"
  }
}