{
  "info": {
    "id": 42016936,
    "dataType": "판결문",
    "caseNm": "폭력행위등처벌에관한법률위반(공동상해)·폭력행위등처벌에관한법률위반(공동퇴거불응)·폭력행위등처벌에관한법률위반(공동폭행)·폭행·집회및시위에관한법률위반·업무방해",
    "caseTitle": "대법원 2013. 5. 23. 선고 2011도12440 판결",
    "courtType": "판례(대법원)",
    "courtNm": "대법원",
    "judmnAdjuDe": "2013-05-23",
    "caseNoID": "2011도12440",
    "caseNo": "2011도12440"
  },
  "jdgmn": "[1] 업무방해죄 구성요건 중 ‘위력’의 의미와 판단 기준\n[2] 옥외집회 또는 시위가 ‘신고한 범위를 뚜렷이 벗어나는 행위’에 해당하는지 판단하는 기준",
  "jdgmnInfo": [
    {
      "question": "업무방해죄 구성요건 중 ‘위력’은 범인의 위세, 사람 수, 주위의 상황 등에 비추어 피해자의 자유의사를 제압하기에 충분한 세력을 의미하는가?",
      "answer": "긍정"
    },
    {
      "question": "옥외집회 또는 시위가 ‘신고한 범위를 뚜렷이 벗어나는 행위’에 해당하는지는 신고 내용과 실제 상황을 구체적·개별적으로 비교하여 살펴본 다음 이를 전체적·종합적으로 평가하여 판단하여야 하는가?",
      "answer": "긍정"
    }
  ],
  "Summary": [
    {
      "summ_contxt": "업무방해죄의 ‘위력’이란 사람의 자유의사를 제압·혼란케 할 만한 일체의 세력으로, 유형적이든 무형적이든 묻지 아니하므로, 폭력·협박은 물론 사회적·경제적·정치적 지위와 권세에 의한 압박 등도 이에 포함되고, 현실적으로 피해자의 자유의사가 제압될 것을 필요로 하는 것은 아니지만, 범인의 위세, 사람 수, 주위의 상황 등에 비추어 피해자의 자유의사를 제압하기에 충분한 세력을 의미하는 것으로서, 위력에 해당하는지는 범행의 일시·장소, 범행의 동기, 목적, 인원수, 세력의 태양, 업무의 종류, 피해자의 지위 등 제반 사정을 고려하여 객관적으로 판단하여야 한다(대법원 2010. 11. 25. 선고 2010도9186 판결 등 참조).",
      "summ_pass": "업무방해죄의 ‘위력’이란 사람의 자유의사를 제압·혼란케 할 만한 일체의 세력으로, 유형적이든 무형적이든 묻지 아니하므로, 폭력·협박은 물론 사회적·경제적·정치적 지위와 권세에 의한 압박 등도 이에 포함되고, 현실적으로 피해자의 자유의사가 제압될 것을 필요로 하는 것은 아니지만, 범인의 위세, 사람 수, 주위의 상황 등에 비추어 피해자의 자유의사를 제압하기에 충분한 세력을 의미한다."
    }
  ],
  "keyword_tagg": [
    {
      "id": 1,
      "keyword": "업무방해죄의 ‘위력"
    },
    {
      "id": 2,
      "keyword": "제반 사정"
    }
  ],
  "Reference_info": {
    "reference_rules": "[1] 형법 제314조 제1항 [2] 헌법 제21조 제1항, 집회 및 시위에 관한 법률 제6조 제1항, 제16조 제4항 제3호, 제22조 제3항",
    "reference_court_case": "[1] 대법원 2010. 11. 25. 선고 2010도9186 판결, 대법원 2011. 10. 13. 선고 2009도5698 판결, 대법원 2013. 1. 31. 선고 2012도3475 판결 [2] 대법원 2010. 3. 11. 선고 2009도10425 판결, 대법원 2010. 3. 11. 선고 2009도12609 판결(공2010상, 773)"
  },
  "Class_info": {
    "class_name": "형사A(생활형)",
    "instance_name": "집회/시위"
  }
}