{
  "info": {
    "id": 43014295,
    "dataType": "판결문",
    "caseNm": "성폭력범죄의처벌등에관한특례법위반(장애인에대한준강간등)",
    "caseTitle": "대법원 2014. 2. 13. 선고 2011도6907 판결",
    "courtType": "판례(대법원)",
    "courtNm": "대법원",
    "judmnAdjuDe": "2014-02-13",
    "caseNoID": "2011도6907",
    "caseNo": "2011도6907"
  },
  "jdgmn": "구 성폭력범죄의 처벌 등에 관한 특례법 제6조에서 정한 ‘신체적인 또는 정신적인 장애로 항거불능인 상태’의 의미 및 정신적인 장애가 주된 원인이 되어 ‘항거불능인 상태’에 있었는지 판단하는 기준",
  "jdgmnInfo": [
    {
      "question": "구 성폭력범죄의 처벌 등에 관한 특례법(2011. 11. 17. 법률 제11088호로 개정되기 전의 것, 이하 ‘구 성폭법’이라 한다) 제6조에서 ‘신체적인 또는 정신적인 장애로 항거불능인 상태’라 함은, 신체적 또는 정신적 장애 그 자체로 항거불능의 상태에 있는 경우뿐 아니라 신체장애 또는 정신적인 장애가 주된 원인이 되어 심리적 또는 물리적으로 반항이 불가능하거나 현저히 곤란한 상태에 이른 경우를 포함하는가?",
      "answer": "긍정"
    }
  ],
  "Summary": [
    {
      "summ_contxt": "‘신체적인 또는 정신적인 장애로 항거불능인 상태’라 함은, 신체적 또는 정신적 장애 그 자체로 항거불능의 상태에 있는 경우뿐 아니라 신체장애 또는 정신적인 장애가 주된 원인이 되어 심리적 또는 물리적으로 반항이 불가능하거나 현저히 곤란한 상태에 이른 경우를 포함하는 것으로 보아야 할 것이고, 그 중 정신적인 장애가 주된 원인이 되어 항거불능인 상태에 있었는지 여부를 판단함에 있어서는 피해자의 정신적 장애의 정도뿐 아니라 피해자와 가해자의 신분을 비롯한 관계, 주변의 상황 내지 환경, 가해자의 행위 내용과 방법, 피해자의 인식과 반응의 내용 등을 종합적으로 검토해야 할 것이다.",
      "summ_pass": "‘신체적인 또는 정신적인 장애로 항거불능인 상태’란, 장애 자체로 항거불능 상태뿐 아니라 장애가 주 원인이 되어 심리적·물리적으로 반항이 현저히 곤란한 상태를 포함하고, 정신 장애가 주 원인이 되어 항거불능 상태에 있었는지 여부를 판단할 때는 장애 정도, 사회적 관계 등을 종합적으로 검토해야 한다."
    }
  ],
  "keyword_tagg": [
    {
      "id": 1,
      "keyword": "항거불능"
    },
    {
      "id": 2,
      "keyword": "정신적 장애"
    }
  ],
  "Reference_info": {
    "reference_rules": "구 성폭력범죄의 처벌 등에 관한 특례법(2011. 11. 17. 법률 제11088호로 개정되기 전의 것) 제6조, 구 형법(2012. 12. 18. 법률 제11574호로 개정되기 전의 것) 제297조, 제299조, 형법 제298조",
    "reference_court_case": "대법원 2007. 7. 27. 선고 2005도2994 판결(공2007하, 1428), 대법원 2013. 4. 11. 선고 2012도12714 판결(공2013하, 1152)"
  },
  "Class_info": {
    "class_name": "형사A(생활형)",
    "instance_name": "성폭력"
  }
}