{
  "info": {
    "id": 42016562,
    "dataType": "판결문",
    "caseNm": "공인중개사의업무및부동산거래신고에관한법률위반·주택법위반",
    "caseTitle": "대법원 2013. 9. 26. 선고 2011도17273 판결",
    "courtType": "판례(대법원)",
    "courtNm": "대법원",
    "judmnAdjuDe": "2013-09-26",
    "caseNoID": "2011도17273",
    "caseNo": "2011도17273"
  },
  "jdgmn": "구 주택법 제39조 제1항 제1호에서 양도 및 양수를 금지하고 있는 ‘제32조의 규정에 의하여 주택을 공급받을 수 있는 지위’의 의미 및 그 지위가 인정되기 위한 요건",
  "jdgmnInfo": [
    {
      "question": "구 주택법 제39조 제1항 제1호에서 정한 ‘제32조의 규정에 의하여 주택을 공급받을 수 있는 지위’는 구 주택법 등에서 정한 조합원의 자격요건을 갖추고 조합원 가입절차 및 분양절차를 제대로 거쳐야 비로소 인정된다고 볼 수 있는가?",
      "answer": "긍정"
    }
  ],
  "Summary": [
    {
      "summ_contxt": "위와 같이 구 주택법 제39조 제1항 제1호는 같은 법 제32조에 따라 주택을 공급받을 수 있는 지위의 양도 및 양수를 금지하고 있는데, 같은 법 제32조는 다수의 구성원이 주택을 마련하기 위해 설립하는 주택조합의 설립방법과 절차, 그 구성원의 자격기준 및 그 조합원에 대한 주택의 우선공급 등 주택조합의 조합원에 대한 주택 공급에 관하여 규정하고 있는 점, 구 주택법 제39조 제1항 제2, 3, 4호와 주택법 시행령 제43조 제1항 각 호에서 정한 ‘주택을 공급받을 수 있는 증서’가 모두 공문서 또는 그에 준하는 공신력 있는 문서인 것과의 균형상 구 주택법 제39조 제1항 제1호에서 정한 ‘주택을 공급받을 수 있는 지위’ 역시 그에 상응하는 효력이 있는 지위를 의미하는 것으로 봄이 상당한 점, 구 주택법 제39조 제2항이 위 ‘주택을 공급받을 수 있는 지위’가 유효한 것임을 전제로 같은 조 제1항을 위반한 경우 그 ‘지위’를 무효로 할 수 있다고 규정하고 있는 점, 죄형법정주의의 원칙상 형벌법규의 해석은 엄격하게 하여야 하는 점 등에 비추어 보면, 구 주택법 제39조 제1항 제1호에서 정한 ‘제32조의 규정에 의하여 주택을 공급받을 수 있는 지위’는 원칙적으로 설립인가를 받거나 신고를 마치고 적법하게 설립된 주택조합의 구성원인 조합원으로서 그 주택조합이 공급하는 주택을 공급받을 수 있는 지위를 의미하고, 이는 구 주택법 등에서 정한 조합원의 자격요건을 갖추고 조합원 가입절차 및 분양절차를 제대로 거쳐야 비로소 인정된다고 할 것이다.",
      "summ_pass": "구 주택법 제39조 제1항 제1호에서 정한 ‘제32조의 규정에 의하여 주택을 공급받을 수 있는 지위’는 원칙적으로 설립인가를 받거나 신고를 마치고 적법하게 설립된 주택조합의 구성원인 조합원으로서 그 주택조합이 공급하는 주택을 공급받을 수 있는 지위를 의미하고, 이는 구 주택법 등에서 정한 조합원의 자격요건을 갖추고 조합원 가입절차 및 분양절차를 제대로 거쳐야 비로소 인정된다고 할 것이다."
    }
  ],
  "keyword_tagg": [
    {
      "id": 1,
      "keyword": "죄형법정주의의 원칙"
    },
    {
      "id": 2,
      "keyword": "구 주택법"
    }
  ],
  "Reference_info": {
    "reference_rules": "헌법 제12조 제1항, 형법 제1조 제1항 / 구 주택법(2009. 2. 3. 법률 제9405호로 개정되기 전의 것) 제32조, 제39조 제1항 제1호, 제2호, 제3호, 제4호, 제2항, 제96조 제1호, 주택법 시행령 제43조 제1항 제1호, 제2호",
    "reference_court_case": ""
  },
  "Class_info": {
    "class_name": "형사A(생활형)",
    "instance_name": "부동산"
  }
}