{
  "info": {
    "id": 38015378,
    "dataType": "판결문",
    "caseNm": "배임·사기",
    "caseTitle": "대법원 2011. 4. 28. 선고 2011도3247 판결",
    "courtType": "판례(대법원)",
    "courtNm": "대법원",
    "judmnAdjuDe": "2011-04-28",
    "caseNoID": "2011도3247",
    "caseNo": "2011도3247"
  },
  "jdgmn": "[1] 부동산매매에서 미리 소유권을 이전받은 매수인이 목적물을 담보로 제공하는 방법으로 매매대금을 마련하여 매도인에게 제공하기로 약정한 경우, 위 매수인이 배임죄상 ‘타인의 사무를 처리하는 자’에 해당하는지 여부(소극)\n[2] 피고인이 甲에게서 부동산을 매수하면서, 계약금을 지급하는 즉시 피고인 앞으로 소유권을 이전받되 매매잔금은 일정기간 내에 이를 담보로 대출을 받아 지급하고 건축허가를 받지 못하면 계약을 해제하여 원상회복해 주기로 약정하였는데도, 소유권을 이전받은 직후 이에 관하여 다른 용도로 근저당권을 설정한 사안에서, 피고인에게 배임죄가 성립하지 않는다고 본 원심판단을 정당하다고 한 사례",
  "jdgmnInfo": [
    {
      "question": "피고인이 甲에게서 부동산을 매수하면서, 계약금을 지급하는 즉시 피고인 앞으로 소유권을 이전받되 매매잔금은 일정기간 내에 이를 담보로 대출을 받아 지급하고 건축허가를 받지 못하면 계약을 해제하여 원상회복해 주기로 약정하였는데도, 소유권을 이전받은 직후 이에 관하여 다른 용도로 근저당권을 설정한 사안은 배임에 해당되는가?",
      "answer": "부정"
    }
  ],
  "Summary": [
    {
      "summ_contxt": "이 사건에서 비록 피고인이 이 사건 매매계약에 기하여 소유권이전등기를 받은 바로 당일 이를 담보로 제공하여 자금을 융통하였고 그 후에도 다시 같은 일이 있었다고 하여도, 또한 그 융통한 자금을 매도인 공소외 1에게 매매대금으로 지급하지 아니하였다고 하여도, 그것을 타인의 사무를 처리하는 자가 그 임무에 위배하는 행위를 한 것으로 볼 수 없다.",
      "summ_pass": "그 융통한 자금을 매도인 공소외 1에게 매매대금으로 지급하지 아니하였다고 하여도, 그것을 타인의 사무를 처리하는 자가 그 임무에 위배하는 행위를 한 것으로 볼 수 없다."
    }
  ],
  "keyword_tagg": [
    {
      "id": 1,
      "keyword": "타인의 사무를 처리하는 자"
    },
    {
      "id": 2,
      "keyword": "소유권이전등기"
    }
  ],
  "Reference_info": {
    "reference_rules": "[1] 형법 제355조 제2항 [2] 형법 제355조 제2항, 형사소송법 제325조",
    "reference_court_case": "[1] 대법원 2008. 6. 26. 선고 2007도7060 판결, 대법원 2010. 8. 26. 선고 2010도4613 판결"
  },
  "Class_info": {
    "class_name": "형사A(생활형)",
    "instance_name": "배임"
  }
}