{
  "info": {
    "id": 43014383,
    "dataType": "판결문",
    "caseNm": "성폭력 범죄의 처벌등에 관한 특례법 위반(13세 미만 미성년자 강간등)·아동·청소년의 성보호에 관한 법률 위반(강간등)·절도·부착 명령",
    "caseTitle": "대법원 2012. 2. 23. 선고 2011도8124 판결",
    "courtType": "판례(대법원)",
    "courtNm": "대법원",
    "judmnAdjuDe": "2012-02-23",
    "caseNoID": "2011도8124",
    "caseNo": "2011도8124"
  },
  "jdgmn": "[1] 현역 군인 등 군법 적용 대상자에 대한 특례를 규정한 ‘보호관찰 등에 관한 법률’ 제56조, 제64조 제1항의 해석상 군법 적용 대상자에게 보호관찰, 사회봉사, 수강명령을 명할 수 있는지 여부(소극)\n[2] ‘특정 범죄자에 대한 위치추적 전자장치 부착 등에 관한 법률’상 특정범죄를 범한 자에 대하여 형의 집행을 유예하는 경우에는 보호관찰을 명하는 때에만 위치추적 전자장치 부착을 명할 수 있는지 여부(적극)\n[3] 현역 군인인 성폭력범죄 피고인에게 집행유예를 선고하는 경우 ‘보호관찰 등에 관한 법률’이 정한 군법 적용 대상자에 대한 특례 규정상 보호관찰을 명할 수 없어 보호관찰의 부과를 전제로 한 위치추적 전자장치의 부착명령 역시 명할 수 없는데도, 원심이 피고인에 대하여 전자장치의 부착을 명한 것은 위법하다고 한 사례",
  "jdgmnInfo": [
    {
      "question": "‘특정 범죄자에 대한 위치추적 전자장치 부착 등에 관한 법률’상 특정범죄를 범한 자에 대하여 형의 집행을 유예하는 경우에는 보호관찰을 명하는 때에만 위치추적 전자장치 부착을 명할 수 있는가?",
      "answer": "긍정"
    }
  ],
  "Summary": [
    {
      "summ_contxt": "헌법 제12조 제1항은 “모든 국민은 신체의 자유를 가진다. 누구든지 법률에 의하지 아니하고는 체포·구속·압수·수색 또는 심문을 받지 아니하며, 법률과 적법한 절차에 의하지 아니하고는 처벌·보안처분 또는 강제노역을 받지 아니한다.”라고 정하여 처벌·보안처분·강제노역에 관한 법률주의 및 적법절차 원리를 선언하고 있다. 이를 이어받아 형법, 소년법 기타 법률은 이른바 범죄인에 대한 사회내 처우의 한 유형으로 도입된 보호관찰, 사회봉사, 수강을 받을 것을 명할 수 있도록 규정하고 있다. 그리고 보호관찰 등에 관한 법률(이하 ‘보호관찰법’이라 한다)은 제19조 내지 제64조에서 보호관찰 대상자 및 사회봉사·수강명령 대상자에 대한 보호관찰, 사회봉사, 수강명령의 실시 내지 집행에 관한 사항을 정하고 있다.",
      "summ_pass": "헌법 제12조 제1항은 모든 국민의 신체의 자유를 보장하며, 법률과 적법한 절차에 따라야만 처벌 및 강제조치를 받을 수 있다고 규정한다. 이 원칙에 따라 형법과 소년법 등은 범죄인에 대한 사회적 처우로 보호관찰, 사회봉사, 수강명령을 도입하였다. 보호관찰법은 이러한 조치의 실시와 집행에 관한 세부 사항을 정하고 있다."
    }
  ],
  "keyword_tagg": [
    {
      "id": 1,
      "keyword": "적법절차"
    },
    {
      "id": 2,
      "keyword": "보호관찰법"
    },
    {
      "id": 3,
      "keyword": "보호관찰"
    }
  ],
  "Reference_info": {
    "reference_rules": "[1] 헌법 제12조 제1항, 군사법원법 제2조 제1항, 보호관찰 등에 관한 법률 제56조, 제64조 제1항 [2] 특정 범죄자에 대한 위치추적 전자장치 부착 등에 관한 법률 제9조 제4항 제4호, 제12조 제1항, 제28조 제1항 [3] 군사법원법 제2조 제1항, 보호관찰 등에 관한 법률 제56조, 특정 범죄자에 대한 위치추적 전자장치 부착 등에 관한 법률 제9조 제4항 제4호, 제28조 제1항",
    "reference_court_case": "[2] 대법원 2011. 2. 24. 선고 2010오1, 2010전오1 판결(공2011상, 696)"
  },
  "Class_info": {
    "class_name": "형사A(생활형)",
    "instance_name": "성폭력"
  }
}