{
  "info": {
    "id": 38015373,
    "dataType": "판결문",
    "caseNm": "도로교통법위반(무면허운전)",
    "caseTitle": "대법원 2011. 5. 13. 선고 2011도1094 판결",
    "courtType": "판례(대법원)",
    "courtNm": "대법원",
    "judmnAdjuDe": "2011-05-13",
    "caseNoID": "2011도1094",
    "caseNo": "2011도1094"
  },
  "jdgmn": "[1] 제1심 공판절차에서 피고인에게 공시송달을 하기 위한 요건\n[2] 제1심의 법원사무관 등이 이미 송달불능된 피고인과 전화통화하면서 송달장소를 확인하는 등의 시도를 하지 아니한 채 단순히 제1회 공판기일에 출석할 것을 통지하는 데 그친 경우, 그 후 소재탐지촉탁, 구속영장 발부, 지명수배 의뢰 등의 절차를 거쳤다고 하더라도 공시송달의 방법으로 공소장 부본 등을 송달한 제1심의 조치는 위법하다고 한 사례\n[3] 공시송달의 방법으로 소환한 피고인이 최초 공판기일에 불출석한 경우, 곧바로 피고인의 진술 없이 재판절차를 진행할 수 있는지 여부(소극)\n[4] 위법한 공시송달 결정에 터잡아 공소장 부본 등을 송달하고 최초 공판기일에 피고인 출석 없이 재판절차를 진행한 위법이 제1심에 있는데도, 직권으로 위와 같은 위법을 시정하는 조치를 취하지 않은 원심판결에 법리오해의 위법이 있다고 한 사례",
  "jdgmnInfo": [
    {
      "question": "제1심의 법원사무관 등이 이미 송달불능된 피고인과 전화통화하면서 송달장소를 확인하는 등의 시도를 하지 아니한 채 단순히 제1회 공판기일에 출석할 것을 통지하는 데 그친 경우, 그 후 소재탐지촉탁, 구속영장 발부, 지명수배 의뢰 등의 절차를 거쳤다고 하더라도 공시송달의 방법으로 공소장 부본 등을 송달한 제1심의 조치는 정당한가?",
      "answer": "부정"
    }
  ],
  "Summary": [
    {
      "summ_contxt": "제1심이 위법한 공시송달 결정에 터잡아 공소장 부본과 공판기일 소환장을 송달하고 피고인의 출석 없이 심리·판단한 이상, 이는 피고인에게 출석의 기회를 주지 아니한 것이 되어 그 소송절차는 위법한 것이다. 한편 항소법원은 판결에 영향을 미친 사유에 관하여는 항소이유서에 포함되지 아니한 경우에도 직권으로 심판할 수 있으므로, 원심으로서는 검사만이 양형부당으로 항소하였더라도 마땅히 직권으로 제1심의 위법을 시정하는 조치를 취했어야 할 것이다. 즉 원심으로서는 다시 적법한 절차에 의하여 소송행위를 새로이 한 후 위법한 제1심판결을 파기하고, 원심에서의 진술 및 증거조사 등 심리결과에 기하여 다시 판결하여야 할 것이다.",
      "summ_pass": "즉 원심으로서는 다시 적법한 절차에 의하여 소송행위를 새로이 한 후 위법한 제1심판결을 파기하고, 원심에서의 진술 및 증거조사 등 심리결과에 기하여 다시 판결하여야 할 것이다."
    }
  ],
  "keyword_tagg": [
    {
      "id": 1,
      "keyword": "공시송달"
    }
  ],
  "Reference_info": {
    "reference_rules": "[1] 형사소송법 제63조 제1항, 소송촉진 등에 관한 특례법 제23조, 소송촉진 등에 관한 특례규칙 제18조, 제19조 [2] 형사소송법 제63조 제1항, 소송촉진 등에 관한 특례법 제23조, 소송촉진 등에 관한 특례규칙 제18조, 제19조 [3] 소송촉진 등에 관한 특례규칙 제19조 제2항 [4] 형사소송법 제364조 제2항, 소송촉진 등에 관한 특례규칙 제19조 제2항",
    "reference_court_case": "[1] 대법원 2007. 7. 12. 선고 2006도3892 판결(공2007하, 1315), 대법원 2010. 1. 28. 선고 2009도12430 판결(공2010상, 484) [3] 대법원 1991. 12. 17.자 91모23 결정(공1992, 564)"
  },
  "Class_info": {
    "class_name": "형사A(생활형)",
    "instance_name": "공시송달"
  }
}