{
  "info": {
    "id": 42016942,
    "dataType": "판결문",
    "caseNm": "사기·마약류관리에 관한 법률 위반(향정)·정신보건법 위반·건강기능식품에 관한 법률 위반",
    "caseTitle": "대법원 2013. 4. 26. 선고 2011도10797 판결",
    "courtType": "판례(대법원)",
    "courtNm": "대법원",
    "judmnAdjuDe": "2013-04-26",
    "caseNoID": "2011도10797",
    "caseNo": "2011도10797"
  },
  "jdgmn": "[1] 의사인 피고인이 전화를 이용하여 진찰한 것임에도 내원 진찰인 것처럼 가장하여 국민건강보험관리공단에 요양급여비용을 청구함으로써 진찰료 등을 편취하였다는 내용으로 기소된 사안에서, 피고인에게 사기죄를 인정한 원심판단이 정당하다고 한 사례\n[2] 마약류취급의료업자가 자신의 질병에 대한 치료 기타 의료 목적으로 그에 필요한 범위 내에서 마약 등을 투약하는 등의 행위가 구 ‘마약류 관리에 관한 법률’상 금지되는 마약류취급자의 ‘업무 외의 목적’을 위한 투약 등 행위에 해당하는지 여부(소극) 및 이때 자신에 대한 투약이 제3자에 대한 처방전 발부를 통해 이루어진 사정만으로 달리 보아야 하는지 여부(소극)",
  "jdgmnInfo": [
    {
      "question": "의사인 피고인이 전화를 이용하여 진찰한 것임에도 내원 진찰인 것처럼 가장하여 국민건강보험관리공단에 요양급여비용을 청구함으로써 진찰료 등을 편취하였다는 내용으로 기소된 사안에서, 피고인에게 사기죄를 인정한 판단은 적법한가?",
      "answer": "긍정"
    },
    {
      "question": "마약류취급의료업자가 자신의 질병에 대한 치료 기타 의료 목적으로 그에 필요한 범위 내에서 마약 등을 투약하는 등의 행위가 구 ‘마약류 관리에 관한 법률’상 금지되는 마약류취급자의 ‘업무 외의 목적’을 위한 투약 등 행위에 해당하는가?",
      "answer": "부정"
    },
    {
      "question": "마약류취급의료업자가 자신의 질병에 대한 치료 기타 의료 목적으로 그에 필요한 범위 내에서 마약 등을 투약하는 등의 행위가 자신에 대한 투약이 제3자에 대한 처방전 발부를 통한 경우에 ‘업무 외의 목적’을 위한 투약이라고 할 수는 없는가?",
      "answer": "긍정"
    }
  ],
  "Summary": [
    {
      "summ_contxt": "의사인 피고인이 전화를 이용하여 진찰(이하 ‘전화 진찰’이라고 한다)한 것임에도 내원 진찰인 것처럼 가장하여 국민건강보험관리공단에 요양급여비용을 청구함으로써 진찰료 등을 편취하였다는 내용으로 기소된 사안에서, 당시에 시행되던 구 ‘국민건강보험 요양급여의 기준에 관한 규칙’(2010. 3. 19. 보건복지부령 제1호로 개정되기 전의 것)에 기한 보건복지부장관의 고시는 내원을 전제로 한 진찰만을 요양급여의 대상으로 정하고 있고 전화 진찰이나 이에 기한 약제 등의 지급은 요양급여의 대상으로 정하고 있지 아니하므로, 전화 진찰이 구 의료법(2009. 1. 30. 법률 제9386호로 개정되기 전의 것) 제17조 제1항에서 정한 ‘직접 진찰’에 해당한다고 하더라도 그러한 사정만으로 요양급여의 대상이 된다고 할 수 없는 이상, 전화 진찰을 요양급여대상으로 되어 있던 내원 진찰인 것으로 하여 요양급여비용을 청구한 것은 기망행위로서 사기죄를 구성하고, 피고인의 불법이득의 의사 또한 인정된다는 이유로, 피고인에게 유죄를 인정한 원심판단이 정당하다.",
      "summ_pass": "구 의료법(2009. 1. 30. 법률 제9386호로 개정되기 전의 것) 제17조 제1항에서 정한 ‘직접 진찰’에 해당한다고 하더라도 그러한 사정만으로 요양급여의 대상이 된다고 할 수 없는 이상, 전화 진찰을 요양급여대상으로 되어 있던 내원 진찰인 것으로 하여 요양급여비용을 청구한 것은 기망행위로서 사기죄를 구성하고, 피고인의 불법이득의 의사 또한 인정된다는 이유로, 피고인에게 유죄를 인정한 원심판단이 정당하다."
    }
  ],
  "keyword_tagg": [
    {
      "id": 1,
      "keyword": "사기"
    }
  ],
  "Reference_info": {
    "reference_rules": "[1] 형법 제347조 제1항 / 구 의료법(2009. 1. 30. 법률 제9386호로 개정되기 전의 것) 제17조 제1항 / 구 국민건강보험법(2010. 1. 18. 법률 제9932호로 개정되기 전의 것) 제39조 제1항(현행 제41조 제1항 참조) [2] 구 마약류 관리에 관한 법률(2010. 1. 18. 법률 제9932호로 개정되기 전의 것) 제1조, 제2조 제6호 (자)목[현행제2조 제5호 (자)목 참조], 제4조 제1항, 제5조 제1항, 제61조 제1항 제5호(현행 제61조 제1항 제7호 참조)",
    "reference_court_case": ""
  },
  "Class_info": {
    "class_name": "형사A(생활형)",
    "instance_name": "마약"
  }
}