{
  "info": {
    "id": 43014289,
    "dataType": "판결문",
    "caseNm": "특정경제범죄가중처벌등에관한법률위반(횡령)·업무상배임·횡령",
    "caseTitle": "대법원 2014. 2. 21. 선고 2011도8870 판결",
    "courtType": "판례(대법원)",
    "courtNm": "대법원",
    "judmnAdjuDe": "2014-02-21",
    "caseNoID": "2011도8870",
    "caseNo": "2011도8870"
  },
  "jdgmn": "[1] 회사가 타인의 사무를 처리하는 일을 영업으로 영위하고 있는 경우, 회사 대표이사가 그 타인의 사무를 처리하면서 업무상 임무에 위배되는 행위를 함으로써 회사로 하여금 타인에 대한 채무를 부담하게 한 행위가 회사에 대한 관계에서 업무상배임죄를 구성하는지 여부(적극)\n[2] 주식회사의 임원이 공적 업무수행을 위해서만 사용이 가능한 법인카드를 개인 용도로 계속적, 반복적으로 사용한 행위가 업무상배임죄를 구성하는지 여부(원칙적 적극) 및 법인카드 사용에 대하여 실질적 1인 주주의 양해를 얻었다는 등의 사정만으로 달리 보아야 하는지 여부(소극)",
  "jdgmnInfo": [
    {
      "question": "회사가 타인의 사무를 처리하는 일을 영업으로 영위하고 있는 경우, 회사 대표이사가 그 타인의 사무를 처리하면서 업무상 임무에 위배되는 행위를 함으로써 회사로 하여금 타인에 대한 채무를 부담하게 한 행위가 회사에 대한 관계에서 업무상배임죄를 구성하는지?",
      "answer": "긍정"
    },
    {
      "question": "주식회사의 임원이 공적 업무수행을 위해서만 사용이 가능한 법인카드를 개인 용도로 계속적, 반복적으로 사용한 행위가 원칙적으로 업무상배임죄를 구성하는가?",
      "answer": "긍정"
    }
  ],
  "Summary": [
    {
      "summ_contxt": "회사가 타인의 사무를 처리하는 일을 영업으로 영위하고 있는 경우, 회사의 대표이사가 그 타인의 사무를 처리하면서 업무상 임무에 위배되는 행위를 함으로써 재산상 이익을 취득하거나 제3자로 하여금 이를 취득하게 하고 그로 인하여 회사로 하여금 그 타인에 대한 손해배상책임 등 채무를 부담하게 한 때에는 회사에 손해를 가하거나 재산상 실해 발생의 위험을 초래한 것으로 볼 수 있으므로, 이러한 행위는 회사에 대한 관계에서 업무상배임죄를 구성한다.",
      "summ_pass": "회사가 타인사무처리업으로 영위하는 경우, 회사 대표이사가 타인사무처리를 하면서 임무위배행위를 함으로써 회사로 하여금 채무를 부담하게 한 행위는 회사에 대한 관계에서 업무상배임죄를 구성한다."
    }
  ],
  "keyword_tagg": [
    {
      "id": 1,
      "keyword": "타인의 사무를 처리"
    },
    {
      "id": 2,
      "keyword": "손해배상책임"
    },
    {
      "id": 3,
      "keyword": "업무상배임"
    }
  ],
  "Reference_info": {
    "reference_rules": "[1] 형법 제355조 제2항, 제356조 [2] 형법 제355조 제2항, 제356조",
    "reference_court_case": "[1] 대법원 1987. 4. 28. 선고 83도1568 판결(공1987, 918), 대법원 2012. 12. 27. 선고 2012도10822 판결(공2013상, 285), 대법원 2013. 2. 14. 선고 2011도10302 판결(공2013상, 519)"
  },
  "Class_info": {
    "class_name": "형사A(생활형)",
    "instance_name": "배임"
  }
}