{
  "info": {
    "id": 42016057,
    "dataType": "판결문",
    "caseNm": "특정범죄가중처벌 등에 관한 법률 위반(알선수재)",
    "caseTitle": "대법원 2011. 10. 27. 선고 2011도9884 판결",
    "courtType": "판례(대법원)",
    "courtNm": "대법원",
    "judmnAdjuDe": "2011-10-27",
    "caseNoID": "2011도9884",
    "caseNo": "2011도9884"
  },
  "jdgmn": "금품수수 여부가 쟁점인 사건에서 금품수수자로 지목된 자가 수수사실을 부인하고 있고 이를 뒷받침할 금융자료 등 객관적 물증이 없는 경우, 금품공여자의 진술만으로 유죄를 인정하기 위한 요건",
  "jdgmnInfo": [
    {
      "question": "금품수수 여부가 쟁점인 사건에서 금품수수자로 지목된 자가 수수사실을 부인하고 있고 이를 뒷받침할 금융자료 등 객관적 물증이 없는 경우, 금품공여자의 진술만으로 유죄를 인정하기 위해서는 진술이 합리적인 의심을 배제할 만한 신빙성이 있어야 하는가?",
      "answer": "긍정"
    }
  ],
  "Summary": [
    {
      "summ_contxt": "금원수수 여부가 쟁점이 된 사건에서 금원수수자로 지목된 피고인이 수수사실을 부인하고 있고 이를 뒷받침할 금융자료 등 객관적 물증이 없는 경우 금원을 제공하였다는 사람의 진술만으로 유죄를 인정하기 위해서는 그 사람의 진술이 증거능력이 있어야 함은 물론 합리적인 의심을 배제할 만한 신빙성이 있어야 하고, 신빙성이 있는지 여부를 판단할 때에는 그 진술 내용 자체의 합리성, 객관적 상당성, 전후의 일관성뿐만 아니라 그의 인간됨, 그 진술로 얻게 되는 이해관계 유무, 특히 그에게 어떤 범죄의 혐의가 있고 그 혐의에 대하여 수사가 개시될 가능성이 있거나 수사가 진행 중인 경우에는 이를 이용한 협박이나 회유 등의 의심이 있어 그 진술의 증거능력이 부정되는 정도에까지 이르지 않는 경우에도 그로 인한 궁박한 처지에서 벗어나려는 노력이 진술에 영향을 미칠 수 있는지 여부 등도 아울러 살펴보아야 한다.",
      "summ_pass": "금원수수 여부가 쟁점이 된 사건에서 금원수수자로 지목된 피고인이 수수사실을 부인하고 있고 이를 뒷받침할 금융자료 등 객관적 물증이 없는 경우 금원을 제공하였다는 사람의 진술만으로 유죄를 인정하기 위해서는 그 사람의 진술이 증거능력이 있어야 함은 물론 합리적인 의심을 배제할 만한 신빙성이 있어야 한다."
    }
  ],
  "keyword_tagg": [
    {
      "id": 1,
      "keyword": "증거능력"
    },
    {
      "id": 2,
      "keyword": "진술"
    }
  ],
  "Reference_info": {
    "reference_rules": "형법 제129조 제1항, 제133조, 구 특정범죄 가중처벌 등에 관한 법률(2010. 3. 31. 법률 제10210호로 개정되기 전의 것) 제3조, 형사소송법 제307조, 제308조",
    "reference_court_case": "대법원 2002. 6. 11. 선고 2000도5701 판결(공2002하, 1720), 대법원 2009. 1. 15. 선고 2008도8137 판결(공2009상, 183), 대법원 2011. 4. 28. 선고 2010도14487 판결(공2011상, 1099)"
  },
  "Class_info": {
    "class_name": "형사A(생활형)",
    "instance_name": "횡령"
  }
}