{
  "info": {
    "id": 42017110,
    "dataType": "판결문",
    "caseNm": "정치자금법 위반·공직선거법 위반·정보통신망이용촉진 및 정보보호 등에 관한 법률 위반",
    "caseTitle": "대법원 2011. 9. 29. 선고 2011도6213 판결",
    "courtType": "판례(대법원)",
    "courtNm": "대법원",
    "judmnAdjuDe": "2011-09-29",
    "caseNoID": "2011도6213",
    "caseNo": "2011도6213"
  },
  "jdgmn": "[1] 여론조사업체 운영자인 피고인이 선거구민들을 대상으로 실시한 여론조사결과를 제5회 전국동시지방선거에 출마할 의사가 있는 특정 정당 소속 정치인 甲 측에 무상으로 제공하였다고 하여 정치자금법 위반으로 기소된 사안에서, 피고인이 향후 여론조사를 수주하기 위하여 甲 측과 사전 접촉 없이 일방적으로 여론조사를 실시한 것에 불과하여 정치자금법에서 금지하는 기부행위를 하려는 범의가 있었다고 단정하기 어려운데도, 이와 달리 보아 유죄를 인정한 원심판결에 법리오해의 위법이 있다고 한 사례\n[2] 여론조사업체 운영자인 피고인이 선거구민들을 대상으로 ARS 전화 여론조사를 실시하여 선거에 관한 정보를 취득한 후 동의 없이 이를 제3자에게 제공하였다고 하여 정보통신망 이용촉진 및 정보보호 등에 관한 법률 위반으로 기소된 사안에서, 피고인은 전기통신인 전화를 통하여 이용자인 선거구민의 정보를 통계 처리하여 여론조사 의뢰자에게 전달하는 등의 매개행위를 한 정보통신서비스 제공자에 해당하고, 피고인이 제공한 정보는 전화 응답 상대방의 개인정보에 해당한다는 이유로 유죄를 인정한 원심판단을 수긍한 사례",
  "jdgmnInfo": [
    {
      "question": "피고인이 일방적으로 여론조사를 실시하였지만 지방선거에 출마할 의사가 있는 특정 정당 소속 정치인에 결과를 무상으로 제공하였다고 하여 정치자금법 위반으로 기소되면 유죄인가?",
      "answer": "부정"
    }
  ],
  "Summary": [
    {
      "summ_contxt": "원심판결 이유와 기록에 의하면, 피고인은 공소외 1이 울산시장 출마를 고려한다는 기사를 보고 공소외 1의 보좌관인 공소외 2에게 전화를 해 본 다음, 2010. 2. 11.경 공소외 1 측의 의뢰가 없었음에도 피고인 스스로 이 사건 ARS 여론조사를 실시하여 2010. 2. 18. 그 여론조사결과보고서를 공소외 2에게 교부한 사실, 그와 같이 피고인이 여론조사를 실시하고, 공소외 2에게 여론조사결과보고서를 교부하는 과정에서 공소외 1 측이 피고인에게 여론조사를 요구하거나 여론조사결과보고서의 교부를 요청하지 않았음에도, 피고인은 향후 공소외 1 측으로부터 여론조사를 수주하기 위하여 이 사건 여론조사를 실시하고 그 여론조사결과보고서를 제공한 사실, 그 후 피고인은 실제로 공소외 1 측으로부터 2010. 3. 1., 2010. 3. 7., 2010. 3. 11. 등 3회에 걸쳐 ARS 여론조사를 의뢰받았고, 그와 같이 의뢰받아 실시한 여론조사에 대하여는 공소외 1 측으로부터 대가를 모두 수령한 사실을 알 수 있다. 사실관계가 위와 같다면, 피고인은 향후 여론조사를 수주하기 위한 영업활동의 일환으로 공소외 1 측과 사전 접촉 없이 일방적으로 이 사건 여론조사를 실시한 다음 공소외 1 측에 그 여론조사결과보고서를 제공한 것에 불과하므로, 피고인이 이 사건 여론조사를 실시하거나 그 여론조사결과보고서를 공소외 1 측에 제공할 당시 정치자금법에서 금지하는 기부행위를 하려는 범의를 가지고 있었다고 단정하기 어렵다.",
      "summ_pass": "피고인은 향후 여론조사를 수주하기 위한 영업활동의 일환으로 공소외 1 측과 사전 접촉 없이 일방적으로 이 사건 여론조사를 실시한 다음 공소외 1 측에 그 여론조사결과보고서를 제공한 것에 불과하므로, 피고인이 이 사건 여론조사를 실시하거나 그 여론조사결과보고서를 공소외 1 측에 제공할 당시 정치자금법에서 금지하는 기부행위를 하려는 범의를 가지고 있었다고 단정하기 어렵다."
    }
  ],
  "keyword_tagg": [
    {
      "id": 1,
      "keyword": "여론조사"
    },
    {
      "id": 2,
      "keyword": "정치자금법"
    }
  ],
  "Reference_info": {
    "reference_rules": "[1] 정치자금법 제45조 제1항 [2] 정보통신망 이용촉진 및 정보보호 등에 관한 법률 제24조의2 제1항, 제71조 제3호",
    "reference_court_case": ""
  },
  "Class_info": {
    "class_name": "형사A(생활형)",
    "instance_name": "공직선거법위반"
  }
}