{
  "info": {
    "id": 43014379,
    "dataType": "판결문",
    "caseNm": "교통 사고 처리 특례법 위반",
    "caseTitle": "대법원 2012. 3. 15. 선고 2011도17117 판결",
    "courtType": "판례(대법원)",
    "courtNm": "대법원",
    "judmnAdjuDe": "2012-03-15",
    "caseNoID": "2011도17117",
    "caseNo": "2011도17117"
  },
  "jdgmn": "[1] 교통사고처리 특례법 제3조 제2항 제1호, 제4조 제1항 제1호에서 보험 또는 공제에 가입한 경우에도 교통사고를 일으킨 차의 운전자에 대하여 공소를 제기할 수 있도록 규정한 ‘신호기에 의한 신호에 위반하여 운전한 경우’의 의미\n[2] 택시 운전자인 피고인이 교통신호를 위반하여 진행한 과실로 교차로 내에서 甲이 운전하는 승용차와 충돌하여 甲 등으로 하여금 상해를 입게 하였다고 하여 교통사고처리 특례법 위반으로 기소된 사안에서, 제반 사정을 종합할 때 피고인의 신호위반행위가 교통사고 발생의 직접적인 원인이 되었다고 보아야 하는데도, 이와 달리 보아 공소를 기각한 원심판결에 인과관계에 관한 법리오해의 위법이 있다고 한 사례",
  "jdgmnInfo": [
    {
      "question": "교통사고처리 특례법 제3조 제2항 제1호, 제4조 제1항 제1호에서 보험 또는 공제에 가입한 경우에도 교통사고를 일으킨 차의 운전자에 대하여 공소를 제기할 수 있도록 규정한 ‘신호기에 의한 신호에 위반하여 운전한 경우’란 신호위반행위가 교통사고 발생의 직접적인 원인이 된 경우를 뜻하나?",
      "answer": "긍정"
    }
  ],
  "Summary": [
    {
      "summ_contxt": "교통사고처리 특례법 제3조 제2항 제1호, 제4조 제1항 제1호의 규정에 의하면, 신호기에 의한 신호에 위반하여 운전한 경우에는 위 특례법 제4조 제1항 소정의 보험 또는 공제에 가입한 경우에도 공소를 제기할 수 있다 할 것이나, 여기서 신호기에 의한 신호에 위반하여 운전한 경우라 함은 신호위반행위가 교통사고 발생의 직접적인 원인이 된 경우를 말한다. 이 사건 공소사실의 요지는, ‘피고인은 2011. 5. 21. 02:27경 업무로 택시를 운전하여 광주 동구 소재 광남4거리 교차로를 북동 방면에서 문화전당 방면을 향하여 편도 3차로 중 3차로를 따라 진행하게 되었는데, 교통신호에 따라 안전하게 운전하여 사고를 방지하여야 할 업무상 주의의무가 있음에도 이를 게을리한 채 신호를 위반하여 진행한 과실로, 교차로 내에서 피해자 공소외인 운전의 승용차와 충돌하여 공소외인 등으로 하여금 상해를 입게 하였다’는 것이다.",
      "summ_pass": "교통사고처리 특례법에 따라 신호위반으로 교통사고를 일으킨 경우, 보험 가입 여부와 관계없이 공소 제기가 가능하다. 피고인은 2011년 5월 21일 광주에서 택시를 운전하며 신호를 위반하여 다른 승용차와 충돌, 상해를 입힌 사건의 공소사실이 제기되었다."
    }
  ],
  "keyword_tagg": [
    {
      "id": 1,
      "keyword": "교통사고처리 특례법"
    },
    {
      "id": 2,
      "keyword": "교통신호"
    },
    {
      "id": 3,
      "keyword": "교통사고"
    },
    {
      "id": 4,
      "keyword": "교차로"
    }
  ],
  "Reference_info": {
    "reference_rules": "[1] 형법 제17조, 교통사고처리 특례법 제3조 제2항 단서 제1호, 제4조 제1항 단서 제1호 [2] 형법 제17조, 제268조, 교통사고처리 특례법 제3조 제1항, 제2항 단서 제1호, 제4조 제1항 단서 제1호, 형사소송법 제327조 제2호",
    "reference_court_case": ""
  },
  "Class_info": {
    "class_name": "형사A(생활형)",
    "instance_name": "교통사고"
  }
}