{
  "info": {
    "id": 43014286,
    "dataType": "판결문",
    "caseNm": "업무상배임",
    "caseTitle": "대법원 2014. 2. 27. 선고 2011도3482 판결",
    "courtType": "판례(대법원)",
    "courtNm": "대법원",
    "judmnAdjuDe": "2014-02-27",
    "caseNoID": "2011도3482",
    "caseNo": "2011도3482"
  },
  "jdgmn": "배임죄에서 ‘타인의 사무처리’로 인정되기 위한 요건",
  "jdgmnInfo": [
    {
      "question": "타인의 사무가 아니고 자기의 사무라면, 그 사무의 처리가 타인에게 이익이 되어 타인에 대하여 이를 처리할 의무를 부담하는 경우라도, 그는 타인의 사무를 처리하는 자에 해당하지 않아 배임죄가 성립할 여지는 없는가?",
      "answer": "긍정"
    }
  ],
  "Summary": [
    {
      "summ_contxt": "배임죄는 타인의 사무를 처리하는 자가 위법한 임무위배행위로 재산상 이득을 취득하여 사무의 주체인 타인에게 손해를 가함으로써 성립하므로, 그 범죄의 주체는 타인의 사무를 처리하는 신분이 있어야 한다. 여기서 ‘타인의 사무처리’로 인정되려면, 타인의 재산관리에 관한 사무의 전부 또는 일부를 타인을 위하여 대행하는 경우와 타인의 재산보전행위에 협력하는 경우라야만 되고, 두 당사자 관계의 본질적 내용이 단순한 채권관계상의 의무를 넘어서 그들 간의 신임관계에 기초하여 타인의 재산을 보호 내지 관리하는 데 있어야 한다.",
      "summ_pass": "배임죄는 타인사무처리 신분이 있는 타인사무처리자가 임무위배행위로 재산상 이득을 취득하여 타인에게 손해를 가함으로써 성립한다. 타인사무처리로 인정되려면 두 당사자 간의 신임관계에 기초하여 타인의 재산에 관한 사무를 대행 또는 재산보전에 협력해야 한다."
    }
  ],
  "keyword_tagg": [
    {
      "id": 1,
      "keyword": "타인의 사무처리"
    },
    {
      "id": 2,
      "keyword": "임무위배행위"
    },
    {
      "id": 3,
      "keyword": "재산관리"
    },
    {
      "id": 4,
      "keyword": "재산보전"
    },
    {
      "id": 5,
      "keyword": "채권관계"
    },
    {
      "id": 6,
      "keyword": "신임관계"
    }
  ],
  "Reference_info": {
    "reference_rules": "형법 제355조 제2항",
    "reference_court_case": "대법원 2009. 2. 26. 선고 2008도11722 판결(공2009상, 401), 대법원 2011. 1. 20. 선고 2008도10479 전원합의체 판결(공2011상, 482)"
  },
  "Class_info": {
    "class_name": "형사A(생활형)",
    "instance_name": "배임"
  }
}