{
  "info": {
    "id": 43014332,
    "dataType": "판결문",
    "caseNm": "협박",
    "caseTitle": "대법원 2012. 8. 17. 선고 2011도10451 판결",
    "courtType": "판례(대법원)",
    "courtNm": "대법원",
    "judmnAdjuDe": "2012-08-17",
    "caseNoID": "2011도10451",
    "caseNo": "2011도10451"
  },
  "jdgmn": "[1] 협박죄에서 ‘협박’의 의미와 판단 기준 및 제3자의 법익을 침해하겠다는 내용의 해악 고지가 피해자 본인에 대한 협박죄를 구성하는 경우\n[2] 피고인이 공중전화를 이용하여 경찰서에 여러 차례 전화를 걸어 전화를 받은 각 경찰관에게 경찰서 관할구역 내에 있는 甲 정당의 당사를 폭파하겠다는 말을 한 사안에서, 피고인의 행위가 각 경찰관에 대한 협박죄를 구성한다고 본 원심판결에 협박죄에 관한 법리오해의 위법이 있다고 한 사례",
  "jdgmnInfo": [
    {
      "question": "경찰서에 여러 차례 전화를 걸어 각 경찰관에게 관할구역 내에 있는 정당의 당사를 폭파하겠다는 말을 한 경우, 경찰관 개인에 관한 해악을 고지하였다고 할 수 없고 일반적으로 정당에 대한 해악의 고지가 경찰관 개인에게 공포심을 일으킬 만큼 밀접한 관계에 있다고 보기 어려워 각 경찰관에 대한 협박죄를 구성한다고 보기 어려운지?",
      "answer": "긍정"
    }
  ],
  "Summary": [
    {
      "summ_contxt": "피고인이 혼자 술을 마시던 중 甲 정당이 국회에서 예산안을 강행처리하였다는 것에 화가 나서 공중전화를 이용하여 경찰서에 여러 차례 전화를 걸어 전화를 받은 각 경찰관에게 경찰서 관할구역 내에 있는 甲 정당의 당사를 폭파하겠다는 말을 한 사안에서, 피고인은 甲 정당에 관한 해악을 고지한 것이므로 각 경찰관 개인에 관한 해악을 고지하였다고 할 수 없고, 다른 특별한 사정이 없는 한 일반적으로 甲 정당에 대한 해악의 고지가 각 경찰관 개인에게 공포심을 일으킬 만큼 서로 밀접한 관계에 있다고 보기 어려운데도, 이와 달리 피고인의 행위가 각 경찰관에 대한 협박죄를 구성한다고 본 원심판결에 협박죄에 관한 법리오해의 위법이 있다.",
      "summ_pass": "경찰서에 여러 차례 전화를 걸어 각 경찰관에게 관할구역 내에 있는 정당의 당사를 폭파하겠다는 말을 한 경우, 경찰관 개인에 관한 해악을 고지하였다고 할 수 없고 일반적으로 정당에 대한 해악의 고지가 경찰관 개인에게 공포심을 일으킬 만큼 밀접한 관계에 있다고 보기 어려워 각 경찰관에 대한 협박죄를 구성한다고 보기 어렵다."
    }
  ],
  "keyword_tagg": [
    {
      "id": 1,
      "keyword": "협박"
    },
    {
      "id": 2,
      "keyword": "공포심"
    },
    {
      "id": 3,
      "keyword": "경찰관"
    }
  ],
  "Reference_info": {
    "reference_rules": "[1] 형법 제283조 [2] 형법 제283조 제1항",
    "reference_court_case": "[1] 대법원 2007. 9. 28. 선고 2007도606 전원합의체 판결(공2007하, 1726), 대법원 2010. 7. 15. 선고 2010도1017 판결(공2010하, 1610)"
  },
  "Class_info": {
    "class_name": "형사A(생활형)",
    "instance_name": "공갈/협박"
  }
}