{
  "info": {
    "id": 43014321,
    "dataType": "판결문",
    "caseNm": "중상해",
    "caseTitle": "대법원 2012. 9. 13. 선고 2011도6911 판결",
    "courtType": "판례(대법원)",
    "courtNm": "대법원",
    "judmnAdjuDe": "2012-09-13",
    "caseNoID": "2011도6911",
    "caseNo": "2011도6911"
  },
  "jdgmn": "[1] 공소사실이나 범죄사실의 동일성 여부를 판단하는 기준\n[2] 경범죄처벌법상 범칙금제도의 의의 및 범칙금의 납부에 따라 확정판결에 준하는 효력이 인정되는 범위\n[3] 피고인이 경범죄처벌법상 ‘인근소란’ 범칙행위로 범칙금 통고처분을 받아 이를 납부하였는데, 이와 근접한 일시·장소에서 피해자에게 상해를 가하여 생명에 대한 위험을 발생하게 하였다는 내용으로 기소된 사안에서, 범칙행위인 인근소란과 공소사실인 중상해행위는 기본적 사실관계가 동일한 것으로 평가할 수 없는데도, 범칙행위에 대한 범칙금 납부의 효력이 공소사실에도 미친다고 보아 면소를 선고한 원심판결에 법리오해의 위법이 있다고 한 사례",
  "jdgmnInfo": [
    {
      "question": "범칙금의 납부에 따라 확정판결에 준하는 효력이 인정되는 범위는 범칙금 통고의 이유에 기재된 당해 범칙행위 자체 및 그 범칙행위와 동일성이 인정되는 범칙행위에 한정되는지?",
      "answer": "긍정"
    }
  ],
  "Summary": [
    {
      "summ_contxt": "피고인에게 적용된 경범죄처벌법 제1조 제26호(인근소란등)의 범칙행위는 “악기·라디오·텔레비전·전축·종·확성기·전동기 등의 소리를 지나치게 크게 내거나 큰소리로 떠들거나 노래를 불러 이웃을 시끄럽게 한 행위”인 데 반하여, 이 사건 공소사실인 중상해는 피고인이 피해자의 신체를 상해하여 생명에 대한 위험을 발생하게 하였다는 것이므로 범죄사실의 내용이나 그 행위의 수단 및 태양이 매우 다르다. 또한 인근소란은 불특정인의 평온 내지 사회의 안녕질서를 보호법익으로 하는 데 비하여 중상해는 특정인의 신체의 자유 및 완전성을 보호법익으로 하므로 각 행위에 따른 피해법익이 전혀 다르고, 그 죄질에도 현저한 차이가 있다. 나아가 위 범칙행위의 내용이나 수단 및 태양 등에 비추어 그 행위과정에서나 이로 인한 결과에 통상적으로 이 사건 공소사실인 중상해행위까지 포함된다거나 이를 예상할 수 있다고는 볼 수 없으므로 위 범칙행위와 이 사건 공소사실은 서로 별개의 행위로서 양립할 수 있는 관계에 있다고 할 것이다. 따라서 앞서 본 법리에 비추어 그 사회적인 사실관계와 함께 위와 같은 규범적 요소를 아울러 고려하면, 위 범칙행위와 이 사건 공소사실은 기본적 사실관계가 동일한 것으로 평가할 수 없다고 봄이 상당하다.",
      "summ_pass": "경범죄처벌법상 인근소란의 범칙행위와 공소사실인 중상해행위는 행위의 수단, 태양 및 행위에 따른 피해법익이 매우 다르고, 죄질에 현저한 차이가 있으며, 인근소란의 범칙행위에 중상해행위까지 포함된다거나 이를 예상할 수 있다고는 볼 수 없으므로, 경범죄처벌법상 인근소란의 범칙행위와 공소사실인 중상해행위는 기본적 사실관계가 동일한 것으로 평가할 수 없다."
    }
  ],
  "keyword_tagg": [
    {
      "id": 1,
      "keyword": "경범죄처벌법"
    },
    {
      "id": 2,
      "keyword": "중상해"
    }
  ],
  "Reference_info": {
    "reference_rules": "[1] 형사소송법 제298조 제1항 [2] 헌법 제13조 제1항, 경범죄처벌법(2012. 3. 21. 법률 제11401호로 전부 개정되기 전의 것) 제5조, 제6조, 제7조, 형사소송법 제298조 제1항, 제326조 제1호 [3] 경범죄처벌법(2012. 3. 21. 법률 제11401호로 전부 개정되기 전의 것) 제1조 제26호, 제7조 제3항, 형법 제258조 제1항, 형사소송법 제298조 제1항, 제326조 제1호",
    "reference_court_case": "[1][2] 대법원 2011. 4. 28. 선고 2009도12249 판결(공2011상, 1089) [1] 대법원 1994. 3. 22. 선고 93도2080 전원합의체 판결(공1994상, 1368), 대법원 2010. 10. 14. 선고 2009도4785 판결(공2010하, 2113) [2] 대법원 2002. 11. 22. 선고 2001도849 판결(공2003상, 267), 대법원 2007. 4. 12. 선고 2006도4322 판결(공2007상, 738)"
  },
  "Class_info": {
    "class_name": "형사A(생활형)",
    "instance_name": "상해"
  }
}