{
  "info": {
    "id": 42017432,
    "dataType": "판결문",
    "caseNm": "즉시항고기각결정에 대한 재항고",
    "caseTitle": "대법원 2013. 1. 16.자 2011모16 결정",
    "courtType": "판례(대법원)",
    "courtNm": "대법원",
    "judmnAdjuDe": "2013-01-16",
    "caseNoID": "2011모16",
    "caseNo": "2011모16"
  },
  "jdgmn": "‘벌금 미납자의 사회봉사 집행에 관한 특례법’ 제4조 제1항에서 정한 ‘납부명령일부터 30일 이내’가 벌금 미납자의 사회봉사 신청기간의 종기(終期)만을 규정한 것인지 여부(적극) 및 이때 ‘납부명령일’의 의미(=납부명령이 벌금 미납자에게 고지된 날)",
  "jdgmnInfo": [
    {
      "question": "‘벌금 미납자의 사회봉사 집행에 관한 특례법’ 제4조 제1항에서 정한 ‘납부명령일부터 30일 이내’가 벌금 미납자의 사회봉사 신청기간의 종기(終期)만을 규정한 것인가요?",
      "answer": "긍정"
    }
  ],
  "Summary": [
    {
      "summ_contxt": "원심은 위 쟁점에 관하여, 이 사건 규정은 사회봉사 신청기간의 시기(始期)와 종기(終期)를 함께 정한 것이고 그 규정의 ‘납부명령일’은 납부명령이 고지된 날을 의미하는 것으로 해석해야 하고, 따라서 납부명령일로부터 30일이 경과하였더라도 벌금 미납자에게 납부명령이 고지된 날로부터 30일이 경과되지 않은 이상 사회봉사 신청을 할 수 있다고 판단하였다. 이에 대한 검사의 재항고이유 주장은, 이 사건 규정은 사회봉사 신청기간을 획일적으로 정하기 위한 것이므로 그 신청기간의 종기(終期)만을 정한 것이라고 새겨야 하고, 이 사건 규정의 ‘납부명령일’은 그 문언에 따라 납부명령이 발령된 날을 의미하는 것으로 해석해야 한다는 취지이다. 벌금 미납자가 검사의 납부명령을 고지받지 못한 경우에는 노역장 유치의 집행이 지연될 수 있고, 납부명령의 고지 여부를 확인하여야 하는 등 집행절차가 다소 번잡해질 수는 있지만, 그와 같은 절차의 번거로움이 특례법에 의하여 인정된 벌금 미납자의 권리에 우선할 수는 없다. 원심이 신청인의 이 사건 사회봉사 신청일자가 신청인에 대한 납부명령의 송달일로부터 30일이 경과되었다고 단정할 수 없다는 이유로 검사의 처분을 취소하고 사회봉사를 허가한 제1심결정을 그대로 유지한 것은 결론에 있어 정당하다. 거기에 재항고이유의 주장과 같은 재판에 영향을 미친 헌법·법률·명령 또는 규칙 위반의 위법이 있다고 할 수 없다.",
      "summ_pass": "원심이 신청인의 이 사건 사회봉사 신청일자가 신청인에 대한 납부명령의 송달일로부터 30일이 경과되었다고 단정할 수 없다는 이유로 검사의 처분을 취소하고 사회봉사를 허가한 제1심결정을 그대로 유지한 것은 결론에 있어 정당하다. 거기에 재항고이유의 주장과 같은 재판에 영향을 미친 헌법·법률·명령 또는 규칙 위반의 위법이 있다고 할 수 없다."
    }
  ],
  "keyword_tagg": [
    {
      "id": 1,
      "keyword": "벌금 미납"
    },
    {
      "id": 2,
      "keyword": "항고이유"
    }
  ],
  "Reference_info": {
    "reference_rules": "벌금 미납자의 사회봉사 집행에 관한 특례법 제1조, 제3조, 제4조, 제5조, 제6조 제5항, 벌금 미납자의 사회봉사 집행에 관한 특례법 시행령 제2조, 형법 제69조 제1항, 형사소송법 제461조, 제473조, 제475조, 제477조 제1항, 제2항, 제492조, 민사집행법 부칙(2002. 1. 26.) 제7조 제2항",
    "reference_court_case": ""
  },
  "Class_info": {
    "class_name": "형사A(생활형)",
    "instance_name": "즉시항고기각결정에대한재항고"
  }
}