{
  "info": {
    "id": 42016919,
    "dataType": "판결문",
    "caseNm": "의료법 위반(예비적 죄명:의료법 위반 교사)·약사법 위반",
    "caseTitle": "대법원 2011. 10. 13. 선고 2011도6287 판결",
    "courtType": "판례(대법원)",
    "courtNm": "대법원",
    "judmnAdjuDe": "2011-10-13",
    "caseNoID": "2011도6287",
    "caseNo": "2011도6287"
  },
  "jdgmn": "[1] ‘약국 개설자가 아니면 의약품을 판매하거나 판매 목적으로 취득할 수 없다’고 규정한 구 약사법 제44조 제1항의 ‘판매’에 무상으로 의약품을 양도하는 ‘수여’를 포함시키는 해석이 죄형법정주의에 위배되는지 여부(소극)\n[2] 甲 주식회사 임원인 피고인들이 회사 직원들 및 그 가족들에게 수여할 목적으로 다량의 의약품을 매수하여 취득하였다고 하여 구 약사법 위반죄로 기소된 사안에서, 위 행위가 같은 법 제44조 제1항 위반행위에 해당한다는 전제에서, 사회상규에 위배되지 아니하는 정당행위로서 위법성이 조각된다는 취지의 주장을 배척한 원심의 조치를 정당하다고 한 사례\n[3] 의사가 직접 환자를 진찰하지 않고 처방전을 작성하여 교부한 행위와 대향범 관계에 있는 ‘처방전을 교부받은 행위’에 대하여 공범에 관한 형법총칙 규정을 적용할 수 있는지 여부(소극)\n[4] 甲 주식회사 임원인 피고인들이 의사 乙 등과 공모하거나 교사하여, 직원 丙 등을 통하여 의사 乙 등에게 직원 명단을 전달하면 乙 등이 직원들을 직접 진찰하지 않고 처방전을 작성하는 방법으로 甲 회사 직원들에 대하여 처방전을 발급·교부하였다고 하여 주위적으로 구 의료법 위반, 예비적으로 같은 법 위반 교사로 기소된 사안에서, 처방전을 교부받은 직원 丙 등을 의사 乙 등의 처방전 교부행위에 대한 공동정범 또는 교사범으로 처벌할 수 없는 이상 丙 등에게 가공한 피고인들 역시 처벌할 수 없다고 본 원심판단을 수긍한 사례",
  "jdgmnInfo": [
    {
      "question": "사생활 조사 등을 업으로 하는 행위와 그 의뢰행위가 대향범 관계에 있는가?",
      "answer": "부정"
    }
  ],
  "Summary": [
    {
      "summ_contxt": "신용정보의 이용 및 보호에 관한 법률은 제50조 제2항 제7호, 제40조 제4호에서 신용정보회사 등이 아니면서 특정인의 소재 및 연락처를 알아내거나 금융거래 등 상거래관계 외의 사생활 등을 조사하는 행위를 업으로 하는 자를 처벌하는 규정을 두고 있는바, 2인 이상의 서로 대향된 행위의 존재를 필요로 하는 대향범에 대하여는 공범에 관한 형법총칙의 규정이 적용될 수 없다고 할 것이나(대법원 2007. 10. 25. 선고 2007도6712 판결, 대법원 2011. 10. 13. 선고 2011도6287 판결 등 참조), 위와 같이 사생활 조사 등을 업으로 한다는 것은 그러한 행위를 계속하여 반복하는 것을 의미하고, 이에 해당하는지 여부는 사생활 조사 등 행위의 반복·계속성 여부, 영업성의 유무, 그 목적이나 규모, 횟수, 기간, 태양 등의 여러 사정을 종합적으로 고려하여 사회통념에 따라 판단할 것으로 반드시 영리의 목적이 요구되는 것은 아니라 할 것이므로(대법원 1996. 12. 10. 선고 94도2235 판결, 대법원 1999. 6. 11. 선고 98도617 판결, 대법원 2008. 10. 23. 선고 2008도7277 판결 등 참조), 사생활 조사 등을 업으로 하는 행위에 그러한 행위를 의뢰하는 대향된 행위의 존재가 반드시 필요하다거나 의뢰인의 관여행위가 당연히 예상된다고 볼 수 없고, 따라서 사생활 조사 등을 업으로 하는 행위와 그 의뢰행위는 대향범의 관계에 있다고 할 수 없다.",
      "summ_pass": "사생활 조사 등을 업으로 하는 행위에 그러한 행위를 의뢰하는 대향된 행위의 존재가 반드시 필요하다거나 의뢰인의 관여행위가 당연히 예상된다고 볼 수 없고, 따라서 사생활 조사 등을 업으로 하는 행위와 그 의뢰행위는 대향범의 관계에 있다고 할 수 없다."
    }
  ],
  "keyword_tagg": [
    {
      "id": 1,
      "keyword": "사생활"
    }
  ],
  "Reference_info": {
    "reference_rules": "[1] 헌법 제12조 제1항, 형법 제1조 제1항 / 구 약사법(2007. 10. 17. 법률 제8643호로 개정되기 전의 것) 제1조, 제2조 제1호, 제20조 제1항, 제44조 제1항 [2] 형법 제20조, 제30조, 구 약사법(2007. 10. 17. 법률 제8643호로 개정되기 전의 것) 제44조 제1항, 제93조 제1항 제7호 [3] 형법 제30조, 제31조, 제32조, 구 의료법(2007. 7. 27. 법률 제8559호로 개정되기 전의 것) 제17조 제1항, 제89조 [4] 형법 제30조, 제31조 제1항 / 구 의료법(2007. 7. 27. 법률 제8559호로 개정되기 전의 것) 제17조 제1항, 제89조, 형사소송법 제325조",
    "reference_court_case": "[3] 대법원 2007. 10. 25. 선고 2007도6712 판결(공2007하, 1970), 대법원 2009. 6. 23. 선고 2009도544 판결, 대법원 2011. 4. 28. 선고 2009도3642 판결(공2011상, 1212)"
  },
  "Class_info": {
    "class_name": "형사A(생활형)",
    "instance_name": "사생활 침해"
  }
}