{
  "info": {
    "id": 43014304,
    "dataType": "판결문",
    "caseNm": "폭력행위등 처벌에 관한 법률 위반(집단·흉기등 폭행)·준강간·폭력행위등 처벌에 관한 법률 위반(집단·흉기등 상해)·성폭력범죄의 처벌 등에 관한 특례법 위반(특수강간)·감금·부착명령",
    "caseTitle": "대법원 2013. 5. 16. 선고 2012도14788 전원합의체 판결",
    "courtType": "판례(대법원)",
    "courtNm": "대법원",
    "judmnAdjuDe": "2013-05-16",
    "caseNoID": "2012도14788",
    "caseNo": "2012도14788"
  },
  "jdgmn": "형법 제297조에서 규정한 강간죄의 객체인 ‘부녀’에 법률상 처(妻)가 포함되는지 여부(적극) 및 혼인관계가 실질적으로 유지되고 있더라도 남편이 반항을 불가능하게 하거나 현저히 곤란하게 할 정도의 폭행이나 협박을 가하여 아내를 간음한 경우 강간죄가 성립하는지 여부(적극)와 남편의 아내에 대한 폭행 또는 협박이 피해자의 반항을 불가능하게 하거나 현저히 곤란하게 할 정도에 이른 것인지 판단하는 기준",
  "jdgmnInfo": [
    {
      "question": "형법 제297조에서 규정한 강간죄의 객체인 ‘부녀’에 법률상 처(妻)가 포함되는지?",
      "answer": "긍정"
    },
    {
      "question": "혼인관계가 실질적으로 유지되고 있더라도 남편이 반항을 불가능하게 하거나 현저히 곤란하게 할 정도의 폭행이나 협박을 가하여 아내를 간음한 경우 강간죄가 성립하는가?",
      "answer": "긍정"
    }
  ],
  "Summary": [
    {
      "summ_contxt": "형법(2012. 12. 18. 법률 제11574호로 개정되기 전의 것, 이하 같다) 제297조는 부녀를 강간한 자를 처벌한다고 규정하고 있는데, 형법이 강간죄의 객체로 규정하고 있는 ‘부녀’란 성년이든 미성년이든, 기혼이든 미혼이든 불문하며 곧 여자를 가리킨다. 이와 같이 형법은 법률상 처를 강간죄의 객체에서 제외하는 명문의 규정을 두고 있지 않으므로, 문언 해석상으로도 법률상 처가 강간죄의 객체에 포함된다고 새기는 것에 아무런 제한이 없다.",
      "summ_pass": "형법 제297조에서 규정한 강간죄의 객체로 규정하고 있는 ‘부녀’란 성년이든 미성년이든, 기혼이든 미혼이든 불문하며 곧 여자를 가리키므로 법률상 처도 포함된다."
    }
  ],
  "keyword_tagg": [
    {
      "id": 1,
      "keyword": "부녀"
    },
    {
      "id": 2,
      "keyword": "강간"
    }
  ],
  "Reference_info": {
    "reference_rules": "헌법 제10조, 제36조 제1항 / 구 형법(2012. 12. 18. 법률 제11574호로 개정되기 전의 것) 제297조, 제299조 / 민법 제826조 제1항",
    "reference_court_case": "대법원 1970. 3. 10. 선고 70도29 판결(변경), 대법원 1996. 6. 11. 선고 96도791 판결(공1996하, 2264), 대법원 2009. 2. 12. 선고 2008도8601 판결(공2009상, 358), 대법원 2009. 9. 10. 선고 2009도3580 판결(공2009하, 1701)"
  },
  "Class_info": {
    "class_name": "형사A(생활형)",
    "instance_name": "강간"
  }
}