{
  "info": {
    "id": 42016725,
    "dataType": "판결문",
    "caseNm": "성매매알선등 행위의 처벌에 관한 법률 위반(성매매알선등)",
    "caseTitle": "대법원 2013. 5. 23. 선고 2012도11586 판결",
    "courtType": "판례(대법원)",
    "courtNm": "대법원",
    "judmnAdjuDe": "2013-05-23",
    "caseNoID": "2012도11586",
    "caseNo": "2012도11586"
  },
  "jdgmn": "[1] 범죄수익은닉의 규제 및 처벌 등에 관한 법률 제9조 제1항에 따라 범죄수익 등을 몰수하는 경우 공범자의 소유물도 몰수의 대상이 되는지 여부(적극) 및 공범자 중 1인 소유에 속하는 물건에 대하여 몰수를 선고하는 방법\n[2] 성매매알선 등 행위의 처벌에 관한 법률 제2조 제1항 제2호 (다)목에서 정한 ‘성매매에 제공되는 사실을 알면서 자금·토지 또는 건물을 제공하는 행위’에 행위자가 스스로 ‘성매매를 알선, 권유, 유인 또는 강요하는 행위’나 ‘성매매의 장소를 제공하는 행위’를 하는 경우가 포함되는지 여부(적극)\n[3] 범죄수익은닉의 규제 및 처벌 등에 관한 법률 제8조 제1항에 따라 범죄수익 등을 몰수하는 경우 비례의 원칙에 의한 제한을 받는지 여부(적극) 및 몰수가 비례의 원칙에 위배되는지 판단하는 기준\n[4] 피고인이 甲에게서 명의신탁을 받아 피고인 명의로 소유권이전등기를 마친 토지 및 그 지상 건물에서 甲과 공동하여 영업으로 성매매알선 등 행위를 함으로써 성매매에 제공되는 사실을 알면서 토지와 건물을 제공하였다는 내용의 성매매알선 등 행위의 처벌에 관한 법률 위반 공소사실이 유죄로 인정된 사안에서, 토지와 건물을 몰수한 원심의 조치가 정당하다고 한 사례",
  "jdgmnInfo": [
    {
      "question": "범죄수익은닉의 규제 및 처벌 등에 관한 법률 제9조 제1항에 따라 범죄수익 등을 몰수하는 경우 공범자의 소유물도 몰수의 대상이 되는가?",
      "answer": "긍정"
    },
    {
      "question": "성매매알선 등 행위의 처벌에 관한 법률 제2조 제1항 제2호 (다)목에서 정한 ‘성매매에 제공되는 사실을 알면서 자금·토지 또는 건물을 제공하는 행위’에 행위자가 스스로 ‘성매매를 알선, 권유, 유인 또는 강요하는 행위’나 ‘성매매의 장소를 제공하는 행위’를 하는 경우가 포함되는가?",
      "answer": "긍정"
    },
    {
      "question": "범죄수익은닉의 규제 및 처벌 등에 관한 법률 제8조 제1항에 따라 범죄수익 등을 몰수하는 경우 비례의 원칙에 의한 제한을 받는가?",
      "answer": "긍정"
    }
  ],
  "Summary": [
    {
      "summ_contxt": "범죄수익은닉의 규제 및 처벌 등에 관한 법률(이하 ‘범죄수익법’이라 한다) 제8조 제1항은 ‘범죄수익’을 몰수할 수 있다고 하면서, 범죄수익법 제2조 제2호 (나)목 1)은 “성매매알선 등 행위의 처벌에 관한 법률(이하 ‘성매매처벌법’이라 한다) 제19조 제2항 제1호(성매매알선 등 행위 중 성매매에 제공되는 사실을 알면서 자금·토지 또는 건물을 제공하는 행위만 해당한다)의 죄에 관계된 자금 또는 재산”을 위 법에서 규정하는 ‘범죄수익’의 하나로 규정하고 있는데, 성매매알선 등 행위를 규정한 성매매처벌법 제2조 제1항 제2호 중 (다)목의 “성매매에 제공되는 사실을 알면서 자금·토지 또는 건물을 제공하는 행위”에는 그 행위자가 “성매매를 알선, 권유, 유인 또는 강요하는 행위”[성매매처벌법 제2조 제1항 제2호 (가)목] 또는 “성매매의 장소를 제공하는 행위”[성매매처벌법 제2조 제1항 제2호 (나)목]를 하는 타인에게 자금, 토지 또는 건물을 제공하는 행위뿐만 아니라 스스로 (가)목이나 (나)목의 행위를 하는 경우도 포함된다고 보아야 한다.",
      "summ_pass": "성매매알선 등 행위를 규정한 성매매처벌법 제2조 제1항 제2호 중 (다)목의 “성매매에 제공되는 사실을 알면서 자금·토지 또는 건물을 제공하는 행위”에는 그 행위자가 “성매매를 알선, 권유, 유인 또는 강요하는 행위”[성매매처벌법 제2조 제1항 제2호 (가)목] 또는 “성매매의 장소를 제공하는 행위”[성매매처벌법 제2조 제1항 제2호 (나)목]를 하는 타인에게 자금, 토지 또는 건물을 제공하는 행위뿐만 아니라 스스로 (가)목이나 (나)목의 행위를 하는 경우도 포함된다고 보아야 한다."
    }
  ],
  "keyword_tagg": [
    {
      "id": 1,
      "keyword": "범죄수익은닉의 규제 및 처벌 등에 관한 법률"
    },
    {
      "id": 2,
      "keyword": "성매매알선 등 행위의 처벌에 관한 법률"
    }
  ],
  "Reference_info": {
    "reference_rules": "[1] 형법 제48조 제1항, 제49조, 범죄수익은닉의 규제 및 처벌 등에 관한 법률 제9조 제1항 [2] 범죄수익은닉의 규제 및 처벌 등에 관한 법률 제2조 제2호 (나)목 1), 제8조 제1항, 성매매알선 등 행위의 처벌에 관한 법률 제2조 제1항 제2호 (가)목,(나)목,(다)목, 제19조 제2항 제1호 [3] 형법 제48조 제1항 제1호, 범죄수익은닉의 규제 및 처벌 등에 관한 법률 제8조 제1항 [4] 형법 제30조, 성매매알선 등 행위의 처벌에 관한 법률 제2조 제1항 제2호 (다)목, 제19조 제2항 제1호, 범죄수익은닉의 규제 및 처벌 등에 관한 법률 제8조 제1항 제1호",
    "reference_court_case": "[1] 대법원 1979. 2. 27. 선고 78도2246 판결(공1979, 11866), 대법원 1984. 5. 29. 선고 83도2680 판결(공1984, 1218), 대법원 2000. 5. 12. 선고 2000도745 판결(공2000하, 1463), 대법원 2006. 11. 23. 선고 2006도5586 판결(공2007상, 90), 대법원 2007. 3. 15. 선고 2006도8929 판결 [3] 대법원 2008. 4. 24. 선고 2005도8174 판결"
  },
  "Class_info": {
    "class_name": "형사A(생활형)",
    "instance_name": "성매매"
  }
}