{
  "info": {
    "id": 42016519,
    "dataType": "판결문",
    "caseNm": "관세법위반·위조사도화행사",
    "caseTitle": "대법원 2013. 12. 12. 선고 2012도2249 판결",
    "courtType": "판례(대법원)",
    "courtNm": "대법원",
    "judmnAdjuDe": "2013-12-12",
    "caseNoID": "2012도2249",
    "caseNo": "2012도2249"
  },
  "jdgmn": "위조된 외국의 화폐, 지폐 또는 은행권이 외국에서 강제통용력이 없고 국내에서 사실상 거래 대가의 지급수단이 되지 않는 경우, 그 화폐 등을 행사한 행위가 위조통화행사죄를 구성하는지 여부(소극) 및 이 경우 위조사문서행사죄 또는 위조사도화행사죄로 의율할 수 있는지 여부(적극)",
  "jdgmnInfo": [
    {
      "question": "위조된 외국의 화폐, 지폐 또는 은행권이 외국에서 강제통용력이 없고 국내에서 사실상 거래 대가의 지급수단이 되지 않는 경우, 그 화폐 등을 행사한 행위가 위조통화행사죄를 구성하는가?",
      "answer": "부정"
    }
  ],
  "Summary": [
    {
      "summ_contxt": "한편 형법상 통화에 관한 죄는 문서에 관한 죄에 대하여 특별관계에 있으므로 통화에 관한 죄가 성립하는 때에는 문서에 관한 죄는 별도로 성립하지 않는다. 그러나 위조된 외국의 화폐, 지폐 또는 은행권이 강제통용력을 가지지 않는 경우에는 형법 제207조 제3항에서 정한 ‘외국에서 통용하는 외국의 화폐 등’에 해당하지 않고(대법원 2004. 5. 14. 선고 2003도3487 판결 참조), 나아가 그 화폐 등이 국내에서 사실상 거래 대가의 지급수단이 되고 있지 않는 경우에는 형법 제207조 제2항에서 정한 ‘내국에서 유통하는 외국의 화폐 등’에도 해당하지 않으므로(대법원 2003. 1. 10. 선고 2002도3340 판결 등 참조), 그 화폐 등을 행사하더라도 형법 제207조 제4항에서 정한 위조통화행사죄를 구성하지 않는다고 할 것이고, 따라서 이러한 경우에는 형법 제234조에서 정한 위조사문서행사죄 또는 위조사도화행사죄로 의율할 수 있다고 보아야 한다.",
      "summ_pass": "위조된 외국의 화폐, 지폐 또는 은행권이 강제통용력을 가지지 않는 경우에는 형법 제207조 제3항에서 정한 ‘외국에서 통용하는 외국의 화폐 등’에 해당하지 않는다."
    }
  ],
  "keyword_tagg": [
    {
      "id": 1,
      "keyword": "위조사도화행사"
    }
  ],
  "Reference_info": {
    "reference_rules": "형법 제207조 제2항, 제3항, 제4항, 제234조",
    "reference_court_case": "대법원 2003. 1. 10. 선고 2002도3340 판결(공2003상, 666), 대법원 2004. 5. 14. 선고 2003도3487 판결(공2004상, 1033)"
  },
  "Class_info": {
    "class_name": "형사A(생활형)",
    "instance_name": "관세법위반"
  }
}