{
  "info": {
    "id": 42016964,
    "dataType": "판결문",
    "caseNm": "특정범죄가중처벌등에 관한 법률 위반(절도)",
    "caseTitle": "대법원 2013. 1. 24. 선고 2012도12689 판결",
    "courtType": "판례(대법원)",
    "courtNm": "대법원",
    "judmnAdjuDe": "2013-01-24",
    "caseNoID": "2012도12689",
    "caseNo": "2012도12689"
  },
  "jdgmn": "[1] 정신적 장애가 있는 자에 대하여 형법 제10조에 규정된 ‘심신장애’를 인정하기 위한 요건\n[2] 무생물인 옷 등을 성적 각성과 희열의 자극제로 믿고 성적 흥분을 고취시키는 데 쓰는 ‘성주물성애증’이라는 정신질환이 있다는 사정만으로 절도 범행에 대한 심신장애에 해당한다고 볼 수 있는지 여부(원칙적 소극) 및 이때 심신장애 인정 여부의 판단 방법",
  "jdgmnInfo": [
    {
      "question": "무생물인 옷 등을 성적 각성과 희열의 자극제로 믿고 성적 흥분을 고취시키는 데 쓰는 ‘성주물성애증’이라는 정신질환이 있다는 사정만으로 절도 범행에 대한 심신장애에 해당한다고 볼 수 있는가?",
      "answer": "불명"
    }
  ],
  "Summary": [
    {
      "summ_contxt": "형법 제10조에 규정된 심신장애는 정신병 또는 비정상적 정신상태와 같은 정신적 장애가 있는 외에 이와 같은 정신적 장애로 말미암아 사물에 대한 변별능력이나 그에 따른 행위통제능력이 결여 또는 감소되었음을 요하므로, 정신적 장애가 있는 자라고 하여도 범행 당시 정상적인 사물변별능력과 행위통제능력이 있었다면 심신장애로 볼 수 없다(대법원 1992. 8. 18. 선고 92도1425 판결 등 참조). 그리고 특별한 사정이 없는 한 성격적 결함을 가진 사람에 대하여 자신의 충동을 억제하고 법을 준수하도록 요구하는 것이 기대할 수 없는 행위를 요구하는 것이라고는 할 수 없으므로, 무생물인 옷 등을 성적 각성과 희열의 자극제로 믿고 이를 성적 흥분을 고취시키는 데 쓰는 성주물성애증이라는 정신질환이 있다고 하더라도 그러한 사정만으로는 절도 범행에 대한 형의 감면사유인 심신장애에 해당한다고 볼 수 없고, 다만 그 증상이 매우 심각하여 원래의 의미의 정신병이 있는 사람과 동등하다고 평가할 수 있거나, 다른 심신장애사유와 경합된 경우 등에는 심신장애를 인정할 여지가 있으며(대법원 1995. 2. 24. 선고 94도3163 판결 등 참조), 이 경우 심신장애의 인정 여부는 성주물성애증의 정도 및 내용, 범행의 동기 및 원인, 범행의 경위 및 수단과 태양, 범행 전후의 피고인의 행동, 범행 및 그 전후의 상황에 관한 기억의 유무 및 정도, 수사 및 공판절차에서의 태도 등을 종합하여 법원이 독자적으로 판단할 수 있다(대법원 1994. 5. 13. 선고 94도581 판결 등 참조).",
      "summ_pass": "그리고 특별한 사정이 없는 한 성격적 결함을 가진 사람에 대하여 자신의 충동을 억제하고 법을 준수하도록 요구하는 것이 기대할 수 없는 행위를 요구하는 것이라고는 할 수 없으므로, 무생물인 옷 등을 성적 각성과 희열의 자극제로 믿고 이를 성적 흥분을 고취시키는 데 쓰는 성주물성애증이라는 정신질환이 있다고 하더라도 그러한 사정만으로는 절도 범행에 대한 형의 감면사유인 심신장애에 해당한다고 볼 수 없다."
    }
  ],
  "keyword_tagg": [
    {
      "id": 1,
      "keyword": "절도"
    }
  ],
  "Reference_info": {
    "reference_rules": "[1] 형법 제10조 [2] 형법 제10조",
    "reference_court_case": "[1][2] 대법원 2007. 2. 8. 선고 2006도7900 판결(공2007상, 462) [1] 대법원 1992. 8. 18. 선고 92도1425 판결(공1992, 2805), 대법원 2007. 6. 14. 선고 2007도2360 판결 [2] 대법원 1994. 5. 13. 선고 94도581 판결(공1994상, 1752), 대법원 1995. 2. 24. 선고 94도3163 판결(공1995상, 1515)"
  },
  "Class_info": {
    "class_name": "형사A(생활형)",
    "instance_name": "절도"
  }
}