{
  "info": {
    "id": 43014381,
    "dataType": "판결문",
    "caseNm": "성폭력범죄의 처벌 및 피해자보호등에 관한 법률 위반(특수강간)·강간·성폭력범죄의 처벌 및 피해자보호등에 관한 법률 위반(카메라 등 이용촬영)·성폭력범죄의 처벌 등에 관한 특례법 위반(카메라 등 이용촬영)·중감금·상해·재물손괴·폭행·폭력행위 등 처벌에 관한 법률 위반(집단·흉기 등 폭행)·폭력행위 등 처벌에 관한 법률 위반(집단·흉기 등 협박)·총포·도검·화약류 등 단속법 위반·부착명령",
    "caseTitle": "대법원 2012. 3. 15. 선고 2012도311 판결",
    "courtType": "판례(대법원)",
    "courtNm": "대법원",
    "judmnAdjuDe": "2012-03-15",
    "caseNoID": "2012도311",
    "caseNo": "2012도311"
  },
  "jdgmn": "피고인이 강간치상죄로 유죄판결을 선고받아 확정된 후 다시 구 성폭력범죄의 처벌 및 피해자보호 등에 관한 법률 위반(특수강간)죄를 범하여 특정 범죄자에 대한 위치추적 전자장치 부착 등에 관한 법률 제5조 제1항 제3호에 따라 부착명령이 청구된 사안에서, ‘성폭력범죄를 2회 이상 범하여’의 요건이 충족되지 않는다는 이유로 부착명령청구를 기각한 원심의 조치에 법리오해 등 위법이 있다고 한 사례",
  "jdgmnInfo": [
    {
      "question": "범죄사실에 대한 증명책임은 검사에게 있는 것이고 유죄의 인정은 법관으로 하여금 합리적 의심의 여지가 없을 정도로 공소사실이 진실한 것이라는 확신을 가지게 하는 증명력을 가진 증거에 의하여야 하므로, 피고인에게 유죄의 의심이 간다 하더라도 피고인의 이익으로 판단하여야 하는지?",
      "answer": "긍정"
    }
  ],
  "Summary": [
    {
      "summ_contxt": "특정 범죄자에 대한 위치추적 전자장치 부착 등에 관한 법률(이하 ‘전자장치부착법’이라 한다) 제5조 제1항 제3호는 검사가 ‘성폭력범죄를 2회 이상 범하여(유죄의 확정판결을 받은 경우를 포함한다) 그 습벽이 인정된 때’에 해당하고, 성폭력범죄를 다시 범할 위험성이 있다고 인정되는 자에 대하여 전자장치를 부착하도록 하는 명령을 법원에 청구할 수 있다고 규정하고 있다. 원심판결 이유 및 원심이 적법하게 채택한 증거들에 의하면, 무죄가 선고된 이 사건 각 강간의 점을 제외한 이 사건 부착명령청구의 나머지 원인사실은 피부착명령청구자가 종전에 강간치상죄로 유죄판결을 선고받아 그 판결이 확정된 사람으로서, 다시 이 사건 성폭법 위반(특수강간)죄를 범하였다는 것임을 알 수 있다.",
      "summ_pass": "‘전자장치부착법’ 제5조는 성폭력범죄를 2회 이상 범한 자에게 전자장치를 부착할 수 있도록 규정한다. 원심판결에 따르면, 피부착명령청구자는 이전에 강간치상죄로 유죄판결을 받았으며, 이후 다시 성폭력범죄(특수강간)를 범한 것으로 확인되었다."
    }
  ],
  "keyword_tagg": [
    {
      "id": 1,
      "keyword": "전자장치부착법"
    },
    {
      "id": 2,
      "keyword": "성폭력범죄"
    },
    {
      "id": 3,
      "keyword": "부착명령청구"
    },
    {
      "id": 4,
      "keyword": "강간치상죄"
    },
    {
      "id": 5,
      "keyword": "특수강간"
    }
  ],
  "Reference_info": {
    "reference_rules": "형법 제301조, 구 성폭력범죄의 처벌 및 피해자보호 등에 관한 법률(2010. 4. 15. 법률 제10258호 성폭력범죄의 피해자보호 등에 관한 법률로 개정되기 전의 것) 제6조 제1항(현행성폭력범죄의 처벌 등에 관한 특례법 제4조 제1항 참조), 특정 범죄자에 대한 위치추적 전자장치 부착 등에 관한 법률 제5조 제1항 제3호",
    "reference_court_case": ""
  },
  "Class_info": {
    "class_name": "형사A(생활형)",
    "instance_name": "성폭력"
  }
}