{
  "info": {
    "id": 43014329,
    "dataType": "판결문",
    "caseNm": "특정경제범죄가중처벌 등에 관한 법률 위반(횡령)(일부 인정된 죄명: 업무상 횡령)·특정경제범죄가중처벌 등에 관한 법률 위반(배임)",
    "caseTitle": "대법원 2012. 8. 30. 선고 2012도5220 판결",
    "courtType": "판례(대법원)",
    "courtNm": "대법원",
    "judmnAdjuDe": "2012-08-30",
    "caseNoID": "2012도5220",
    "caseNo": "2012도5220"
  },
  "jdgmn": "[1] 포괄일죄에서 공소사실의 특정 정도\n[2] 공소장일본주의에 위배된 공소제기의 소송법적 효과\n[3] 공동정범에서 공모관계의 성립 요건 및 피고인이 공모의 점을 부인하는 경우 그 증명 방법\n[4] 업무상배임죄에서 재산상의 이익은 인정할 수 있으나 그 가액을 구체적으로 산정할 수 없는 경우, 재산상 이득액을 기준으로 가중 처벌하는 특정경제범죄 가중처벌 등에 관한 법률 위반(배임)죄로 의율할 수 있는지 여부(소극)",
  "jdgmnInfo": [
    {
      "question": "업무상배임죄에서 재산상의 이익은 인정할 수 있으나 그 가액을 구체적으로 산정할 수 없는 경우, 재산상 이득액을 기준으로 가중 처벌하는 특정경제범죄 가중처벌 등에 관한 법률 위반(배임)죄로 의율할 수 있는지?",
      "answer": "부정"
    }
  ],
  "Summary": [
    {
      "summ_contxt": "공소장일본주의에 위배된 공소제기라고 인정될 경우에는 그 절차가 법률의 규정에 위반하여 무효인 때에 해당하는 것으로 보아 형사소송법 제327조 제2호에 의한 공소기각의 판결을 선고하는 것이 원칙이지만, 공소장 기재의 방식에 관하여 피고인 측으로부터 아무런 이의가 제기되지 아니하였고 법원 역시 범죄사실의 실체를 파악하는 데 지장이 없다고 판단하여 그대로 공판절차를 진행한 결과 증거조사절차가 마무리되어 법관의 심증형성이 이루어진 단계에서는 더 이상 공소장일본주의 위배를 주장하여 이미 진행된 소송절차의 효력을 다툴 수는 없다고 보아야 한다.",
      "summ_pass": "공소장일본주의에 위배된 경우 공소기각판결의 선고가 원칙이지만, 피고인 측으로부터 아무런 이의제기가 없었고 법원이 공판절차를 진행한 결과 증거조사절차가 마무리되어 법관의 심증형성이 이루어진 단계에서는 더 이상 공소장일본주의 위배를 주장하여 이미 진행된 소송절차의 효력을 다툴 수 없다."
    }
  ],
  "keyword_tagg": [
    {
      "id": 1,
      "keyword": "공소장일본주의"
    }
  ],
  "Reference_info": {
    "reference_rules": "[1] 형사소송법 제254조 제4항 [2] 형사소송법 제254조, 제327조 제2호, 형사소송규칙 제118조 [3] 형법 제30조, 형사소송법 제308조 [4] 형법 제355조 제2항, 제356조, 특정경제범죄 가중처벌 등에 관한 법률 제3조 제1항",
    "reference_court_case": "[1] 대법원 2005. 1. 14. 선고 2004도6646 판결(공2005상, 347), 대법원 2006. 10. 12. 선고 2004도4896 판결 [2] 대법원 2009. 10. 22. 선고 2009도7436 전원합의체 판결(공2009하, 1921), 대법원 2009. 11. 26. 선고 2009도7567 판결 [3] 대법원 2008. 9. 11. 선고 2007도6706 판결, 대법원 2011. 12. 22. 선고 2011도9721 판결(공2012상, 207) [4] 대법원 2007. 4. 19. 선고 2005도7288 전원합의체 판결(공2007상, 923), 대법원 2001. 11. 13. 선고 2001도3531 판결(공2002상, 122)"
  },
  "Class_info": {
    "class_name": "형사A(생활형)",
    "instance_name": "배임"
  }
}