{
  "info": {
    "id": 43014344,
    "dataType": "판결문",
    "caseNm": "특정경제범죄가중처벌 등에 관한 법률 위반(알선수재)·사기",
    "caseTitle": "대법원 2012. 6. 28. 선고 2012도3927 판결",
    "courtType": "판례(대법원)",
    "courtNm": "대법원",
    "judmnAdjuDe": "2012-06-28",
    "caseNoID": "2012도3927",
    "caseNo": "2012도3927"
  },
  "jdgmn": "[1] 검찰청법 제32조 제3항에 의하여 검사직무대리가 처리하지 못하는 ‘법원조직법에 따른 합의부의 심판사건’의 의미 및 공소제기 후 합의부의 결정에 따라 비로소 합의부 심판사건으로 되는 재정합의사건 등이 이에 포함되는지 여부(원칙적 소극)\n[2] ‘혐의없음’ 의견으로 송치된 사건이 법원조직법에 따른 합의부 심판사건이 아닌 경우, 사법연수생인 검사직무대리의 직무 범위에 포함되는지 여부(적극)\n[3] 금융회사 등의 임직원의 직무에 속하는 사항에 관하여 알선할 의사와 능력이 없음에도 알선을 한다고 기망하고 금품 등을 수수한 경우, 사기죄와 특정경제범죄 가중처벌 등에 관한 법률 위반(알선수재)죄가 성립하는지 여부(적극) 및 그 죄수 관계(=상상적 경합)",
  "jdgmnInfo": [
    {
      "question": "금융회사 등의 임직원의 직무에 속하는 사항에 관하여 알선할 의사와 능력이 없음에도 알선을 한다고 기망하고 금품 등을 수수한 경우, 사기죄와 특정경제범죄 가중처벌 등에 관한 법률 위반(알선수재)죄가 성립하는지?",
      "answer": "긍정"
    }
  ],
  "Summary": [
    {
      "summ_contxt": "금융회사 등의 임직원의 직무에 속하는 사항의 알선에 관하여 금품이나 그 밖의 이익을 수수한 때에는 위와 같은 금품 등을 수수하는 것으로써 특정경제범죄 가중처벌 등에 관한 법률 위반(알선수재)죄가 성립되고, 위와 같은 금품 등을 수수한 자가 실제로 알선할 생각이 없었다 하더라도 금품 등을 수수하는 것이 자기의 이득을 취하기 위한 것이라면 위 죄의 성립에는 영향이 없다. 따라서 피고인이 금융회사 등의 임직원의 직무에 속하는 사항에 관하여 알선할 의사와 능력이 없음에도 알선을 한다고 기망하고 이에 속은 피해자로부터 알선을 한다는 명목으로 금품 등을 수수하였다면, 이러한 피고인의 행위는 형법 제347조 제1항의 사기죄와 특정경제범죄 가중처벌 등에 관한 법률 제7조 위반죄에 각 해당하고 위 두 죄는 상상적 경합의 관계에 있다.",
      "summ_pass": "금품 등을 수수한 자가 실제로 알선할 생각이 없었다 하더라도 특정경제범죄 가중처벌 등에 관한 법률 위반(알선수재)죄의 성립에는 영향이 없으므로, 금융회사 등의 임직원의 직무에 속하는 사항에 관하여 알선할 의사와 능력이 없음에도 알선을 한다고 기망하고 금품 등을 수수한 경우, 사기죄와 특정경제범죄 가중처벌 등에 관한 법률 위반(알선수재)죄가 성립하고, 양죄는 상상적 경합의 관계에 있다."
    }
  ],
  "keyword_tagg": [
    {
      "id": 1,
      "keyword": "금융회사"
    },
    {
      "id": 2,
      "keyword": "기망"
    },
    {
      "id": 3,
      "keyword": "알선수재"
    },
    {
      "id": 4,
      "keyword": "사기"
    },
    {
      "id": 5,
      "keyword": "상상적 경합"
    }
  ],
  "Reference_info": {
    "reference_rules": "[1] 검찰청법 제32조 제1항, 제3항, 법원조직법 제7조 제4항, 제5항, 제32조 [2] 검찰청법 제32조 제2항, 제3항, 제4항 / 구 검사직무대리 운영규정(2012. 6. 5. 대통령령 제23831호로 개정되기 전의 것) 제2조, 제5조 제1항 제2호, 법원조직법 제32조 [3] 형법 제40조, 제347조 제1항, 특정경제범죄 가중처벌 등에 관한 법률 제7조",
    "reference_court_case": "[3] 대법원 2006. 1. 27. 선고 2005도8704 판결(공2006상, 380), 대법원 2007. 5. 10. 선고 2007도2372 판결, 대법원 2008. 2. 28. 선고 2007도10004 판결(공2008상, 476)"
  },
  "Class_info": {
    "class_name": "형사A(생활형)",
    "instance_name": "사기"
  }
}