{
  "info": {
    "id": 57966489,
    "dataType": "판결문",
    "caseNm": "사기",
    "caseTitle": "창원지방법원 2012. 12. 21., 선고, 2012노1068, 판결",
    "courtType": "판례(하급심)",
    "courtNm": "창원지방법원",
    "judmnAdjuDe": "2012-12-21",
    "caseNoID": "2012노1068",
    "caseNo": "2012노1068"
  },
  "jdgmn": "",
  "jdgmnInfo": [
    {
      "question": "소송사기에 있어서 피기망자인 법원의 재판은 피해자의 처분행위에 갈음하는 내용과 효력이 있어야 하는가?",
      "answer": "긍정"
    }
  ],
  "Summary": [
    {
      "summ_contxt": "소송사기에 있어서 피기망자인 법원의 재판은 피해자의 처분행위에 갈음하는 내용과 효력이 있는 것이어야 하고 그렇지 않은 경우는 착오에 의한 재물의 교부나 재산상의 이익을 취득하는 행위가 있다고 할 수 없어 사기죄를 구성하지 않는다.",
      "summ_pass": "소송사기에 있어서 피기망자인 법원의 재판은 피해자의 처분행위에 갈음하는 내용과 효력이 있는 것이어야 한다."
    }
  ],
  "keyword_tagg": [
    {
      "id": 1,
      "keyword": "재산상 이익 취득"
    }
  ],
  "Reference_info": {
    "reference_rules": "",
    "reference_court_case": ""
  },
  "Class_info": {
    "class_name": "형사A(생활형)",
    "instance_name": "사기"
  }
}