{
  "info": {
    "id": 43014342,
    "dataType": "판결문",
    "caseNm": "특정경제범죄가중처벌 등에 관한 법률 위반(사기)·특정경제범죄가중처벌 등에 관한 법률 위반(배임)·증권거래법 위반",
    "caseTitle": "대법원 2012. 6. 28. 선고 2012도2623 판결",
    "courtType": "판례(대법원)",
    "courtNm": "대법원",
    "judmnAdjuDe": "2012-06-28",
    "caseNoID": "2012도2623",
    "caseNo": "2012도2623"
  },
  "jdgmn": "[1] 주식의 매수와 관련한 배임죄에서 손해액을 산정하는 방법\n[2] 배임죄에서 ‘재산상의 손해를 가한 때’의 의미 및 주식의 실질가치가 0인 회사가 발행하는 신주를 액면가격으로 인수하는 경우의 손해액 범위\n[3] 비상장주식의 거래와 관련한 배임죄에서 손해액 산정을 위하여 주식의 적정가액을 평가하는 방법\n[4] 배임죄의 손해액이나 이득액 계산에 잘못이 있더라도 올바른 금액 또한 특정경제범죄 가중처벌 등에 관한 법률 제3조 제1항 각 호에 해당하는 경우, 그 잘못이 같은 법조항을 적용한 판결 결과에 영향을 미치는지 여부(소극)",
  "jdgmnInfo": [
    {
      "question": "배임죄의 손해액이나 이득액 계산에 잘못이 있더라도 올바른 금액 또한 특정경제범죄 가중처벌 등에 관한 법률 제3조 제1항 각 호에 해당하는 경우, 그 잘못이 같은 법조항을 적용한 판결 결과에 영향을 미치는지?",
      "answer": "부정"
    }
  ],
  "Summary": [
    {
      "summ_contxt": "배임죄에서 재산상의 손해를 가한 때라 함은 현실적인 손해를 가한 경우뿐만 아니라 재산상 실해 발생의 위험을 초래한 경우도 포함되고(대법원 2008. 5. 8. 선고 2008도484 판결, 대법원 2009. 7. 23. 선고 2007도541 판결 등 참조), 주식의 실질가치가 0인 회사가 발행하는 신주를 액면가격으로 인수하는 경우 그로 인한 손해액은 그 신주 인수대금 전액 상당으로 보아야 할 것이다(대법원 2004. 6. 24. 선고 2004도520 판결 참조). 그리고 비상장주식을 거래한 경우에, 그에 관한 객관적 교환가치가 적정하게 반영된 정상적인 거래의 실례가 있다면 그 거래가격을 시가로 보아 주식의 가액을 평가하여야 할 것이나, 만약 그러한 거래사례가 없다면 거래 당시 당해 비상장법인 및 거래당사자의 상황, 당해 업종의 특성 등을 종합적으로 고려하여 보편적으로 인정되는 여러 평가방법들 중에서 합리적이라고 판단되는 평가방법들을 적용하여 주식의 적정가액을 평가할 수 있으며, 그러한 평가방법의 하나로서 상속세 및 증여세법 시행령 제54조의 평가방법을 사용할 수 있다.",
      "summ_pass": "배임죄에서 재산상의 손해를 가한 때에는 재산상 실해 발생의 위험을 초래한 경우도 포함되고, 주식의 실질가치가 0인 회사가 발행하는 신주를 액면가격으로 인수하는 경우의 손해액은 신주 인수대금 전액이며, 비상장주식을 거래한 경우에, 객관적 교환가치가 적정하게 반영된 정상적인 거래사례가 있다면 그 거래가격으로 주식의 가액을 평가하나, 거래사례가 없다면 평가방법의 하나로 상속세 및 증여세법 시행령 제54조의 평가방법을 사용할 수 있다."
    }
  ],
  "keyword_tagg": [
    {
      "id": 1,
      "keyword": "배임"
    },
    {
      "id": 2,
      "keyword": "인수대금"
    },
    {
      "id": 3,
      "keyword": "비상장주식"
    },
    {
      "id": 4,
      "keyword": "객관적 교환가치"
    }
  ],
  "Reference_info": {
    "reference_rules": "[1] 형법 제355조 제2항, 제356조 [2] 형법 제355조 제2항 [3] 형법 제355조 제2항 [4] 형법 제355조 제2항, 특정경제범죄 가중처벌 등에 관한 법률 제3조 제1항",
    "reference_court_case": "[1][3] 대법원 2005. 4. 29. 선고 2005도856 판결(공2005상, 902), 대법원 2007. 2. 8. 선고 2006도483 판결(공2007상, 456) [1] 대법원 2009. 10. 29. 선고 2008도11036 판결(공2009하, 2048) [2] 대법원 2004. 6. 24. 선고 2004도520 판결(공2004하, 1266), 대법원 2008. 5. 8. 선고 2008도484 판결(공2008상, 866), 대법원 2009. 7. 23. 선고 2007도541 판결(공2009하, 1454) [4] 대법원 1989. 10. 24. 선고 89도641 판결(공1989, 1828), 대법원 2009. 7. 23. 선고 2009도3712 판결, 대법원 2011. 6. 30. 선고 2011도1651 판결(공2011하, 1574)"
  },
  "Class_info": {
    "class_name": "형사A(생활형)",
    "instance_name": "배임"
  }
}