{
  "info": {
    "id": 43014194,
    "dataType": "판결문",
    "caseNm": "특정경제범죄가중처벌등에관한법률위반(배임)(전환사채 발행 업무상배임 사건)",
    "caseTitle": "대법원 2015. 12. 10. 선고 2012도235 판결",
    "courtType": "판례(대법원)",
    "courtNm": "대법원",
    "judmnAdjuDe": "2015-12-10",
    "caseNoID": "2012도235",
    "caseNo": "2012도235"
  },
  "jdgmn": "실질적으로 전환사채 인수대금이 납입되지 않았음에도 전환사채를 발행한 경우, 전환사채 발행업무를 담당하는 사람이 업무상배임죄의 죄책을 지는지 여부(원칙적 적극) / 이때 전환사채 인수인이 전환사채를 처분하여 대금 중 일부를 회사에 입금하였거나 전환사채를 주식으로 전환하였다는 사후적인 사정이 이미 성립된 업무상배임죄에 영향을 주는지 여부(소극)",
  "jdgmnInfo": [
    {
      "question": "실질적으로 전환사채 인수대금이 납입되지 않았음에도 전환사채를 발행한 경우, 특별한 사정이 없는 한 전환사채 발행업무를 담당하는 사람이 업무상배임죄의 죄책을 지는지?",
      "answer": "긍정"
    }
  ],
  "Summary": [
    {
      "summ_contxt": "실질적으로 전환사채 인수대금이 납입되지 않았음에도 전환사채를 발행한 경우에, 전환사채의 발행이 주식 발행의 목적을 달성하기 위한 수단으로 이루어졌고 실제로 목적대로 곧 전환권이 행사되어 주식이 발행됨에 따라 실질적으로 신주인수대금의 납입을 가장하는 편법에 불과하다고 평가될 수 있는 등의 특별한 사정이 없는 한, 전환사채의 발행업무를 담당하는 사람은 회사에 대하여 전환사채 인수대금이 모두 납입되어 실질적으로 회사에 귀속되도록 조치할 업무상의 임무를 위반하여, 전환사채 인수인이 인수대금을 납입하지 않고서도 전환사채를 취득하게 하여 인수대금 상당의 이득을 얻게 하고, 회사가 사채상환의무를 부담하면서도 그에 상응하여 취득하여야 할 인수대금 상당의 금전을 취득하지 못하게 하여 같은 금액 상당의 손해를 입게 하였으므로, 업무상배임죄의 죄책을 진다.",
      "summ_pass": "실질적으로 전환사채 인수대금이 납입되지 않았음에도 전환사채를 발행한 경우, 실질적으로 신주인수대금의 납입을 가장하는 편법에 불과하다고 평가될 수 있는 등의 특별한 사정이 없는 한, 전환사채 발행업무를 담당하는 사람은 업무상배임죄의 죄책을 진다."
    }
  ],
  "keyword_tagg": [
    {
      "id": 1,
      "keyword": "전환사채"
    },
    {
      "id": 2,
      "keyword": "신주인수대금"
    }
  ],
  "Reference_info": {
    "reference_rules": "형법 제355조 제2항, 제356조, 상법 제513조, 제628조",
    "reference_court_case": "대법원 2011. 10. 27. 선고 2011도8112 판결"
  },
  "Class_info": {
    "class_name": "형사A(생활형)",
    "instance_name": "배임"
  }
}