{
  "info": {
    "id": 43014259,
    "dataType": "판결문",
    "caseNm": "명예훼손(일부예비적죄명:모욕)·저작권법위반",
    "caseTitle": "대법원 2014. 9. 4. 선고 2012도13718 판결",
    "courtType": "판례(대법원)",
    "courtNm": "대법원",
    "judmnAdjuDe": "2014-09-04",
    "caseNoID": "2012도13718",
    "caseNo": "2012도13718"
  },
  "jdgmn": "[1] 종교적 목적을 위한 언론·출판의 자유를 행사하는 과정에서 타 종교의 신앙 대상을 우스꽝스럽게 묘사하거나 다소 모욕적이고 불쾌하게 느껴지는 표현을 사용하는 것이 허용되는지 여부(한정 적극)\n[2] 허위사실 적시에 의한 명예훼손죄에서 ‘허위의 인식’ 등에 관한 증명책임 소재(=검사) 및 적시된 사실이 ‘허위’인지 판단하는 기준 / 허위사실을 적시한 행위를 형법 제307조 제2항의 명예훼손죄로 처벌할 수 없는 경우\n[3] 종교적 목적을 위한 언론·출판의 자유가 허용되는 범위",
  "jdgmnInfo": [
    {
      "question": "허위사실 적시에 의한 명예훼손죄에서 ‘허위의 인식’ 등에 관한 증명책임은 검사에게 있는가?",
      "answer": "긍정"
    }
  ],
  "Summary": [
    {
      "summ_contxt": "헌법이 종교의 자유를 보장함으로써 보호하고자 하는 것은 종교 자체나 종교가 신봉하는 신앙의 대상이 아니라, 종교를 신봉하는 국민, 즉 신앙인이고, 종교에 대한 비판은 성질상 어느 정도의 편견과 자극적인 표현을 수반하게 되는 경우가 많으므로, 타 종교의 신앙의 대상에 대한 모욕이 곧바로 그 신앙의 대상을 신봉하는 종교단체나 신도들에 대한 명예훼손이 되는 것은 아니고, 종교적 목적을 위한 언론·출판의 자유를 행사하는 과정에서 타 종교의 신앙의 대상을 우스꽝스럽게 묘사하거나 다소 모욕적이고 불쾌하게 느껴지는 표현을 사용하였더라도 그것이 그 종교를 신봉하는 신도들에 대한 증오의 감정을 드러내는 것이거나 그 자체로 폭행·협박 등을 유발할 우려가 있는 정도가 아닌 이상 허용된다고 보아야 한다.",
      "summ_pass": "종교의 자유에서 보호하고자 하는 것은 종교 자체나 종교가 신봉하는 신앙의 대상이 아니라, 신앙인이고 타 종교의 신앙의 대상에 대한 모욕이 곧바로 종교단체나 신도들에 대한 명예훼손이 되는 것은 아니다. 따라서 종교적 목적을 위한 언론·출판의 자유를 행사할 때, 타 종교의 신도들에 대한 증오의 감정을 드러내거나 폭행·협박 등을 유발할 우려가 있는 정도가 아니라면 허용된다."
    }
  ],
  "keyword_tagg": [
    {
      "id": 1,
      "keyword": "명예훼손"
    },
    {
      "id": 2,
      "keyword": "모욕"
    }
  ],
  "Reference_info": {
    "reference_rules": "[1] 헌법 제20조 제1항, 제21조 제1항, 제4항, 형법 제307조 [2] 형법 제307조 제2항, 형사소송법 제308조 [3] 헌법 제20조 제1항, 제21조 제1항, 제4항, 형법 제307조",
    "reference_court_case": "[2] 대법원 2008. 6. 12. 선고 2008도1421 판결, 대법원 2011. 6. 10. 선고 2011도1147 판결 [3] 대법원 2002. 1. 22. 선고 2000다37524, 37531 판결(공2002상, 522)"
  },
  "Class_info": {
    "class_name": "형사A(생활형)",
    "instance_name": "명예훼손"
  }
}