{
  "info": {
    "id": 53752816,
    "dataType": "판결문",
    "caseNm": "뇌물수수·사기·뇌물공여·사문서위조·위조사문서행사",
    "caseTitle": "서울서부지방법원 2012. 5. 31., 선고, 2012노167, 판결",
    "courtType": "판례(하급심)",
    "courtNm": "서울서부지방법원",
    "judmnAdjuDe": "2012-05-31",
    "caseNoID": "2012노167",
    "caseNo": "2012노167"
  },
  "jdgmn": "",
  "jdgmnInfo": [
    {
      "question": "법조에 규정된 벌금형 부과를 누락한 판결은 위법한가?",
      "answer": "긍정"
    }
  ],
  "Summary": [
    {
      "summ_contxt": "직권으로 살피건대, 특정범죄가중처벌 등에 관한 법률(2008. 12. 26. 법률 제9169호로 개정된 것, 이하 ‘특가법’이라고 한다) 제2조 제2항은, 형법 제129조, 제130조 또는 제132조에 규정된 죄를 범한 자는 그 죄에 대하여 정한 형에 수뢰액의 2배 이상 5배 이하의 벌금을 병과하도록 규정하고 있는바, 원심은 피고인 1이 형법 제129조 제1항의 죄를 범하였음에도 2008. 12. 26. 이후 수수한 부분에 대하여 특가법 제2조 제2항에 따른 벌금형의 병과를 누락하였음이 명백하므로, 원심판결 중 피고인 1에 대한 부분은 특가법 제2조 제2항의 법리를 오해하여 판결에 영향을 미친 위법이 있는 경우에 해당하여 파기를 면할 수 없다(대법원 2011. 6. 10. 선고 2011도4260 판결 참조).",
      "summ_pass": "원심은 피고인 1이 형법 제129조 제1항의 죄를 범하였음에도 2008. 12. 26. 이후 수수한 부분에 대하여 특가법 제2조 제2항에 따른 벌금형의 병과를 누락하였음이 명백하므로, 원심판결 중 피고인 1에 대한 부분은 특가법 제2조 제2항의 법리를 오해하여 판결에 영향을 미친 위법이 있는 경우에 해당하여 파기를 면할 수 없다(대법원 2011. 6. 10. 선고 2011도4260 판결 참조)."
    }
  ],
  "keyword_tagg": [
    {
      "id": 1,
      "keyword": "특정범죄 가중처벌"
    }
  ],
  "Reference_info": {
    "reference_rules": "",
    "reference_court_case": ""
  },
  "Class_info": {
    "class_name": "형사A(생활형)",
    "instance_name": "뇌물수수"
  }
}