{
  "info": {
    "id": 43014347,
    "dataType": "판결문",
    "caseNm": "특정경제범죄가중처벌 등에 관한 법률 위반(배임)·상호저축은행법 위반·특정경제범죄가중처벌 등에 관한 법률 위반(횡령)·업무상횡령·업무상배임",
    "caseTitle": "대법원 2012. 6. 28. 선고 2012도2087 판결",
    "courtType": "판례(대법원)",
    "courtNm": "대법원",
    "judmnAdjuDe": "2012-06-28",
    "caseNoID": "2012도2087",
    "caseNo": "2012도2087"
  },
  "jdgmn": "[1] 이른바 ‘대환’이 상호저축은행법상 금지·처벌의 대상인 ‘개별차주에 대한 한도를 초과하는 신용공여’에 해당하는지 여부(원칙적 소극) 및 이 경우 대출로 인하여 실제로 자금의 이동이 있는 경우에도 동일한 법리가 적용되는지 여부(소극)\n[2] 동일인 한도초과 대출로 인하여 ‘상호저축은행법 위반죄’와 ‘업무상배임죄’가 성립하는 경우, 두 죄의 죄수 관계(=상상적 경합)\n[3] 상상적 경합관계에 있는 공소사실 중 일부가 먼저 기소된 후 나머지 공소사실이 추가기소된 경우, 법원이 취해야 할 조치",
  "jdgmnInfo": [
    {
      "question": "동일인 한도초과 대출로 인하여 ‘상호저축은행법 위반죄’와 ‘업무상배임죄’가 성립하는 경우, 두 죄는 상상적 경합관계에 있는지?",
      "answer": "긍정"
    }
  ],
  "Summary": [
    {
      "summ_contxt": "현실적인 자금의 수수 없이 형식적으로만 신규대출을 하여 기존채무를 변제하는 이른바 대환은 특별한 사정이 없는 한 형식적으로는 별도의 대출에 해당하나 실질적으로는 기존채무의 변제기 연장에 불과하므로 상호저축은행법에서 금지·처벌의 대상으로 삼고 있는 ‘개별차주에 대한 한도를 초과하는 신용공여’에 해당하지 아니한다.",
      "summ_pass": "이른바 대환은 특별한 사정이 없는 한 상호저축은행법상 금지·처벌의 대상인 ‘개별차주에 대한 한도를 초과하는 신용공여’에 해당하지 않는다."
    }
  ],
  "keyword_tagg": [
    {
      "id": 1,
      "keyword": "대환"
    }
  ],
  "Reference_info": {
    "reference_rules": "[1] 구 상호저축은행법(2010. 3. 22. 법률 제10175호로 개정되기 전의 것) 제12조 제1항, 제39조 제3항 제4호의2(현행 제39조 제4항 제6호 참조) [2] 형법 제40조, 제355조 제2항, 제356조, 구 상호저축은행법(2010. 3. 22. 법률 제10175호로 개정되기 전의 것) 제12조 제1항, 제39조 제3항 제4호의2(현행 제39조 제4항 제6호 참조) [3] 형법 제40조, 형사소송법 제298조, 제327조 제3호",
    "reference_court_case": "[1] 대법원 2001. 6. 29. 선고 2001도2189 판결(공2001하, 1810), 대법원 2001. 11. 13. 선고 2001도3531 판결(공2002상, 122), 대법원 2006. 2. 24. 선고 2005다38492 판결(공2006상, 506) [2] 대법원 2011. 2. 24. 선고 2010도13801 판결(공2011상, 681) [3] 대법원 1996. 10. 11. 선고 96도1698 판결(공1996하, 3370)"
  },
  "Class_info": {
    "class_name": "형사A(생활형)",
    "instance_name": "배임"
  }
}