{
  "info": {
    "id": 58060517,
    "dataType": "판결문",
    "caseNm": "국가보안법위반(간첩)·국가보안법위반(특수잠입·탈출)·국가보안법위반(잠입·탈출)·국가보안법위반(회합·통신등)·국가보안법위반(편의제공)·북한이탈주민의보호및정착지원에관한법률위반(일부인정된죄명·국민기초생활보장법위반)·여권불실기재·불실기재여권행사·여권법위반·사기",
    "caseTitle": "서울고등법원 2014. 4. 25., 선고, 2013노2728, 판결",
    "courtType": "판례(하급심)",
    "courtNm": "서울고등법원",
    "judmnAdjuDe": "2014-04-25",
    "caseNoID": "2013노2728",
    "caseNo": "2013노2728"
  },
  "jdgmn": "",
  "jdgmnInfo": [
    {
      "question": "단순히 북한에 거주하였다는 사실만으로 국적을 불문하고 북한이탈주민보호법의 지원 대상이 된다고 볼 수 있는가?",
      "answer": "부정"
    }
  ],
  "Summary": [
    {
      "summ_contxt": "피고인이 원심에서 이 부분 항소이유와 동일한 취지의 주장을 하여 원심은 판결문 중 ‘피고인 및 변호인들의 주장에 관한 판단’이라는 항목 중 해당 부분에서 그 주장과 이에 관한 판단을 자세하게 설시하여 위 주장을 배척하고, 이 부분 공소사실을 유죄로 인정하였다. 원심이 적법하게 채택하여 조사한 증거들에 의하여 인정되는 원심 설시와 같은 사정들에다가, 북한 국적법 제5조에 의하면 “공화국 공민 사이에서 출생한 자, 공화국 영역에 거주하는 공화국 공민과 다른 나라 공민 또는 무국적자 사이에 출생한 자, 공화국 영역에 거주하는 무국적자 사이에 출생한 자, 공화국 영역에서 출생하였으나 부모가 확인되지 않은 자”에 해당하는 경우에 한하여 출생에 의해 북한 국적이 부여되는데, 피고인의 부모는 모두 중국 국적자인 화교이므로 피고인은 출생으로는 북한 공민권자가 될 수 없고 사후적으로도 북한 국적법에 따라 북한 국적을 취득하지 않은 점, 북한이탈주민보호법은 민족적 결연 집단이 한반도 내 단일한 국가를 구성하여야 한다는 당위를 바탕으로 북한이탈주민에 대한 특별대우를 규정하고 있는 것이며, 단순히 북한에 거주하였다는 사실만으로 국적을 불문하고 위 법의 지원 대상이 될 수 없는 점 등을 더하여 보면 원심의 위와 같은 판단은 정당하고, 거기에 피고인의 주장과 같은 잘못은 없다.",
      "summ_pass": "피고인의 부모는 모두 중국 국적자인 화교이므로 피고인은 출생으로는 북한 공민권자가 될 수 없고 사후적으로도 북한 국적법에 따라 북한 국적을 취득하지 않은 점, 북한이탈주민보호법은 민족적 결연 집단이 한반도 내 단일한 국가를 구성하여야 한다는 당위를 바탕으로 북한이탈주민에 대한 특별대우를 규정하고 있는 것이며, 단순히 북한에 거주하였다는 사실만으로 국적을 불문하고 위 법의 지원 대상이 될 수 없는 점 등을 더하여 보면 원심의 위와 같은 판단은 정당하고, 거기에 피고인의 주장과 같은 잘못은 없다."
    }
  ],
  "keyword_tagg": [
    {
      "id": 1,
      "keyword": "북한이탈주민"
    }
  ],
  "Reference_info": {
    "reference_rules": "",
    "reference_court_case": ""
  },
  "Class_info": {
    "class_name": "형사A(생활형)",
    "instance_name": "국가보안법위반"
  }
}