{
  "info": {
    "id": 43014301,
    "dataType": "판결문",
    "caseNm": "사기(인정된죄명:횡령)",
    "caseTitle": "대법원 2014. 1. 16. 선고 2013도11014 판결",
    "courtType": "판례(대법원)",
    "courtNm": "대법원",
    "judmnAdjuDe": "2014-01-16",
    "caseNoID": "2013도11014",
    "caseNo": "2013도11014"
  },
  "jdgmn": "목적과 용도를 정하여 위탁받은 돈을 수탁자가 임의로 소비한 행위가 횡령죄를 구성하는지 여부(적극) 및 금전의 교부행위가 계약상 채무의 이행으로서 변제의 성질을 갖는 경우, 상대방이 변제금으로 교부받은 돈을 임의로 소비한 행위가 횡령죄를 구성하는지 여부(원칙적 소극)",
  "jdgmnInfo": [
    {
      "question": "목적과 용도를 정하여 위탁받은 돈을 수탁자가 임의로 소비한 행위가 횡령죄를 구성하는지?",
      "answer": "긍정"
    },
    {
      "question": "금전의 교부행위가 계약상 채무의 이행으로서 변제의 성질을 갖는 경우, 상대방이 변제금으로 교부받은 돈을 임의로 소비한 행위가 원칙적으로 횡령죄를 구성하는가?",
      "answer": "부정"
    }
  ],
  "Summary": [
    {
      "summ_contxt": "목적과 용도를 정하여 위탁한 금전은 정해진 목적, 용도에 사용할 때까지는 이에 대한 소유권이 위탁자에게 유보되어 있는 것으로서 수탁자가 임의로 소비하면 횡령죄를 구성한다(대법원 2008. 12. 11. 선고 2007도10341 판결 등 참조). 그러나 금전의 교부행위가 계약상 채무의 이행으로서 변제의 성질을 가지는 경우에는, 특별한 사정이 없는 한 금전이 상대방에게 교부됨으로써 그 소유권이 상대방에게 이전되므로 상대방이 변제금으로 교부받은 돈을 임의로 소비하였더라도 횡령죄를 구성하지 아니한다.",
      "summ_pass": "목적과 용도를 정하여 위탁받은 돈을 수탁자가 임의로 소비하면 횡령죄를 구성하지만, 금전의 교부행위가 계약상 채무의 이행으로서 변제의 성질을 갖는 경우, 원칙적으로 상대방이 변제금으로 교부받은 돈을 임의로 소비해도 횡령죄를 구성하지 않는다."
    }
  ],
  "keyword_tagg": [
    {
      "id": 1,
      "keyword": "횡령"
    },
    {
      "id": 2,
      "keyword": "위탁"
    },
    {
      "id": 3,
      "keyword": "소비"
    },
    {
      "id": 4,
      "keyword": "금전"
    },
    {
      "id": 5,
      "keyword": "변제"
    },
    {
      "id": 6,
      "keyword": "변제금"
    },
    {
      "id": 7,
      "keyword": "소유권"
    }
  ],
  "Reference_info": {
    "reference_rules": "형법 제355조 제1항",
    "reference_court_case": "대법원 2006. 3. 9. 선고 2003도6733 판결(공2006상, 678), 대법원 2008. 12. 11. 선고 2007도10341 판결, 대법원 2013. 11. 14. 선고 2013도8121 판결"
  },
  "Class_info": {
    "class_name": "형사A(생활형)",
    "instance_name": "횡령"
  }
}