{
  "info": {
    "id": 38015056,
    "dataType": "판결문",
    "caseNm": "업무상과실치사",
    "caseTitle": "수원지방법원 2014. 2. 19. 선고 2013노1515 판결 : 상고",
    "courtType": "판례(하급심)",
    "courtNm": "수원지방법원",
    "judmnAdjuDe": "2014-02-19",
    "caseNoID": "2013노1515",
    "caseNo": "2013노1515"
  },
  "jdgmn": "의사인 피고인이 甲의 무릎에 인공관절 삽입술을 시행한 후 수술 부위가 ‘슈퍼 박테리아’로 알려진 세균에 감염되어 항생제를 투여하다가 세균배양검사 결과 세균이 검출되지 않자 의사 乙에게 전과시켰는데, 乙의 퇴원 조치로 甲이 퇴원한 다음 상급병원에서 동일한 세균이 검출되는 등 감염증세가 악화되어 재수술을 받았으나 패혈증 증상 후 사망한 사안에서, 피고인에게 업무상과실치사죄의 책임을 지울 수 없다는 이유로 무죄를 선고한 사례",
  "jdgmnInfo": [
    {
      "question": "의료사고에서 의료종사자의 과실을 인정하기 위해서는 의료종사자가 결과발생을 예견할 수 있고 또 회피할 수 있었는데도 이를 예견하거나 회피하지 못한 과실이 인정되어야 하는가?",
      "answer": "긍정"
    }
  ],
  "Summary": [
    {
      "summ_contxt": "의료사고에서 의료종사자의 과실을 인정하기 위해서는 의료종사자가 결과발생을 예견할 수 있고 또 회피할 수 있었는데도 이를 예견하거나 회피하지 못한 과실이 인정되어야 하고, 그러한 과실 유무를 판단할 때에는 같은 업무와 직무에 종사하는 보통인의 주의 정도를 표준으로 하여야 하며, 이에는 사고 당시의 일반적인 의학 수준과 의료 환경 및 조건, 의료행위의 특수성 등이 고려되어야 하고(대법원 2011. 9. 8. 선고 2009도13959 판결), 형사재판에서 기소된 범죄사실에 대한 입증책임은 검사에게 있는 것이고, 유죄의 인정은 법관으로 하여금 합리적인 의심의 여지가 없을 정도로 공소사실이 진실한 것이라는 확신을 가지게 하는 증명력을 가진 증거에 의하여야 하므로, 이러한 정도의 심증을 형성하는 증거가 없다면, 설령 피고인에게 유죄의 의심이 간다 하더라도 피고인의 이익으로 판단할 수밖에 없다.",
      "summ_pass": "의료사고에서 의료종사자의 과실을 인정하기 위해서는 의료종사자가 결과발생을 예견할 수 있고 또 회피할 수 있었는데도 이를 예견하거나 회피하지 못한 과실이 인정되어야 하고, 그러한 과실 유무를 판단할 때에는 같은 업무와 직무에 종사하는 보통인의 주의 정도를 표준으로 하여야 하며, 이에는 사고 당시의 일반적인 의학 수준과 의료 환경 및 조건, 의료행위의 특수성 등이 고려되어야 한다."
    }
  ],
  "keyword_tagg": [
    {
      "id": 1,
      "keyword": "의료사고"
    }
  ],
  "Reference_info": {
    "reference_rules": "형법 제268조, 형사소송법 제325조",
    "reference_court_case": ""
  },
  "Class_info": {
    "class_name": "형사A(생활형)",
    "instance_name": "업무상과실"
  }
}