{
  "info": {
    "id": 42016575,
    "dataType": "판결문",
    "caseNm": "특정범죄 가중처벌 등에 관한 법률 위반(절도)",
    "caseTitle": "대법원 2013. 8. 14. 선고 2013도6018 판결",
    "courtType": "판례(대법원)",
    "courtNm": "대법원",
    "judmnAdjuDe": "2013-08-14",
    "caseNoID": "2013도6018",
    "caseNo": "2013도6018"
  },
  "jdgmn": "특정범죄 가중처벌 등에 관한 법률 제5조의4 제1항이 적용되는 상습절도죄의 경우, 형법 제25조 제2항에 의한 미수감경이 허용되는지 여부(소극)",
  "jdgmnInfo": [
    {
      "question": "특정범죄 가중처벌 등에 관한 법률 제5조의4 제1항이 적용되는 상습절도죄의 경우, 형법 제25조 제2항에 의한 미수감경이 허용되는가?",
      "answer": "부정"
    }
  ],
  "Summary": [
    {
      "summ_contxt": "“상습적으로 형법 제329조부터 제331조까지의 죄 또는 그 미수죄를 범한 사람은 무기 또는 3년 이상의 징역에 처한다.”는 특정범죄 가중처벌 등에 관한 법률(이하 ‘특가법’이라 한다) 제5조의4 제1항이 적용되는 상습절도죄의 경우 형법 제25조 제2항에 의한 형의 미수감경은 허용되지 아니한다고 할 것이다(대법원 2010. 11. 25. 선고 2010도11620 판결 등 참조).",
      "summ_pass": "상습절도죄의 경우 형법 제25조 제2항에 의한 형의 미수감경은 허용되지 아니한다고 할 것이다."
    }
  ],
  "keyword_tagg": [
    {
      "id": 1,
      "keyword": "절도"
    }
  ],
  "Reference_info": {
    "reference_rules": "형법 제25조 제2항, 특정범죄 가중처벌 등에 관한 법률 제5조의4 제1항",
    "reference_court_case": "대법원 2010. 11. 25. 선고 2010도11620 판결(공2011상, 81)"
  },
  "Class_info": {
    "class_name": "형사A(생활형)",
    "instance_name": "특정범죄가중처벌"
  }
}