{
  "info": {
    "id": 43013965,
    "dataType": "판결문",
    "caseNm": "아동·청소년의성보호에관한법률위반(음란물제작·배포등)·풍속영업의규제에관한법률위반",
    "caseTitle": "대법원 2014. 9. 26. 선고 2013도12511 판결",
    "courtType": "판례(대법원)",
    "courtNm": "대법원",
    "judmnAdjuDe": "2014-09-26",
    "caseNoID": "2013도12511",
    "caseNo": "2013도12511"
  },
  "jdgmn": "전화방 업주인 피고인이 ‘아동·청소년으로 인식될 수 있는 사람’의 성행위 내용을 표현한 동영상을 제공함으로써 아동·청소년이용음란물을 공연히 전시 또는 상영하였다고 하여 구 아동·청소년의 성보호에 관한 법률 위반으로 기소된 사안에서, 동영상에 등장하는 인물들이 명백하게 아동·청소년으로 인식될 수 있는 사람에 해당한다고 보기 어렵다는 이유로 무죄를 인정한 원심판단을 정당하다고 한 사례",
  "jdgmnInfo": [
    {
      "question": "‘아동·청소년으로 인식될 수 있는 사람’의 성행위 내용을 표현한 동영상에 등장하는 인물이 명백하게 아동·청소년으로 인식될 수 있는 사람에 해당하는 경우에 아동·청소년이용음란물로 인정될 수 있는지?",
      "answer": "긍정"
    }
  ],
  "Summary": [
    {
      "summ_contxt": "원심판결의 이유를 관련 법리와 기록에 비추어 살펴보면, 원심이 그 판시와 같은 사정을 들어 이 사건 동영상에 등장하는 인물들이 명백하게 아동·청소년으로 인식될 수 있는 사람에 해당한다고 보기 어렵다는 이유로 이 사건 공소사실 중 아동·청소년의 성보호에 관한 법률 위반(음란물제작·배포등)의 점에 대하여 무죄로 판단한 것은 정당하고, 거기에 상고이유의 주장과 같이 구 아동·청소년의 성보호에 관한 법률(2012. 12. 18. 법률 제11572호로 전부 개정되기 전의 것)에서의 ‘아동·청소년이용음란물’의 개념에 관한 법리를 오해하거나 논리와 경험의 법칙을 위반하고 자유심증주의의 한계를 벗어나는 등의 위법이 없다.",
      "summ_pass": "원심판결 내용은 동영상에 등장하는 인물들이 명백하게 아동·청소년으로 인식될 수 있는 사람에 해당한다고 보기 어려워 무죄를 판단한 것은 정당하고, ‘아동·청소년이용음란물’의 개념에 관한 법리를 오해하거나 경험칙을 위반하고 자유심증주의를 벗어나는 등의 위법이 없다."
    }
  ],
  "keyword_tagg": [
    {
      "id": 1,
      "keyword": "음란물"
    }
  ],
  "Reference_info": {
    "reference_rules": "구 아동·청소년의 성보호에 관한 법률(2012. 12. 18. 법률 제11572호로 전부 개정되기 전의 것) 제2조 제1호, 제4호, 제5호, 제8조 제4항(현행 제11조 제3항 참조), 아동·청소년의 성보호에 관한 법률 제2조 제5호, 형사소송법 제325조",
    "reference_court_case": ""
  },
  "Class_info": {
    "class_name": "형사A(생활형)",
    "instance_name": "아동/청소년"
  }
}