{
  "info": {
    "id": 42016547,
    "dataType": "판결문",
    "caseNm": "폭력행위등처벌에관한법률위반(집단·흉기등폭행)",
    "caseTitle": "대법원 2013. 10. 17. 선고 2013도9705 판결",
    "courtType": "판례(대법원)",
    "courtNm": "대법원",
    "judmnAdjuDe": "2013-10-17",
    "caseNoID": "2013도9705",
    "caseNo": "2013도9705"
  },
  "jdgmn": "‘흉기휴대 폭행죄’를 범한 자를 1년 이상의 징역에 처하도록 규정한 폭력행위 등 처벌에 관한 법률 제3조 제1항, 제2조 제1항 제1호가 과잉금지원칙 등 헌법상 이념에 반하는지 여부(소극)",
  "jdgmnInfo": [
    {
      "question": "‘흉기휴대 폭행죄’를 범한 자를 1년 이상의 징역에 처하도록 규정한 폭력행위 등 처벌에 관한 법률 제3조 제1항, 제2조 제1항 제1호가 과잉금지원칙 등 헌법상 이념에 반하는가?",
      "answer": "부정"
    }
  ],
  "Summary": [
    {
      "summ_contxt": "어떤 범죄를 어떻게 처벌할 것인가 하는 문제, 즉 법정형의 종류와 범위의 선택은 광범위한 입법재량이 인정되어야 할 사항이고, 쉽사리 헌법에 위반된다고 단정하여서는 아니된다. 「폭력행위 등 처벌에 관한 법률」 제3조 제1항, 제2조 제1항 제1호가 흉기 기타 위험한 물건을 휴대하여 폭행죄를 범한 자에 대하여 1년 이상의 징역에 처하도록 정한 것도 그와 같은 입법형성의 자유에 속하는 바이고, 그 규정이 과잉금지원칙 내지 비례원칙이나 형벌법규명확성의 원칙 등과 같은 헌법상 이념에 반한다고 쉽사리 말할 수 없다(대법원 2009. 10. 29. 선고 2009도10340 판결 참조). 「폭력행위 등 처벌에 관한 법률」 제3조 제1항이 위헌이어서 무효라는 상고이유의 주장은 받아들일 수 없다.\n그러므로 상고를 기각하기로 하여 관여 대법관의 일치된 의견으로 주문과 같이 판결한다.",
      "summ_pass": "「폭력행위 등 처벌에 관한 법률」 제3조 제1항, 제2조 제1항 제1호가 흉기 기타 위험한 물건을 휴대하여 폭행죄를 범한 자에 대하여 1년 이상의 징역에 처하도록 정한 것도 그와 같은 입법형성의 자유에 속하는 바이고, 그 규정이 과잉금지원칙 내지 비례원칙이나 형벌법규명확성의 원칙 등과 같은 헌법상 이념에 반한다고 쉽사리 말할 수 없다."
    }
  ],
  "keyword_tagg": [
    {
      "id": 1,
      "keyword": "폭력행위 등 처벌에 관한 법률"
    },
    {
      "id": 2,
      "keyword": "위험한 물건 휴대"
    }
  ],
  "Reference_info": {
    "reference_rules": "헌법 제12조 제1항, 제37조 제2항, 형법 제1조 제1항, 폭력행위 등 처벌에 관한 법률 제2조 제1항 제1호, 제3조 제1항",
    "reference_court_case": "대법원 2008. 6. 26.자 2008초기202, 2007도6188 결정(공2008하, 1095), 대법원 2009. 10. 29. 선고 2009도10340 판결"
  },
  "Class_info": {
    "class_name": "형사A(생활형)",
    "instance_name": "폭력행위"
  }
}