{
  "info": {
    "id": 42016518,
    "dataType": "판결문",
    "caseNm": "교통사고처리특례법 위반·자동차손해배상보장법 위반·도로교통법 위반(무면허운전)",
    "caseTitle": "대법원 2013. 12. 12. 선고 2013도6608 판결",
    "courtType": "판례(대법원)",
    "courtNm": "대법원",
    "judmnAdjuDe": "2013-12-12",
    "caseNoID": "2013도6608",
    "caseNo": "2013도6608"
  },
  "jdgmn": "피고인에게 금고 5월을 선고한 제1심판결에 대해 피고인만이 항소하였는데, 원심이 제1심과 마찬가지로 유죄를 인정하여 甲죄에 대하여는 금고형을, 乙죄와 丙죄에 대하여는 징역형을 선택한 후 각 죄를 형법 제37조 전단 경합범으로 처벌하면서 피고인에게 금고 5월, 집행유예 2년, 보호관찰 및 40시간의 수강명령을 선고한 사안에서, 경합범 가중에 관한 형법 제38조 제2항을 간과하여 금고형을 선고한 제1심의 위법을 시정하지 아니한 원심판결에 법리오해의 잘못이 있다고 한 사례",
  "jdgmnInfo": [
    {
      "question": "불이익변경금지의 원칙은 전체적·실질적으로 고찰하여 그 형의 경중을 판단하여야 하고, 이때 선고된 형이 피고인에게 불이익하게 변경되었는지에 관한 판단은 형법상 형의 경중을 일응의 기준으로 하되, 병과형이나 부가형, 집행유예, 노역장 유치기간 등 주문 전체를 고려하여 피고인에게 실질적으로 불이익한가의 여부에 의하여 판단하여야 하는가?",
      "answer": "긍정"
    }
  ],
  "Summary": [
    {
      "summ_contxt": "불이익변경금지의 원칙은 피고인의 상소권 또는 약식명령에 대한 정식재판청구권을 보장하려는 것으로, 피고인만이 또는 피고인을 위하여 상소한 상급심 또는 정식재판청구사건에서 법원은 피고인이 같은 범죄사실에 대하여 이미 선고 또는 고지받은 형보다 중한 형을 선고하지 못한다는 원칙이다. 불이익변경금지의 원칙을 적용함에 있어서는 주문을 개별적·형식적으로 고찰할 것이 아니라 전체적·실질적으로 고찰하여 그 형의 경중을 판단하여야 하고, 이때 선고된 형이 피고인에게 불이익하게 변경되었는지에 관한 판단은 형법상 형의 경중을 일응의 기준으로 하되, 병과형이나 부가형, 집행유예, 노역장 유치기간 등 주문 전체를 고려하여 피고인에게 실질적으로 불이익한가의 여부에 의하여 판단하여야 할 것이다(대법원 1998. 3. 26. 선고 97도1716 전원합의체 판결, 대법원 2004. 11. 11. 선고 2004도6784 판결 등 참조).",
      "summ_pass": "불이익변경금지의 원칙을 적용함에 있어서는 주문을 개별적·형식적으로 고찰할 것이 아니라 전체적·실질적으로 고찰하여 그 형의 경중을 판단하여야 하고, 이때 선고된 형이 피고인에게 불이익하게 변경되었는지에 관한 판단은 형법상 형의 경중을 일응의 기준으로 하되, 병과형이나 부가형, 집행유예, 노역장 유치기간 등 주문 전체를 고려하여 피고인에게 실질적으로 불이익한가의 여부에 의하여 판단하여야 할 것이다."
    }
  ],
  "keyword_tagg": [
    {
      "id": 1,
      "keyword": "불이익변경금지"
    }
  ],
  "Reference_info": {
    "reference_rules": "형법 제37조, 제38조 제1항 제2호, 제2항, 제50조, 형사소송법 제368조",
    "reference_court_case": ""
  },
  "Class_info": {
    "class_name": "형사A(생활형)",
    "instance_name": "교통사고"
  }
}