{
  "info": {
    "id": 38015061,
    "dataType": "판결문",
    "caseNm": "상해",
    "caseTitle": "울산지방법원 2013. 11. 15. 선고 2013노395 판결 : 상고",
    "courtType": "판례(하급심)",
    "courtNm": "울산지방법원",
    "judmnAdjuDe": "2013-11-15",
    "caseNoID": "2013노395",
    "caseNo": "2013노395"
  },
  "jdgmn": "피고인이 자신의 일행인 甲의 얼굴을 때리고 도망가려는 乙을 넘어뜨리고 멱살을 잡는 등으로 乙에게 상해를 가하였다는 내용으로 기소된 사안에서, 제반 사정을 종합할 때 피고인의 행위는 현행범 체포행위의 일환으로 행하여졌고, 체포 과정에서 乙이 결과적으로 상처를 입었더라도 정당행위에 해당한다는 이유로, 이와 달리 보아 유죄를 인정한 제1심판결을 파기하고 무죄를 선고한 사례",
  "jdgmnInfo": [
    {
      "question": "피고인의 행위는 현행범 체포행위의 일환으로 행하여졌고, 비록 피고인이 乙을 체포하는 과정에서 乙이 결과적으로 상처를 입었더라도 침해되는 법익의 종류, 정도, 침해 방법, 침해행위의 완급 등에 비추어 사회통념상 허용되는 범위를 벗어났다고 볼 수 없어 정당방위에 해당하는가?",
      "answer": "긍정"
    }
  ],
  "Summary": [
    {
      "summ_contxt": "피고인과 공소외 2, 피해자의 나이와 체격 등을 종합하여 보면, 이 사건에서 피해자는 공소외 2에 대한 상해의 현행범인에 해당하는 점, 피해자가 당시 계속하여 현장을 이탈하려고 하였으므로 체포의 필요성이 인정되는 점, 피해자가 일단 현장을 이탈한 후에는 피고인이 피해자를 다시 찾기가 쉽지 않았을 것으로 보이는 점 등에 비추어 볼 때 피고인의 이 사건 공소사실 기재와 같은 행위는 현행범 체포행위의 일환으로 행하여진 것이고, 비록 피고인이 도망하려는 피해자를 체포함에 있어서 멱살을 잡고 이를 피하려는 피해자를 제압하는 과정에서 피해자가 결과적으로 그 주장과 같은 상처를 입게 된 사실이 인정된다고 하더라도 침해되는 법익의 종류, 정도, 침해의 방법, 침해행위의 완급 등에 비추어 사회통념상 허용되는 범위를 벗어났다고 볼 수 없으므로, 피고인의 행위는 형법 제20조 소정의 정당행위에 해당하여 범죄로 되지 아니한다.",
      "summ_pass": "피고인의 이 사건 행위는 현행범 체포행위의 일환으로 행하여진 것이고, 비록 피고인이 도망하려는 피해자를 체포함에 있어서 멱살을 잡고 이를 피하려는 피해자를 제압하는 과정에서 피해자가 결과적으로 그 주장과 같은 상처를 입게 된 사실이 인정된다고 하더라도 침해되는 법익의 종류, 정도, 침해의 방법, 침해행위의 완급 등에 비추어 사회통념상 허용되는 범위를 벗어났다고 볼 수 없으므로, 피고인의 행위는 정당행위에 해당한다."
    }
  ],
  "keyword_tagg": [
    {
      "id": 1,
      "keyword": "상해"
    }
  ],
  "Reference_info": {
    "reference_rules": "형법 제20조, 제257조 제1항, 형사소송법 제212조, 제325조",
    "reference_court_case": ""
  },
  "Class_info": {
    "class_name": "형사A(생활형)",
    "instance_name": "상해"
  }
}