{
  "info": {
    "id": 43014293,
    "dataType": "판결문",
    "caseNm": "성폭력범죄의처벌및피해자보호등에관한법률위반(특수강도강간등)·특수강도미수·야간주거침입절도미수·부착명령",
    "caseTitle": "대법원 2014. 2. 13. 선고 2013도14349 판결",
    "courtType": "판례(대법원)",
    "courtNm": "대법원",
    "judmnAdjuDe": "2014-02-13",
    "caseNoID": "2013도14349",
    "caseNo": "2013도14349"
  },
  "jdgmn": "2012. 12. 18. 법률 제11572호로 전부 개정된 ‘아동·청소년의 성보호에 관한 법률’ 시행 후에도 여전히 2011. 1. 1. 이후 ‘아동·청소년 대상 성폭력범죄를 저지른 자’에 대하여만 판결과 동시에 고지명령을 선고할 수 있는지 여부(적극)",
  "jdgmnInfo": [
    {
      "question": "2012. 12. 18. 법률 제11572호로 전부 개정된 ‘아동·청소년의 성보호에 관한 법률’ 시행 후에도 여전히 2011. 1. 1. 이후 ‘아동·청소년 대상 성폭력범죄를 저지른 자’에 대하여만 판결과 동시에 고지명령을 선고할 수 있는지?",
      "answer": "긍정"
    }
  ],
  "Summary": [
    {
      "summ_contxt": "이러한 규정 내용 및 법률 개정의 연혁 등에 비추어 보면, 법률 제11572호 아동성보호법이 시행된 뒤에도 여전히 법률 제10260호 아동성보호법 부칙 규정이 정한 대로 2011. 1. 1. 이후 ‘아동·청소년 대상 성폭력범죄를 저지른 자’에 대하여만 판결과 동시에 고지명령을 선고할 수 있다고 보아야 한다.",
      "summ_pass": "법률 제11572호 아동성보호법 시행 후에도 2011. 1. 1. 이후 ‘아동·청소년 대상 성범죄자’에게만 판결과 동시에 고지명령을 선고할 수 있다."
    }
  ],
  "keyword_tagg": [
    {
      "id": 1,
      "keyword": "아동"
    },
    {
      "id": 2,
      "keyword": "청소년"
    },
    {
      "id": 3,
      "keyword": "고지명령"
    },
    {
      "id": 4,
      "keyword": "판결"
    },
    {
      "id": 5,
      "keyword": "성폭력"
    }
  ],
  "Reference_info": {
    "reference_rules": "구 아동·청소년의 성보호에 관한 법률(2012. 12. 18. 법률 제11572호로 전부 개정되기 전의 것) 제38조의2(현행 제50조 참조), 제38조의3(현행 제51조 참조), 부칙(2010. 4. 15. 법률 제10260호) 제1조, 제4조, 아동·청소년의 성보호에 관한 법률 제50조 제1항, 제51조, 부칙(2012. 12. 18. 법률 제11572호) 제8조 제1항, 제2항",
    "reference_court_case": ""
  },
  "Class_info": {
    "class_name": "형사A(생활형)",
    "instance_name": "성폭력"
  }
}