{
  "info": {
    "id": 43014294,
    "dataType": "판결문",
    "caseNm": "상해·협박·모욕·업무방해·재물손괴",
    "caseTitle": "대법원 2014. 2. 13. 선고 2013도14914 판결",
    "courtType": "판례(대법원)",
    "courtNm": "대법원",
    "judmnAdjuDe": "2014-02-13",
    "caseNoID": "2013도14914",
    "caseNo": "2013도14914"
  },
  "jdgmn": "형사소송법 제383조 제4호의 해석상 검사가 항소심의 형의 양정이 가볍다는 사유로 상고할 수 있는지 여부(소극)",
  "jdgmnInfo": [
    {
      "question": "형사소송법 제383조 제4호의 해석상 검사가 항소심의 형의 양정이 가볍다는 사유로 상고할 수 있는지?",
      "answer": "부정"
    }
  ],
  "Summary": [
    {
      "summ_contxt": "원심이 양형에 있어서 법리를 오해한 위법이 있다는 취지의 주장은 결국 양형부당 주장에 해당한다. 그러나 형사소송법 제383조 제4호의 해석상 검사는 원심의 형의 양정이 가볍다는 사유를 상고이유로 주장할 수 없다.",
      "summ_pass": "양형에 위법이 있다는 주장은 양형부당 주장에 해당하나 검사는 양형이 가볍다는 사유로 상고할 수 없다."
    }
  ],
  "keyword_tagg": [
    {
      "id": 1,
      "keyword": "양형"
    },
    {
      "id": 2,
      "keyword": "양정"
    },
    {
      "id": 3,
      "keyword": "양형부당 주장"
    },
    {
      "id": 4,
      "keyword": "상고이유"
    }
  ],
  "Reference_info": {
    "reference_rules": "형사소송법 제383조 제4호",
    "reference_court_case": "대법원 1994. 8. 12. 선고 94도1705 판결(공1994하, 2321), 대법원 2005. 9. 15. 선고 2005도1952 판결(공2005하, 1665)"
  },
  "Class_info": {
    "class_name": "형사A(생활형)",
    "instance_name": "상해"
  }
}