{
  "info": {
    "id": 54891969,
    "dataType": "판결문",
    "caseNm": "특정경제범죄가중처벌등에관한법률위반(횡령)·특정경제범죄가중처벌등에관한법률위반(저축관련부당행위)·특정범죄가중처벌등에관한법률위반(조세)(피고인1에대하여일부인정된죄명및피고인2외국회사에대한죄명조세범처벌법위반)(주1)",
    "caseTitle": "서울고등법원 2014. 2. 21., 선고, 2013노874, 판결",
    "courtType": "판례(하급심)",
    "courtNm": "서울고등법원",
    "judmnAdjuDe": "2014-02-21",
    "caseNoID": "2013노874",
    "caseNo": "2013노874"
  },
  "jdgmn": "",
  "jdgmnInfo": [
    {
      "question": "조세포탈죄가 성립하기 위하여는 조세법률주의에 따라 세법이 정한 과세요건이 충족되어 조세채권이 성립됨을 요하는가?",
      "answer": "긍정"
    }
  ],
  "Summary": [
    {
      "summ_contxt": "구 조세범처벌법(2010. 1. 1. 법률 제9919호로 개정되기 전의 것, 이하 같다) 제9조 제1항 소정의 조세포탈죄는 납세의무자가 국가에 대하여 지고 있는 것으로 인정되는 일정액의 조세채무를 포탈한 것을 범죄로 보아 형벌을 과하는 것으로서, 조세포탈죄가 성립하기 위하여는 조세법률주의에 따라 세법이 정한 과세요건이 충족되어 조세채권이 성립하여야만 되는 것이므로, 세법이 납세의무자로 하여금 납세의무를 지도록 정한 과세요건이 구비되지 않는 한 조세채무가 성립하지 않음은 물론 조세포탈죄도 성립할 여지가 없는바(대법원 2005. 6. 10. 선고 2003도5631 판결 등 참조), 이하에서는 이 부분 공소사실에 적시된 각 소득에 관하여 납세의무가 성립하는지의 여부에 관하여 살피기로 한다.",
      "summ_pass": "구 조세범처벌법(2010. 1. 1. 법률 제9919호로 개정되기 전의 것, 이하 같다) 제9조 제1항 소정의 조세포탈죄는 납세의무자가 국가에 대하여 지고 있는 것으로 인정되는 일정액의 조세채무를 포탈한 것을 범죄로 보아 형벌을 과하는 것으로서, 조세포탈죄가 성립하기 위하여는 조세법률주의에 따라 세법이 정한 과세요건이 충족되어 조세채권이 성립하여야만 되는 것이다."
    }
  ],
  "keyword_tagg": [
    {
      "id": 1,
      "keyword": "구 조세범 처벌법"
    }
  ],
  "Reference_info": {
    "reference_rules": "",
    "reference_court_case": ""
  },
  "Class_info": {
    "class_name": "형사A(생활형)",
    "instance_name": "특정경제범죄가중처벌등에관한법률위반"
  }
}