{
  "info": {
    "id": 42016554,
    "dataType": "판결문",
    "caseNm": "사기",
    "caseTitle": "대법원 2013. 9. 26. 선고 2013도3631 판결",
    "courtType": "판례(대법원)",
    "courtNm": "대법원",
    "judmnAdjuDe": "2013-09-26",
    "caseNoID": "2013도3631",
    "caseNo": "2013도3631"
  },
  "jdgmn": "투자금 편취에 의한 사기죄에서 투자받은 사람이 투자자에게 한 원금반환 약정이 기망행위에 해당하는 경우 및 이때 편취의 고의 유무를 판단하는 기준 시점(=투자금 약정 당시)",
  "jdgmnInfo": [
    {
      "question": "투자금 편취에 의한 사기죄에서 투자받은 사람이 투자자에게 한 원금반환 약정이 기망행위에 해당하는 경우에 편취의 고의 유무를 판단하는 기준 시점은 투자금 약정 당시로 볼 수 있는가?",
      "answer": "긍정"
    }
  ],
  "Summary": [
    {
      "summ_contxt": "1. 사기죄의 요건으로서의 기망은 널리 재산상의 거래관계에 있어서 서로 지켜야 할 신의와 성실의 의무를 저버리는 적극적 또는 소극적 행위로서 사람으로 하여금 착오를 일으키게 하는 것을 말하고, 반드시 법률행위의 중요부분에 관한 것임을 요하지 않으며 단지 상대방이 개별적 처분행위를 하기 위한 판단의 기초사실에 관한 것이면 충분하다(대법원 2009. 1. 30. 선고 2008도10519 판결 등 참조). 따라서 투자금의 편취에 의한 사기죄의 성립 여부에 있어 투자약정 당시 투자받은 사람이 투자자로부터 투자금을 지급받아 투자자에게 설명한 투자사업에 사용하더라도 일정 기간 내에 원금을 반환할 의사나 능력이 없음에도 마치 일정 기간 내에 투자자에게 원금을 반환할 것처럼 거짓말을 한 경우에는 투자를 받는 사람과 투자자의 관계, 거래의 상황, 투자자의 경험, 지식, 성격, 직업 등 행위 당시의 구체적인 사정에 비추어 투자자가 원금반환 약정을 전적으로 믿고 투자를 한 경우라면 사기죄의 요건으로서 기망행위에 해당할 수 있고, 이때 투자금 약정 당시를 기준으로 피해자로부터 투자금을 편취할 고의가 있었는지 여부를 판단하여야 할 것이다.",
      "summ_pass": "투자자가 원금반환 약정을 전적으로 믿고 투자를 한 경우라면 사기죄의 요건으로서 기망행위에 해당할 수 있고, 이때 투자금 약정 당시를 기준으로 피해자로부터 투자금을 편취할 고의가 있었는지 여부를 판단하여야 할 것이다."
    }
  ],
  "keyword_tagg": [
    {
      "id": 1,
      "keyword": "사기"
    }
  ],
  "Reference_info": {
    "reference_rules": "형법 제347조 제1항",
    "reference_court_case": ""
  },
  "Class_info": {
    "class_name": "형사A(생활형)",
    "instance_name": "사기"
  }
}