{
  "info": {
    "id": 42016563,
    "dataType": "판결문",
    "caseNm": "공갈·도로교통법위반(무면허운전)",
    "caseTitle": "대법원 2013. 9. 13. 선고 2013도6809 판결",
    "courtType": "판례(대법원)",
    "courtNm": "대법원",
    "judmnAdjuDe": "2013-09-13",
    "caseNoID": "2013도6809",
    "caseNo": "2013도6809"
  },
  "jdgmn": "공갈죄의 수단인 ‘협박’의 의의와 판단 기준",
  "jdgmnInfo": [
    {
      "question": "공갈죄에서 ‘해악의 고지’가 비록 정당한 권리의 실현 수단으로 사용된 경우라고 하여도 그 권리실현의 수단·방법이 사회통념상 허용되는 정도나 범위를 넘는다면 공갈죄의 실행에 착수한 것으로 보아야 하는가?",
      "answer": "긍정"
    }
  ],
  "Summary": [
    {
      "summ_contxt": "가. 공갈죄의 수단으로서의 협박은 사람의 의사결정의 자유를 제한하거나 의사실행의 자유를 방해할 정도로 겁을 먹게 할 만한 해악을 고지하는 것을 말하고, 해악의 고지는 반드시 명시의 방법에 의할 것을 요하지 않고 언어나 거동에 의하여 상대방으로 하여금 어떠한 해악에 이르게 할 것이라는 인식을 가지게 하는 것이면 족하며, 이러한 해악의 고지가 비록 정당한 권리의 실현 수단으로 사용된 경우라고 하여도 그 권리실현의 수단·방법이 사회통념상 허용되는 정도나 범위를 넘는다면 공갈죄의 실행에 착수한 것으로 보아야 하고, 여기서 어떠한 행위가 구체적으로 사회통념상 허용되는 정도나 범위를 넘는 것인지는 그 행위의 주관적인 측면과 객관적인 측면, 즉 추구된 목적과 선택된 수단을 전체적으로 종합하여 판단하여야 한다(대법원 1995. 3. 10. 선고 94도2422 판결 참조).",
      "summ_pass": "해악의 고지가 비록 정당한 권리의 실현 수단으로 사용된 경우라고 하여도 그 권리실현의 수단·방법이 사회통념상 허용되는 정도나 범위를 넘는다면 공갈죄의 실행에 착수한 것으로 보아야 한다."
    }
  ],
  "keyword_tagg": [
    {
      "id": 1,
      "keyword": "공갈"
    }
  ],
  "Reference_info": {
    "reference_rules": "형법 제20조, 제350조",
    "reference_court_case": "대법원 1995. 3. 10. 선고 94도2422 판결(공1995상, 1658), 대법원 2006. 5. 12. 선고 2005도9595 판결"
  },
  "Class_info": {
    "class_name": "형사A(생활형)",
    "instance_name": "도로교통법"
  }
}