{
  "info": {
    "id": 43014283,
    "dataType": "판결문",
    "caseNm": "성폭력범죄의 처벌 등에 관한 특례법 위반(강간등살인)·특정범죄 가중처벌 등에 관한 법률 위반(영리약취·유인등)[인정된 죄명:특정범죄 가중처벌 등에 관한 법률 위반(약취·유인)]·주거침입·야간주거침입절도·절도·부착명령·치료명령",
    "caseTitle": "대법원 2014. 2. 27. 선고 2013도12301 판결",
    "courtType": "판례(대법원)",
    "courtNm": "대법원",
    "judmnAdjuDe": "2014-02-27",
    "caseNoID": "2013도12301",
    "caseNo": "2013도12301"
  },
  "jdgmn": "[1] 미성년자를 약취한 후 강간 목적으로 상해 등을 가하고 나아가 강간 및 살인미수를 범한 경우, 약취한 미성년자에 대한 상해 등으로 인한 특정범죄 가중처벌 등에 관한 법률 위반죄와 미성년자에 대한 강간 및 살인미수행위로 인한 성폭력범죄의 처벌 등에 관한 특례법 위반죄의 죄수 관계(=실체적 경합범)\n[2] 장기간의 형 집행 및 그에 부수하여 전자장치 부착 등의 처분이 예정된 사람에 대하여 ‘성폭력범죄자의 성충동 약물치료에 관한 법률’에 의한 약물치료명령을 부과하기 위한 요건\n[3] ‘성폭력범죄자의 성충동 약물치료에 관한 법률’에 의한 약물치료명령의 요건인 ‘성폭력범죄를 다시 범할 위험성’의 의미 및 성도착증 환자로 진단받은 피청구자가 약물치료명령의 요건을 갖춘 것으로 보기 위한 요건과 그 판단 기준",
  "jdgmnInfo": [
    {
      "question": "미성년자를 약취한 후 강간 목적으로 상해 등을 가하고 나아가 강간 및 살인미수를 범한 경우, 약취한 미성년자에 대한 상해 등으로 인한 특정범죄 가중처벌 등에 관한 법률 위반죄와 미성년자에 대한 강간 및 살인미수행위로 인한 성폭력범죄의 처벌 등에 관한 특례법 위반죄는 서로 실체적 경합범 관계에 있는가?",
      "answer": "긍정"
    }
  ],
  "Summary": [
    {
      "summ_contxt": "미성년자인 피해자를 약취한 후에 강간을 목적으로 피해자에게 가혹한 행위 및 상해를 가하고 나아가 그 피해자에 대한 강간 및 살인미수를 범하였다면, 이에 대하여는 약취한 미성년자에 대한 상해 등으로 인한 특정범죄 가중처벌 등에 관한 법률 위반죄 및 미성년자인 피해자에 대한 강간 및 살인미수행위로 인한 성폭력범죄의 처벌 등에 관한 특례법 위반죄가 각 성립하고, 설령 상해의 결과가 피해자에 대한 강간 및 살인미수행위 과정에서 발생한 것이라 하더라도 위 각 죄는 서로 형법 제37조 전단의 실체적 경합범 관계에 있다.",
      "summ_pass": "미성년자를 약취한 후 강간 목적으로 상해 등을 가하고 나아가 강간 및 살인미수를 범한 경우, 특정범죄 가중처벌 등에 관한 법률 위반죄와 성폭력범죄의 처벌 등에 관한 특례법 위반죄는 각 성립하여, 각 죄는 실체적 경합범 관계에 있다."
    }
  ],
  "keyword_tagg": [
    {
      "id": 1,
      "keyword": "미성년자"
    },
    {
      "id": 2,
      "keyword": "살인미수"
    },
    {
      "id": 3,
      "keyword": "실체적 경합범"
    }
  ],
  "Reference_info": {
    "reference_rules": "[1] 형법 제37조, 구 형법(2013. 4. 5. 법률 제11731호로 개정되기 전의 것) 제287조 / 구 형법(2012. 12. 18. 법률 제11574호로 개정되기 전의 것) 제297조, 특정범죄 가중처벌 등에 관한 법률 제5조의2 제2항 제3호, 구 성폭력범죄의 처벌 등에 관한 특례법(2012. 12. 18. 법률 제11556호로 전부 개정되기 전의 것) 제7조 제1항, 제9조 제1항, 제14조(현행 제15조 참조) [2] 성폭력범죄자의 성충동 약물치료에 관한 법률 제1조, 제4조, 제8조 [3] 성폭력범죄자의 성충동 약물치료에 관한 법률 제4조, 제8조",
    "reference_court_case": ""
  },
  "Class_info": {
    "class_name": "형사A(생활형)",
    "instance_name": "성폭력"
  }
}