{
  "info": {
    "id": 38015024,
    "dataType": "판결문",
    "caseNm": "특정경제범죄가중처벌등에관한법률위반(배임)(인정된죄명:업무상배임)",
    "caseTitle": "대전고등법원 2014. 9. 26. 선고 2014노170 판결 : 확정",
    "courtType": "판례(하급심)",
    "courtNm": "대전고등법원",
    "judmnAdjuDe": "2014-09-26",
    "caseNoID": "2014노170",
    "caseNo": "2014노170"
  },
  "jdgmn": "[1] 업무상배임죄에 해당하는 수개의 행위가 포괄일죄로 평가됨으로써 재산상 이득액이 특정경제범죄 가중처벌 등에 관한 법률 위반(배임)죄의 범죄구성요건을 충족하는 경우, 그 범죄의 고의 유무를 판단할 때 유의할 사항\n[2] 甲 학교법인이 운영하는 乙 대학교의 경리담당 직원인 피고인이, 자신이 관리하는 乙 대학교 명의 법인카드를 이용하여 상품권을 구입한 후 다시 판매하고 받은 대금으로 자신의 대출금 채무 등을 변제하는 등의 방법으로 甲 법인에 손해를 가하였다고 하여 특정경제범죄 가중처벌 등에 관한 법률 위반(배임)으로 기소된 사안에서, 피고인이 전월(前月)의 법인카드대금을 결제하기 위한 현금을 마련할 목적으로 다시 법인카드를 이용하여 상품권을 구입한 후 환가하여 카드대금 변제에 사용한 일련의 행위는 불법이득의사에서 나온 것이라고 볼 수 없는 등 이 부분에 대하여는 업무상배임죄의 죄책을 물을 수 없다고 한 사례",
  "jdgmnInfo": [
    {
      "question": "업무상배임죄의 고의는 업무상 타인의 사무를 처리하는 자가 본인에게 재산상의 손해를 가한다는 의사와 자기 또는 제3자의 재산상의 이득의 의사가 임무에 위배된다는 인식과 결합되어 성립되는 것인가?",
      "answer": "긍정"
    }
  ],
  "Summary": [
    {
      "summ_contxt": "한편 특정경제범죄 가중처벌 등에 관한 법률 위반(배임)죄는 재산상 이익의 가액이 일정액 이상이라는 것이 범죄구성요건의 일부로 되어 있고 그에 따라 형벌도 가중되는 만큼 그 재산상 이익의 가액은 엄격하고 신중하게 판단하여야 하는바(대법원 2007. 4. 19. 선고 2005도7288 전원합의체 판결 참조), 업무상배임죄에 해당하는 수개의 행위가 단일하고 계속된 범의하에 일정기간 계속적으로 행하여져 포괄일죄로 평가됨으로써 그 재산상 이익의 가액이 특정경제범죄 가중처벌 등에 관한 법률 위반(배임)죄의 범죄구성요건을 충족하는 경우에는, 그 범죄의 고의 유무에 관련하여 포괄일죄에서의 범의의 단일성과 계속성에 착안하여 본인의 이익을 위한다는 의사가 부수적인 것인지 여부도 엄격하고 신중하게 판단되어야 할 것이다.",
      "summ_pass": "특정경제범죄 가중처벌 등에 관한 법률 위반(배임)죄는 재산상 이익의 가액이 일정액 이상이라는 것이 범죄구성요건의 일부로 되어 있고 그에 따라 형벌도 가중되는 만큼 그 재산상 이익의 가액은 엄격하고 신중하게 판단하여야 한다."
    }
  ],
  "keyword_tagg": [
    {
      "id": 1,
      "keyword": "업무상배임죄"
    }
  ],
  "Reference_info": {
    "reference_rules": "[1] 형법 제37조, 제355조 제2항, 제356조, 특정경제범죄 가중처벌 등에 관한 법률 제3조 [2] 형법 제355조 제2항, 제356조, 특정경제범죄 가중처벌 등에 관한 법률 제3조 제1항 제1호, 형사소송법 제298조",
    "reference_court_case": "[1] 대법원 2007. 4. 19. 선고 2005도7288 전원합의체 판결(공2007상, 923), 대법원 2012. 8. 30. 선고 2012도5220 판결, 대법원 2012. 9. 13. 선고 2012도3840 판결"
  },
  "Class_info": {
    "class_name": "형사A(생활형)",
    "instance_name": "특정경제범죄가중처벌"
  }
}