{
  "info": {
    "id": 38015025,
    "dataType": "판결문",
    "caseNm": "사기",
    "caseTitle": "서울서부지방법원 2014. 9. 25. 선고 2014노150 판결 : 상고",
    "courtType": "판례(하급심)",
    "courtNm": "서울서부지방법원",
    "judmnAdjuDe": "2014-09-25",
    "caseNoID": "2014노150",
    "caseNo": "2014노150"
  },
  "jdgmn": "甲 병원 원장인 피고인이 병원 구내식당을 乙 주식회사에 위탁하여 운영하였음에도 甲 병원이 직접 운영한 것처럼 요양급여(식대가산금)를 청구하여 피해자 국민건강보험공단으로부터 조리사·영양사·선택식단·직영가산금을 편취하였다는 내용으로 기소된 사안에서, 피고인에게 유죄를 인정한 제1심판결의 결론을 정당하다고 한 사례",
  "jdgmnInfo": [
    {
      "question": "영양사, 조리사가 외관상으로는 요양기관인 병원에 소속된 것으로 보이더라도, 실질적으로는 위탁방식으로 식당을 운영한 것이라면 가산금 청구 요건을 갖추었다고 보기 어려운가?",
      "answer": "긍정"
    }
  ],
  "Summary": [
    {
      "summ_contxt": "甲 병원 원장인 피고인이 병원 구내식당을 乙 주식회사에 위탁하여 운영하였음에도 甲 병원이 직접 운영한 것처럼 요양급여(식대가산금)를 청구하여 피해자 국민건강보험공단으로부터 조리사·영양사·선택식단·직영가산금을 편취하였다는 내용으로 기소된 사안에서, 영양사, 조리사가 외관상 요양기관인 병원에 소속된 것으로 보이더라도 실질적으로는 위탁방식으로 식당을 운영한 것이라면 위 가산금 청구 요건을 갖추었다고 보기 어려운데, 甲 병원은 乙 회사에 구내식당의 운영을 위탁하여 乙 회사가 구내식당의 영양사, 조리사를 실질적으로 지휘·감독하면서 구내식당을 운영하였음이 명백하고, 피고인은 마치 甲 병원이 구내식당을 직영한 것처럼 피해자를 기망하여 직영가산금 등을 지급받은 사실을 인정하기에 충분하다는 이유로, 피고인에게 유죄를 인정한 제1심판결의 결론을 정당하다고 한 사례.",
      "summ_pass": "甲 병원 원장인 피고인이 병원 구내식당을 乙 주식회사에 위탁하여 운영하였음에도 甲 병원이 직접 운영한 것처럼 요양급여(식대가산금)를 청구하여 피해자 국민건강보험공단으로부터 조리사·영양사·선택식단·직영가산금을 편취하였다는 내용으로 기소된 사안에서, 영양사, 조리사가 외관상 요양기관인 병원에 소속된 것으로 보이더라도 실질적으로는 위탁방식으로 식당을 운영한 것이라면 위 가산금 청구 요건을 갖추었다고 보기 어렵다."
    }
  ],
  "keyword_tagg": [
    {
      "id": 1,
      "keyword": "직영가산금"
    },
    {
      "id": 2,
      "keyword": "요양급여"
    },
    {
      "id": 3,
      "keyword": "식대가산금"
    },
    {
      "id": 4,
      "keyword": "가산금 청구"
    }
  ],
  "Reference_info": {
    "reference_rules": "형법 제347조 제1항",
    "reference_court_case": ""
  },
  "Class_info": {
    "class_name": "형사A(생활형)",
    "instance_name": "사기"
  }
}