{
  "info": {
    "id": 43014252,
    "dataType": "판결문",
    "caseNm": "성폭력범죄의처벌및피해자보호등에관한법률위반(주거침입강간등)[일부추가된죄명:성폭력범죄의처벌및피해자보호등에관한법률위반(특수강간등)]·치료감호·부착명령·치료명령",
    "caseTitle": "대법원 2014. 12. 11. 선고 2014도6930 판결",
    "courtType": "판례(대법원)",
    "courtNm": "대법원",
    "judmnAdjuDe": "2014-12-11",
    "caseNoID": "2014도6930",
    "caseNo": "2014도6930"
  },
  "jdgmn": "성폭력범죄를 저지른 정신성적 장애자에 대하여 치료감호와 치료명령이 함께 청구된 경우, 치료감호와 함께 치료명령을 선고하기 위한 요건",
  "jdgmnInfo": [
    {
      "question": "치료감호와 치료명령이 함께 청구된 경우, 치료감호를 통한 치료에도 불구하고 치료명령의 집행시점에도 여전히 약물치료 필요성이 인정되는 경우에 한해 치료감호와 함께 치료명령을 선고할 수 있는가?",
      "answer": "긍정"
    }
  ],
  "Summary": [
    {
      "summ_contxt": "성폭력범죄를 저지른 정신성적 장애자에 대하여는 치료감호와 치료명령이 함께 청구될 수도 있는데, 피청구자의 동의 없이 강제적으로 이루어지는 치료명령 자체가 피청구자의 신체의 자유와 자기결정권에 대한 중대한 제한이 되는 점, 치료감호는 치료감호법에 규정된 수용기간을 한도로 피치료감호자가 치유되어 치료감호를 받을 필요가 없을 때 종료되는 것이 원칙인 점, 치료감호와 치료명령이 함께 선고된 경우에는 성충동약물치료법 제14조에 따라 치료감호의 종료·가종료 또는 치료위탁으로 석방되기 전 2개월 이내에 치료명령이 집행되는 점 등을 감안하면, 치료감호와 치료명령이 함께 청구된 경우에는, 치료감호를 통한 치료에도 불구하고 치료명령의 집행시점에도 여전히 약물치료가 필요할 만큼 피청구자에게 성폭력범죄를 다시 범할 위험성이 있고 피청구자의 동의를 대체할 수 있을 정도의 상당한 필요성이 인정되는 경우에 한하여 치료감호와 함께 치료명령을 선고할 수 있다고 보아야 한다.",
      "summ_pass": "치료감호와 치료명령이 함께 청구된 경우, 치료감호를 통한 치료에도 불구하고 치료명령의 집행시점에도 여전히 약물치료가 필요할 만큼 피청구자에게 성폭력범죄를 다시 범할 위험성이 있고 피청구자의 동의를 대체할 수 있을 정도의 상당한 필요성이 인정되는 경우에 한하여 치료감호와 함께 치료명령을 선고할 수 있다고 본다."
    }
  ],
  "keyword_tagg": [
    {
      "id": 1,
      "keyword": "성폭력"
    },
    {
      "id": 2,
      "keyword": "치료감호"
    },
    {
      "id": 3,
      "keyword": "치료명령"
    },
    {
      "id": 4,
      "keyword": "성충동"
    },
    {
      "id": 5,
      "keyword": "정신성적 장애자"
    },
    {
      "id": 6,
      "keyword": "성충동약물치료법"
    },
    {
      "id": 7,
      "keyword": "약물치료"
    }
  ],
  "Reference_info": {
    "reference_rules": "헌법 제10조, 제12조, 성폭력범죄자의 성충동 약물치료에 관한 법률 제2조 제1호, 제4조 제1항, 제14조, 치료감호법 제2조 제1항 제3호",
    "reference_court_case": ""
  },
  "Class_info": {
    "class_name": "형사A(생활형)",
    "instance_name": "성폭력"
  }
}