{
  "info": {
    "id": 43014098,
    "dataType": "판결문",
    "caseNm": "재물손괴(인정된죄명:업무방해)",
    "caseTitle": "대법원 2017. 11. 9. 선고 2014도3270 판결",
    "courtType": "판례(대법원)",
    "courtNm": "대법원",
    "judmnAdjuDe": "2017-11-09",
    "caseNoID": "2014도3270",
    "caseNo": "2014도3270"
  },
  "jdgmn": "업무방해죄에서 말하는 ‘업무’의 의미 및 직업이나 사회생활상의 지위에 기한 것이라고 보기 어렵고 단순히 개인적인 일상생활의 일환으로 행하여지는 사무가 업무방해죄의 보호대상인 업무에 해당하는지 여부(소극)",
  "jdgmnInfo": [
    {
      "question": "직업이나 사회생활상의 지위에 기한 것이라고 보기 어렵고 단순히 개인적인 일상생활의 일환으로 행하여지는 사무가 업무방해죄의 보호대상인 업무에 해당하는지?",
      "answer": "부정"
    }
  ],
  "Summary": [
    {
      "summ_contxt": "형법 제314조에서 정한 업무방해죄의 ‘업무’란 직업 기타 사회생활상의 지위에 기하여 계속적으로 종사하는 사무 또는 사업을 말하는 것으로서(대법원 2013. 6. 14. 선고 2013도3829 판결 참조), 직업이나 사회생활상의 지위에 기한 것이라고 보기 어려운 단순한 개인적인 일상생활의 일환으로 행하여지는 사무는 업무방해죄의 보호대상인 업무에 해당한다고 볼 수 없다.",
      "summ_pass": "직업이나 사회생활상의 지위에 기한 것이라고 보기 어려운 단순한 개인적인 일상생활의 일환으로 행하여지는 사무는 형법 제314조에서 정한 업무방해죄의 보호대상인 ‘업무’에 해당하지 않는다."
    }
  ],
  "keyword_tagg": [
    {
      "id": 1,
      "keyword": "업무방해"
    },
    {
      "id": 2,
      "keyword": "업무"
    },
    {
      "id": 3,
      "keyword": "직업"
    }
  ],
  "Reference_info": {
    "reference_rules": "형법 제314조",
    "reference_court_case": "대법원 2013. 6. 14. 선고 2013도3829 판결(공2013하, 1286)"
  },
  "Class_info": {
    "class_name": "형사A(생활형)",
    "instance_name": "업무방해"
  }
}