{
  "info": {
    "id": 43014261,
    "dataType": "판결문",
    "caseNm": "특정경제범죄가중처벌등에관한법률위반(횡령)·사기·업무방해·배임수재·사립학교법위반",
    "caseTitle": "대법원 2014. 8. 28. 선고 2014도6286 판결",
    "courtType": "판례(대법원)",
    "courtNm": "대법원",
    "judmnAdjuDe": "2014-08-28",
    "caseNoID": "2014도6286",
    "caseNo": "2014도6286"
  },
  "jdgmn": "사립학교법령상 교비회계자금을 다른 용도에 사용한 경우, 그 자체로 횡령죄가 성립하는지 여부(적극) / 이는 교비회계에 속하는 돈을 같은 학교법인에 속하는 다른 학교의 교비회계에 사용한 경우에도 마찬가지인지 여부(적극)",
  "jdgmnInfo": [
    {
      "question": "사립학교법령상 교비회계자금을 다른 용도에 사용한 경우, 그 자체로 횡령죄가 성립하는지?",
      "answer": "긍정"
    }
  ],
  "Summary": [
    {
      "summ_contxt": "타인으로부터 용도가 엄격히 제한된 자금을 위탁받아 집행하면서 그 제한된 용도 이외의 목적으로 자금을 사용하는 것은 그 사용이 개인적인 목적에서 비롯된 경우는 물론 결과적으로 자금을 위탁한 본인을 위하는 면이 있더라도 그 사용행위 자체로서 불법영득의 의사를 실현한 것이 되어 횡령죄가 성립하는바, 사립학교법 제29조 및 같은 법 시행령에 의해 학교법인의 회계는 학교회계와 법인회계로 구분되고 학교회계 중 특히 교비회계에 속하는 수입은 다른 회계에 전출하거나 대여할 수 없는 등 용도가 엄격히 제한되어 있으므로 교비회계자금을 다른 용도에 사용하였다면 그 자체로서 횡령죄가 성립한다.",
      "summ_pass": "타인으로부터 용도가 엄격히 제한된 자금을 위탁받아 집행하면서 그 제한된 용도 이외의 목적으로 자금을 사용하는 것은 그 사용이 개인적인 목적에서 비롯된 경우는 물론 결과적으로 자금을 위탁한 본인을 위하는 면이 있더라도 그 사용행위 자체로서 불법영득의 의사를 실현한 것이 되어 횡령죄가 성립하는바, 학교회계 중 교비회계는 용도가 엄격히 제한되어 있으므로 다른 용도에 사용하였다면 횡령죄가 성립한다."
    }
  ],
  "keyword_tagg": [
    {
      "id": 1,
      "keyword": "사립학교"
    },
    {
      "id": 2,
      "keyword": "교비회계"
    },
    {
      "id": 3,
      "keyword": "횡령"
    },
    {
      "id": 4,
      "keyword": "학교법인"
    },
    {
      "id": 5,
      "keyword": "불법영득의 의사"
    }
  ],
  "Reference_info": {
    "reference_rules": "형법 제355조 제1항, 제356조, 구 사립학교법(2013. 1. 23. 법률 제11622호로 개정되기 전의 것) 제29조, 사립학교법 시행령 제13조",
    "reference_court_case": "대법원 2002. 5. 10. 선고 2001도1779 판결(공2002하, 1448), 대법원 2003. 5. 30. 선고 2002도235 판결(공2003하, 1489), 대법원 2012. 5. 10. 선고 2011도12408 판결(공2012상, 1046)"
  },
  "Class_info": {
    "class_name": "형사A(생활형)",
    "instance_name": "횡령"
  }
}