{
  "info": {
    "id": 43014187,
    "dataType": "판결문",
    "caseNm": "횡령(중간생략등기형 명의신탁에서 신탁부동산의 임의 처분 사건)",
    "caseTitle": "대법원 2016. 5. 19. 선고 2014도6992 전원합의체 판결",
    "courtType": "판례(대법원)",
    "courtNm": "대법원",
    "judmnAdjuDe": "2016-05-19",
    "caseNoID": "2014도6992",
    "caseNo": "2014도6992"
  },
  "jdgmn": "명의신탁자가 매수한 부동산에 관하여 부동산 실권리자명의 등기에 관한 법률을 위반하여 명의수탁자와 맺은 명의신탁약정에 따라 매도인에게서 바로 명의수탁자 명의로 소유권이전등기를 마친 이른바 중간생략등기형 명의신탁을 한 경우, 명의수탁자가 명의신탁자의 재물을 보관하는 자인지 여부(소극) 및 명의수탁자가 신탁받은 부동산을 임의로 처분하면 명의신탁자에 대한 관계에서 횡령죄가 성립하는지 여부(소극)",
  "jdgmnInfo": [
    {
      "question": "명의신탁자가 매수한 부동산에 관하여 부동산 실권리자명의 등기에 관한 법률을 위반하여 명의수탁자와 맺은 명의신탁약정에 따라 매도인에게서 바로 명의수탁자 명의로 소유권이전등기를 마친 중간생략등기형 명의신탁을 한 경우, 명의수탁자가 신탁받은 부동산을 임의로 처분하면 명의신탁자에 대한 관계에서 횡령죄가 성립하는지?",
      "answer": "부정"
    }
  ],
  "Summary": [
    {
      "summ_contxt": "명의신탁자가 매수한 부동산에 관하여 부동산실명법을 위반하여 명의수탁자와 맺은 명의신탁약정에 따라 매도인에게서 바로 명의수탁자 명의로 소유권이전등기를 마친 이른바 중간생략등기형 명의신탁을 한 경우, 명의신탁자는 신탁부동산의 소유권을 가지지 아니하고, 명의신탁자와 명의수탁자 사이에 위탁신임관계를 인정할 수도 없다. 따라서 명의수탁자가 명의신탁자의 재물을 보관하는 자라고 할 수 없으므로, 명의수탁자가 신탁받은 부동산을 임의로 처분하여도 명의신탁자에 대한 관계에서 횡령죄가 성립하지 아니한다.",
      "summ_pass": "명의신탁자가 취득한 부동산에 관하여 부동산실명법을 위반하여 명의수탁자와 맺은 명의신탁약정에 따라 증여자로부터 바로 명의수탁자 명의로 소유권이전등기를 마친 중간생략등기형 명의신탁의 경우, 명의수탁자는 명의신탁자의 재물을 보관하는 자가 아니므로 신탁받은 부동산을 임의로 처분하여도 명의신탁자에 대한 관계에서 횡령죄가 성립하지 않는다."
    }
  ],
  "keyword_tagg": [
    {
      "id": 1,
      "keyword": "횡령"
    },
    {
      "id": 2,
      "keyword": "재물을 보관하는 자"
    },
    {
      "id": 3,
      "keyword": "중간생략등기형 명의신탁"
    }
  ],
  "Reference_info": {
    "reference_rules": "형법 제355조 제1항, 부동산 실권리자명의 등기에 관한 법률 제1조, 제3조 제1항, 제4조, 제7조 제1항 제1호, 제2항",
    "reference_court_case": "대법원 2001. 11. 27. 선고 2000도3463 판결(공2002상, 220)(폐기), 대법원 2002. 2. 22. 선고 2001도6209 판결(공2002상, 833)(폐기), 대법원 2002. 8. 27. 선고 2002도2926 판결(공2002하, 2371)(폐기), 대법원 2003. 5. 16. 선고 2002도619 판결(폐기), 대법원 2003. 10. 10. 선고 2003도3516 판결, 대법원 2005. 3. 24. 선고 2004도1789 판결(폐기), 대법원 2005. 9. 9. 선고 2003도4828 판결, 대법원 2006. 1. 12. 선고 2005도7610 판결, 대법원 2007. 6. 28. 선고 2006다48632 판결(폐기), 대법원 2008. 2. 29. 선고 2007도11029 판결(폐기), 대법원 2008. 4. 10. 선고 2008도1033 판결(폐기), 대법원 2010. 1. 28. 선고 2009도1884 판결(폐기), 대법원 2010. 5. 13. 선고 2009도1373 판결(공2010상, 1177), 대법원 2010. 6. 24. 선고 2009도9242 판결(공2010하, 1521), 대법원 2010. 9. 30. 선고 2010도8556 판결(폐기)"
  },
  "Class_info": {
    "class_name": "형사A(생활형)",
    "instance_name": "횡령"
  }
}