{
  "info": {
    "id": 43014250,
    "dataType": "판결문",
    "caseNm": "군인등강제추행·추행·폭행",
    "caseTitle": "대법원 2014. 12. 24. 선고 2014도13529 판결",
    "courtType": "판례(대법원)",
    "courtNm": "대법원",
    "judmnAdjuDe": "2014-12-24",
    "caseNoID": "2014도13529",
    "caseNo": "2014도13529"
  },
  "jdgmn": "[1] 군형법상 군인등강제추행죄가 형법상 강제추행죄에 대해 가중처벌되는 죄로서 성폭력범죄의 처벌 등에 관한 특례법 제2조 제2항, 제1항 제3호에 의한 성폭력범죄에 포함되는지 여부(적극) 및 위 특례법 제42조 제1항에 의한 등록대상 성범죄에 해당하는지 여부(적극)\n[2] 법원이 유죄판결을 선고하면서 신상정보 제출의무 등의 고지를 누락한 경우, 당해 법원 또는 상급심 법원이 적법한 내용으로 다시 고지할 수 있는지 여부(적극) 및 상급심 법원에서 신상정보 제출의무 등을 새로 고지하는 경우, 형을 피고인에게 불리하게 변경하는 것인지 여부(소극)",
  "jdgmnInfo": [
    {
      "question": "군형법상 군인등강제추행죄가 형법상 강제추행죄에 대해 가중처벌되는 죄로서 성폭력범죄의 처벌 등에 관한 특례법 제2조 제2항, 제1항 제3호에 의한 성폭력범죄에 포함되는가?",
      "answer": "긍정"
    }
  ],
  "Summary": [
    {
      "summ_contxt": "군형법상 강제추행의 죄가 군인을 상대로 한 성폭력범죄를 가중처벌하기 위한 것으로서 형법상 강제추행의 죄와 본질적인 차이가 없어 이를 성폭력처벌법상 성폭력범죄에서 제외할 합리적인 이유가 없는 점, 군인등강제추행의 죄는 행위주체가 군형법 제1조에 규정된 자로 제한되고 행위객체가 군형법 제1조 제1항 내지 제3항에 규정된 자로 제한되는 점 외에 형법상 강제추행의 죄와 행위태양이 동일한 점 등을 종합하여 보면, 군인등강제추행의 죄는 형법상 강제추행의 죄에 대하여 가중처벌하는 죄로서 성폭력처벌법 제2조 제2항, 제1항 제3호에 의한 성폭력범죄에 포함된다고 보아야 하고, 따라서 성폭력처벌법 제42조 제1항에 의한 등록대상 성범죄에 해당한다고 할 것이다.",
      "summ_pass": "군인등강제추행의 죄는 형법상 강제추행의 죄에 대하여 가중처벌하는 죄로서 성폭력처벌법 제2조 제2항, 제1항 제3호에 의한 성폭력범죄에 포함된다고 보아야 하고, 따라서 성폭력처벌법 제42조 제1항에 의한 등록대상 성범죄에 해당한다고 할 것이다."
    }
  ],
  "keyword_tagg": [
    {
      "id": 1,
      "keyword": "군형법"
    },
    {
      "id": 2,
      "keyword": "성폭력"
    },
    {
      "id": 3,
      "keyword": "군인등강제추행"
    }
  ],
  "Reference_info": {
    "reference_rules": "[1] 형법 제298조, 구 군형법(2013. 4. 5. 법률 제11734호로 개정되기 전의 것) 제92조의2(현행 제92조의3 참조), 군형법 제1조, 제92조의3, 성폭력범죄의 처벌 등에 관한 특례법 제2조 제1항 제3호, 제2항, 제42조 제1항 [2] 성폭력범죄의 처벌 등에 관한 특례법 제2조 제1항 제3호, 제2항, 제42조 제1항, 제2항, 제43조, 형사소송법 제368조, 제399조",
    "reference_court_case": "[2] 대법원 2014. 2. 13. 선고 2013도14610 판결, 대법원 2014. 11. 13. 선고 2014도3564 판결(공2014하, 2396)"
  },
  "Class_info": {
    "class_name": "형사A(생활형)",
    "instance_name": "성폭력"
  }
}