{
  "info": {
    "id": 38016788,
    "dataType": "판결문",
    "caseNm": "폭력행위등처벌에관한법률위반(집단·흉기등폭행), 상해, 배상명령신청",
    "caseTitle": "제주지방법원 2015. 1. 28. 선고 2014고단1379 판결",
    "courtType": "판례(하급심)",
    "courtNm": "제주지방법원",
    "judmnAdjuDe": "2015-01-28",
    "caseNoID": "2014고단1379",
    "caseNo": "2014고단1379"
  },
  "jdgmn": "",
  "jdgmnInfo": [
    {
      "question": "배상책임의 범위가 명확하지 않은 경우에 배상명령을 하는 것이 타당한가?",
      "answer": "부정"
    }
  ],
  "Summary": [
    {
      "summ_contxt": "위험한 물건인 맥주컵을 손에 들고 피해자의 얼굴을 향해 던져 폭행하였다. 피해자의 엉덩이 부위를 걷어차는 등 피해자에게 약 2주간의 치료를 필요로 하는 상세불명의 뇌진탕 등의 상해를 가하였다. 피고인을 징역 6월에 처한다. 다만, 이 판결 확정일부터 2년간 위 형의 집행을 유예한다. 배상신청인의 배상명령신청은 배상책임의 범위가 명확하지 않은 경우에 해당하여 배상명령을 하는 것이 타당하지 아니하므로 소송촉진 등에 관한 특례법 제32조 제1항 제3호, 제25조 제3항 제3호에 따라 이를 각하하기로 한다.",
      "summ_pass": "위험한 물건인 맥주컵을 손에 들고 피해자의 얼굴을 향해 던져 폭행하였다. 피해자에게 약 2주간의 치료를 필요로 하는 상해를 가하였다. 피고인을 징역 6월에 처한다. 다만, 이 판결 확정일부터 2년간 위 형의 집행을 유예한다. 배상신청인의 배상명령신청은 배상책임의 범위가 명확하지 않은 경우에 해당하여 배상명령을 하는 것이 타당하지 않다."
    }
  ],
  "keyword_tagg": [
    {
      "id": 1,
      "keyword": "배상명령신청"
    }
  ],
  "Reference_info": {
    "reference_rules": "폭력 행위 등 처벌에 관한 법률 제3조 제1항, 제2조 제1항 제1호, 형법 제260조 제1항",
    "reference_court_case": ""
  },
  "Class_info": {
    "class_name": "형사A(생활형)",
    "instance_name": "폭력행위"
  }
}