{
  "info": {
    "id": 43013964,
    "dataType": "판결문",
    "caseNm": "사기미수·사문서위조·위조사문서행사",
    "caseTitle": "대법원 2014. 9. 26. 선고 2014도8076 판결",
    "courtType": "판례(대법원)",
    "courtNm": "대법원",
    "judmnAdjuDe": "2014-09-26",
    "caseNoID": "2014도8076",
    "caseNo": "2014도8076"
  },
  "jdgmn": "법원을 기망하여 직계혈족 관계에 있는 제3자로부터 재물을 편취한 경우, 사기죄의 범인에 대하여 형을 면제하여야 하는지 여부(적극)",
  "jdgmnInfo": [
    {
      "question": "법원을 기망하여 제3자로부터 재물을 편취한 경우 법원은 피해자가 될 수 없고 편취당한 제3자가 피해자라 할 것이므로 피해자인 제3자가 직계혈족 관계에 있을 때에는 형법 제328조 제1항(친족간의 범행과 고소) 규정이 적용되는지?",
      "answer": "긍정"
    }
  ],
  "Summary": [
    {
      "summ_contxt": "사기죄의 보호법익은 재산권이라고 할 것이므로 사기죄에 있어서는 재산상의 권리를 가지는 자가 아니면 피해자가 될 수 없다. 그러므로 법원을 기망하여 제3자로부터 재물을 편취한 경우에 피기망자인 법원은 피해자가 될 수 없고 재물을 편취당한 제3자가 피해자라고 할 것이므로 피해자인 제3자와 사기죄를 범한 자가 직계혈족의 관계에 있을 때에는 그 범인에 대하여는 형법 제354조에 의하여 준용되는 형법 제328조 제1항에 의하여 그 형을 면제하여야 할 것이다(대법원 1976. 4. 13. 선고 75도781 판결 참조).",
      "summ_pass": "사기죄는 재산상의 권리를 가지는 자가 피해자가 되므로 법원을 기망하여 제3자로부터 재물을 편취한 경우 재물을 편취당한 제3자가 피해자가 된다. 피해자인 제3자와 사기죄를 범한 자가 직계혈족이라면 형법 제354조에 의하여 준용되는 형법 제328조 제1항에 의해 형을 면제하여야 한다."
    }
  ],
  "keyword_tagg": [
    {
      "id": 1,
      "keyword": "직계혈족"
    },
    {
      "id": 2,
      "keyword": "사기죄"
    },
    {
      "id": 3,
      "keyword": "기망"
    },
    {
      "id": 4,
      "keyword": "재산권"
    }
  ],
  "Reference_info": {
    "reference_rules": "형법 제328조 제1항, 제347조, 제354조",
    "reference_court_case": "대법원 1976. 4. 13. 선고 75도781 판결(공1976, 9136)"
  },
  "Class_info": {
    "class_name": "형사A(생활형)",
    "instance_name": "사기"
  }
}