{
  "info": {
    "id": 43014276,
    "dataType": "판결문",
    "caseNm": "약사법위반",
    "caseTitle": "대법원 2014. 3. 27. 선고 2014도1200 판결",
    "courtType": "판례(대법원)",
    "courtNm": "대법원",
    "judmnAdjuDe": "2014-03-27",
    "caseNoID": "2014도1200",
    "caseNo": "2014도1200"
  },
  "jdgmn": "형사재판에서 관련 형사사건의 확정판결에서 인정된 사실의 증명력",
  "jdgmnInfo": [
    {
      "question": "형사재판에서 관련 형사사건의 확정판결에서 인정된 사실은 특별한 사정이 없는 한 유력한 증거자료가 되나?",
      "answer": "긍정"
    },
    {
      "question": "형사재판에서 관련 형사사건의 확정판결에서 인정된 사실이 증거자료로 되는 경우, 당해 형사재판에서 제출된 다른 증거 내용에 비추어 관련 형사사건의 확정판결에서의 사실판단을 그대로 채택하기 어렵다고 인정될 경우에는 이를 배척할 수 있는가?",
      "answer": "긍정"
    }
  ],
  "Summary": [
    {
      "summ_contxt": "형사재판에서 이와 관련된 다른 형사사건의 확정판결에서 인정된 사실은 특별한 사정이 없는 한 유력한 증거자료가 되는 것이나, 당해 형사재판에서 제출된 다른 증거 내용에 비추어 관련 형사사건의 확정판결에서의 사실판단을 그대로 채택하기 어렵다고 인정될 경우에는 이를 배척할 수 있다.",
      "summ_pass": "형사재판에서 관련 형사사건의 확정판결에서 인정된 사실은 원칙적으로 유력 증거이나, 사실판단을 그대로 채택하기 어려운 경우 이를 배척할 수 있다."
    }
  ],
  "keyword_tagg": [
    {
      "id": 1,
      "keyword": "형사재판"
    },
    {
      "id": 2,
      "keyword": "관련 형사사건"
    },
    {
      "id": 3,
      "keyword": "확정판결"
    },
    {
      "id": 4,
      "keyword": "사실판단"
    }
  ],
  "Reference_info": {
    "reference_rules": "형사소송법 제307조, 제308조",
    "reference_court_case": "대법원 2002. 10. 25. 선고 2002도3328 판결, 대법원 2012. 6. 14. 선고 2011도15653 판결(공2012하, 1256)"
  },
  "Class_info": {
    "class_name": "형사A(생활형)",
    "instance_name": "수사절차"
  }
}