{
  "info": {
    "id": 38015022,
    "dataType": "판결문",
    "caseNm": "특정범죄가중처벌등에관한법률위반(절도)·준강도",
    "caseTitle": "서울고등법원 2014. 11. 28. 선고 2014노2129 판결 : 확정",
    "courtType": "판례(하급심)",
    "courtNm": "서울고등법원",
    "judmnAdjuDe": "2014-11-28",
    "caseNoID": "2014노2129",
    "caseNo": "2014노2129"
  },
  "jdgmn": "절도죄 등으로 세 번 이상 징역형을 받은 피고인이, 다시 甲과 합동하여 피해자들의 재물을 절취하고, 그 과정에서 체포를 면탈할 목적으로 피해자들을 폭행하여 특정범죄 가중처벌 등에 관한 법률 제5조의4 제5항에서 정한 절도죄와 준강도죄의 죄수(罪數)가 문제 된 사안에서, 두 죄가 상상적 경합의 관계에 있다고 한 사례",
  "jdgmnInfo": [
    {
      "question": "특가법 절도행위와 준강도행위를 서로 구별되는 법익을 침해하는 각각 별개의 행위로 보기 어렵고, 엄밀하게 볼 때 피고인의 행위를 하나의 행위로 볼 수 없으나 하나의 절도행위를 매개로 해서 두 죄의 구성요건을 충족한 경우에 결국 두 죄는 상상적 경합의 관계에 있다 할 수 있는가?",
      "answer": "긍정"
    }
  ],
  "Summary": [
    {
      "summ_contxt": "피고인이 형법 제335조의 준강도죄의 책임만 져야한다는 주장은 받아들일 수 없다. 특가법 절도죄를 범한 사람이 형법 제335조, 제333조의 준강도행위를 한 경우 준강도죄만이 성립된다고 본다면, 특가법 절도죄에 대하여 무기징역형까지 선고될 수 있도록 한 입법자의 의사가 일부 배제되는 결과가 되므로 부당하기 때문이다.\n엄밀하게 보자면 비록 피고인 1의 행위를 하나의 행위라고는 볼 수 없지만, 하나의 절도행위를 매개로 해서 위 두 죄의 구성요건을 충족한 것으로 볼 수 있으므로, 결국 위 두 죄는 상상적 경합의 관계에 있다고 평가하는 것이 타당하다. 상상적 경합은 수개의 죄의 구성요건을 충족하는 행위가 완전히 같을 것을 요하지 않고 그것이 부분적으로 일치하는 경우에도 가능하기 때문이다.",
      "summ_pass": "비록 피고인 1의 행위를 하나의 행위라고는 볼 수 없지만, 하나의 절도행위를 매개로 해서 위 두 죄의 구성요건을 충족한 것으로 볼 수 있으므로, 결국 위 두 죄는 상상적 경합의 관계에 있다고 평가하는 것이 타당하다. 상상적 경합은 수개의 죄의 구성요건을 충족하는 행위가 완전히 같을 것을 요하지 않고 그것이 부분적으로 일치하는 경우에도 가능하기 때문이다."
    }
  ],
  "keyword_tagg": [
    {
      "id": 1,
      "keyword": "준강도"
    },
    {
      "id": 2,
      "keyword": "절도죄"
    }
  ],
  "Reference_info": {
    "reference_rules": "형법 제40조, 제331조 제2항, 제333조, 제335조, 특정범죄 가중처벌 등에 관한 법률 제5조의4 제1항, 제5항",
    "reference_court_case": ""
  },
  "Class_info": {
    "class_name": "형사A(생활형)",
    "instance_name": "절도"
  }
}