{
  "info": {
    "id": 50180430,
    "dataType": "판결문",
    "caseNm": "살인미수",
    "caseTitle": "서울고등법원 2014. 6. 19., 선고, 2014노238, 판결",
    "courtType": "판례(하급심)",
    "courtNm": "서울고등법원",
    "judmnAdjuDe": "2014-06-19",
    "caseNoID": "2014노238",
    "caseNo": "2014노238"
  },
  "jdgmn": "",
  "jdgmnInfo": [
    {
      "question": "법원에서 피고인이 국민참여재판을 원하는지에 관한 의사의 확인절차를 거치지 아니한 채 통상의 공판절차로 재판을 진행하였다면 위법인가?",
      "answer": "긍정"
    }
  ],
  "Summary": [
    {
      "summ_contxt": "위와 같이 국민참여재판의 실시 여부는 일차적으로 피고인의 의사에 따라 결정되므로 국민참여재판 대상사건의 공소제기가 있으면 법원은 피고인에 대하여 국민참여재판을 원하는지 여부에 관한 의사를 서면 등의 방법으로 반드시 확인하여야 하고(법 제8조 제1항), 이를 위해 공소장 부본과 함께 피고인 또는 변호인에게 국민참여재판의 절차, 법 제8조 제2항에 따른 서면의 제출, 법 제8조 제4항에 따른 의사번복의 제한, 그 밖의 주의사항이 기재된 국민참여재판에 관한 안내서를 송달하여야 한다(규칙 제3조 제1항). 만일 이러한 규정에도 불구하고 법원에서 피고인이 국민참여재판을 원하는지에 관한 의사의 확인절차를 거치지 아니한 채 통상의 공판절차로 재판을 진행하였다면, 이는 피고인의 국민참여재판을 받을 권리에 대한 중대한 침해로서 그 절차는 위법하고 이러한 위법한 공판절차에서 이루어진 소송행위도 무효라고 보아야 한다(대법원 2012. 4. 26. 선고 2012도1225 판결 참조).",
      "summ_pass": "법원에서 피고인이 국민참여재판을 원하는지에 관한 의사의 확인절차를 거치지 아니한 채 통상의 공판절차로 재판을 진행하였다면, 이는 피고인의 국민참여재판을 받을 권리에 대한 중대한 침해로서 그 절차는 위법하고 이러한 위법한 공판절차에서 이루어진 소송행위도 무효라고 보아야 한다."
    }
  ],
  "keyword_tagg": [
    {
      "id": 1,
      "keyword": "재판을 받을 권리"
    }
  ],
  "Reference_info": {
    "reference_rules": "",
    "reference_court_case": ""
  },
  "Class_info": {
    "class_name": "형사A(생활형)",
    "instance_name": "살인미수"
  }
}