{
  "info": {
    "id": 56208176,
    "dataType": "판결문",
    "caseNm": "특정경제범죄가중처벌등에관한법률위반(횡령)·특정경제범죄가중처벌등에관한법률위반(배임)[일부예비적죄명:특정경제범죄가중처벌등에관한법률위반(횡령)]",
    "caseTitle": "서울고등법원 2014. 11. 28., 선고, 2014노412, 판결",
    "courtType": "판례(하급심)",
    "courtNm": "서울고등법원",
    "judmnAdjuDe": "2014-11-28",
    "caseNoID": "2014노412",
    "caseNo": "2014노412"
  },
  "jdgmn": "",
  "jdgmnInfo": [
    {
      "question": "타인이 단순히 채무초과 상태에 있다는 이유만으로는 그에,대한 지급보증 또는 연대보증이 곧 회사에 대하여 배임행위가 된다고 단정할 수 없다고 봄이 정당한가?",
      "answer": "긍정"
    }
  ],
  "Summary": [
    {
      "summ_contxt": "업무상배임죄가 성립하려면 주관적 요건으로서 임무위배의 인식과 그로 인하여 자기 또는 제3자가 이익을 취득하고 본인에게 손해를 가한다는 인식, 즉 배임의 고의가 있어야 하고, 회사의 대표이사가 타인의 채무를 회사 이름으로 지급보증 또는 연대보증함에 있어 그 타인이 만성적인 적자로 손실액이나 채무액이 누적되어 가고 있는 등 재무구조가 상당히 불량하여 이미 채무변제능력을 상실한 관계로 그를 위하여 지급보증 또는 연대보증을 할 경우에 회사에 손해가 발생할 것이라는 점을 알면서도 이에 나아갔다면 그러한 지급보증 또는 연대보증은 회사에 대하여 배임행위가 된다고 할 것이나, 그 타인이 단순히 채무초과 상태에 있다는 이유만으로는 그러한 지급보증 또는 연대보증이 곧 회사에 대하여 배임행위가 된다고 단정할 수 없다.",
      "summ_pass": "지급보증 또는 연대보증함에 있어 그 타인이 만성적인 적자로 손실액이나 채무액이 누적되어 가고 있는 등 재무구조가 상당히 불량하여 이미 채무변제능력을 상실한 관계로 그를 위하여 지급보증 또는 연대보증을 할 경우에 회사에 손해가 발생할 것이라는 점을 알면서도 이에 나아갔다면 그러한 지급보증 또는 연대보증은 회사에 대하여 배임행위가 된다고 할 것이나, 그 타인이 단순히 채무초과 상태에 있다는 이유만으로는 그러한 지급보증 또는 연대보증이 곧 회사에 대하여 배임행위가 된다고 단정할 수 없다."
    }
  ],
  "keyword_tagg": [
    {
      "id": 1,
      "keyword": "채무초과 상태"
    }
  ],
  "Reference_info": {
    "reference_rules": "",
    "reference_court_case": ""
  },
  "Class_info": {
    "class_name": "형사A(생활형)",
    "instance_name": "특정경제범죄가중처벌등에관한법률위반"
  }
}