{
  "info": {
    "id": 56525105,
    "dataType": "판결문",
    "caseNm": "특정범죄가중처벌등에관한법률위반(조세)·특정경제범죄가중처벌등에관한법률위반(횡령)[일부인정된죄명특정경제범죄가중처벌등에관한법률위반(배임)]·특정경제범죄가중처벌등에관한법률위반(배임)",
    "caseTitle": "서울고등법원 2014. 9. 12., 선고, 2014노668, 판결",
    "courtType": "판례(하급심)",
    "courtNm": "서울고등법원",
    "judmnAdjuDe": "2014-09-12",
    "caseNoID": "2014노668",
    "caseNo": "2014노668"
  },
  "jdgmn": "",
  "jdgmnInfo": [
    {
      "question": "동일한 과세물건에 대하여 별도의 세목에서 이를 부과대상으로 열거하고 있다고 하더라도 그것만으로 바로 해당 규정이 중복과세금지의 원칙에 당연 위반이라고 봄이 정당한가?",
      "answer": "부정"
    }
  ],
  "Summary": [
    {
      "summ_contxt": "현행 헌법은 동일한 과세물건에 대하여 중복과세를 금지하는 취지의 명문 규정을 두고 있지 않으므로 동일한 과세물건에 대하여 별도의 세목에서 이를 부과대상으로 열거하고 있다고 하더라도 그것만으로 바로 해당 규정이 중복과세금지의 원칙에 위반하기 때문에 헌법위반이 된다고 볼 것은 아니고, 그 중복과세로 인하여 국민의 재산권, 평등권을 침해하는 경우에 위헌이 된다고 볼 여지가 있을 것이다.",
      "summ_pass": "그것만으로 바로 해당 규정이 중복과세금지의 원칙에 위반하기 때문에 헌법위반이 된다고 볼 것은 아니고, 그 중복과세로 인하여 국민의 재산권, 평등권을 침해하는 경우에 위헌이 된다고 볼 여지가 있을 것이다."
    }
  ],
  "keyword_tagg": [
    {
      "id": 1,
      "keyword": "평등 원칙 위반"
    }
  ],
  "Reference_info": {
    "reference_rules": "",
    "reference_court_case": ""
  },
  "Class_info": {
    "class_name": "형사A(생활형)",
    "instance_name": "특정범죄가중처벌등에관한법률위반"
  }
}