{
  "info": {
    "id": 42017117,
    "dataType": "판결문",
    "caseNm": "업무방해·퇴거불응",
    "caseTitle": "대법원 2020. 9. 3. 선고 2015도1927 판결",
    "courtType": "판례(대법원)",
    "courtNm": "대법원",
    "judmnAdjuDe": "2020-09-03",
    "caseNoID": "2015도1927",
    "caseNo": "2015도1927"
  },
  "jdgmn": "[1] 수급인 소속 근로자의 쟁의행위가 도급인의 사업장에서 일어나 도급인의 형법상 보호되는 법익을 침해한 경우, 사용자인 수급인에 대한 관계에서 쟁의행위의 정당성을 갖추었다는 사정만으로 사용자가 아닌 도급인에 대한 관계에서까지 법령에 의한 정당한 행위로서 법익 침해의 위법성이 조각되는지 여부(소극) / 사용자인 수급인에 대한 정당성을 갖춘 쟁의행위가 도급인의 사업장에서 이루어져 형법상 보호되는 도급인의 법익을 침해하였더라도 형법 제20조의 ‘사회상규에 위배되지 아니하는 행위’로서 위법성이 조각되는 경우 및 이러한 경우에 해당하는지 판단하는 기준\n[2] 사용자가 쟁의행위 기간 중 당해 사업과 관계없는 자를 쟁의행위로 중단된 업무의 수행을 위하여 채용 또는 대체하는 경우, 쟁의행위에 참가한 근로자들이 위법한 대체근로를 저지하기 위하여 상당한 정도의 실력을 행사하는 것이 정당행위로서 위법성이 조각되는지 여부(적극) 및 위법한 대체근로를 저지하기 위한 실력 행사가 사회통념에 비추어 용인될 수 있는 행위로서 정당행위에 해당하는지 판단하는 방법",
  "jdgmnInfo": [
    {
      "question": "사용자가 쟁의행위 기간 중 당해 사업과 관계없는 자를 쟁의행위로 중단된 업무의 수행을 위하여 채용 또는 대체하는 경우, 쟁의행위에 참가한 근로자들이 위법한 대체근로를 저지하기 위하여 상당한 정도의 실력을 행사하는 것이 정당행위로서 위법성이 조각되는가?",
      "answer": "긍정"
    }
  ],
  "Summary": [
    {
      "summ_contxt": "사용자는 쟁의행위 기간 중 그 쟁의행위로 중단된 업무의 수행을 위하여 당해 사업과 관계없는 자를 채용 또는 대체할 수 없다(노동조합 및 노동관계조정법 제43조 제1항). 사용자가 당해 사업과 관계없는 자를 쟁의행위로 중단된 업무의 수행을 위하여 채용 또는 대체하는 경우, 쟁의행위에 참가한 근로자들이 위법한 대체근로를 저지하기 위하여 상당한 정도의 실력을 행사하는 것은 쟁의행위가 실효를 거둘 수 있도록 하기 위하여 마련된 위 규정의 취지에 비추어 정당행위로서 위법성이 조각된다. 위법한 대체근로를 저지하기 위한 실력 행사가 사회통념에 비추어 용인될 수 있는 행위로서 정당행위에 해당하는지는 그 경위, 목적, 수단과 방법, 그로 인한 결과 등을 종합적으로 고려하여 구체적인 사정 아래서 합목적적·합리적으로 고찰하여 개별적으로 판단하여야 한다.",
      "summ_pass": "사용자가 당해 사업과 관계없는 자를 쟁의행위로 중단된 업무의 수행을 위하여 채용 또는 대체하는 경우, 쟁의행위에 참가한 근로자들이 위법한 대체근로를 저지하기 위하여 상당한 정도의 실력을 행사하는 것은 쟁의행위가 실효를 거둘 수 있도록 하기 위하여 마련된 위 규정의 취지에 비추어 정당행위로서 위법성이 조각된다."
    }
  ],
  "keyword_tagg": [
    {
      "id": 1,
      "keyword": "쟁의행위"
    },
    {
      "id": 2,
      "keyword": "대체근로"
    }
  ],
  "Reference_info": {
    "reference_rules": "[1] 헌법 제33조 제1항, 제37조 제2항, 형법 제20조, 제314조 제1항, 제319조 제2항 / 노동조합 및 노동관계조정법 제4조 [2] 형법 제20조, 제314조 제1항 / 노동조합 및 노동관계조정법 제4조, 제43조 제1항",
    "reference_court_case": "[1] 대법원 2011. 3. 17. 선고 2007도482 전원합의체 판결(공2011상, 865) [2] 대법원 1992. 7. 14. 선고 91다43800 판결(공1992, 2385)"
  },
  "Class_info": {
    "class_name": "형사A(생활형)",
    "instance_name": "업무방해"
  }
}