{
  "info": {
    "id": 38015564,
    "dataType": "판결문",
    "caseNm": "강제추행·폭행",
    "caseTitle": "의정부지방법원 2016. 5. 17. 선고 2015노2213 판결 : 확정",
    "courtType": "판례(하급심)",
    "courtNm": "의정부지방법원",
    "judmnAdjuDe": "2016-05-17",
    "caseNoID": "2015노2213",
    "caseNo": "2015노2213"
  },
  "jdgmn": "피고인이 주점에서 회식을 하던 중 후배 여성 전공의 甲이 테이블에 엎드려 있는 틈에 자신의 얼굴을 甲의 얼굴에 가까이 들이대고 양손으로 甲의 머리를 만져 강제로 추행하였다는 내용으로 기소된 사안에서, 피고인의 행위는 추행에 해당하고 피고인에게 추행의 고의가 있었다고 한 사례",
  "jdgmnInfo": [
    {
      "question": "피고인이 주점에서 회식을 하던 중 후배 여성 전공의 甲이 테이블에 엎드려 있는 틈에 자신의 얼굴을 甲의 얼굴에 가까이 들이대고 양손으로 甲의 머리를 만져 강제로 추행하였다는 내용으로 기소된 사안에서, 피고인의 행위는 추행에 해당하고 피고인에게 추행의 고의가 있었다고 할 수 있는가?",
      "answer": "긍정"
    }
  ],
  "Summary": [
    {
      "summ_contxt": "1) ‘추행’이란 객관적으로 일반인에게 성적 수치심이나 혐오감을 일으키게 하고 선량한 성적 도덕관념에 반하는 행위로서 피해자의 성적 자유를 침해하는 것이고, 이에 해당하는지는 피해자의 의사, 성별, 연령, 행위자와 피해자의 이전부터의 관계, 행위에 이르게 된 경위, 구체적 행위태양, 주위의 객관적 상황과 그 시대의 성적 도덕관념 등을 종합적으로 고려하여 신중히 결정되어야 한다(대법원 2013. 9. 26. 선고 2013도5856 판결 참조).\n2) 원심 및 당심이 적법하게 채택하여 조사한 증거들에 의하여 인정되는 다음과 같은 사정들 즉, ① 피해자는 만 26세의 여성으로 2년차 전공의였고, 피고인은 3년차 전공의로서 피해자의 상급자였는바, 피고인과 피해자는 6개월간 함께 일을 해야 하는 사이였던 점(공판기록 제54쪽 참조), ② 피고인은 이 사건이 발생하기 전에도 피해자의 가슴을 만진 전력이 있었던 점(공판기록 제60쪽 참조).",
      "summ_pass": "‘추행’이란 객관적으로 일반인에게 성적 수치심이나 혐오감을 일으키게 하고 선량한 성적 도덕관념에 반하는 행위로서 피해자의 성적 자유를 침해하는 것이고, 이에 해당하는지는 피해자의 의사, 성별, 연령, 행위자와 피해자의 이전부터의 관계, 행위에 이르게 된 경위, 구체적 행위태양, 주위의 객관적 상황과 그 시대의 성적 도덕관념 등을 종합적으로 고려하여 신중히 결정되어야 한다."
    }
  ],
  "keyword_tagg": [
    {
      "id": 1,
      "keyword": "성적 수치심"
    }
  ],
  "Reference_info": {
    "reference_rules": "형법 제13조, 제298조",
    "reference_court_case": ""
  },
  "Class_info": {
    "class_name": "형사A(생활형)",
    "instance_name": "폭행"
  }
}