{
  "info": {
    "id": 38016778,
    "dataType": "판결문",
    "caseNm": "강도상해등",
    "caseTitle": "서울고등법원 춘천 2015. 12. 16. 선고 2015노183 판결",
    "courtType": "판례(하급심)",
    "courtNm": "서울고등법원 춘천",
    "judmnAdjuDe": "2015-12-16",
    "caseNoID": "2015노183",
    "caseNo": "2015노183"
  },
  "jdgmn": "",
  "jdgmnInfo": [
    {
      "question": "피고인이 위험한 물건을 휴대하여 피해자를 폭행한 사실 자체를 모두 인정하였고, 피고인도 위 사실을 다투고 있지 않음으로 이 부분 공소사실을 특수폭행죄로 인정하여도 피고인의 방어권 행사에 실질적인 불이익을 초래할 염려가 있는가?",
      "answer": "부정"
    }
  ],
  "Summary": [
    {
      "summ_contxt": "법원은 심리의 경과에 비추어 피고인의 방어권 행사에 실질적인 불이익을 초래할 염려가 없는 때에는 공소장 변경 없이도 공소사실의 동일성을 인정할 수 있는 범위에서 직권으로 공소사실과 다른 범죄사실을 인정할 수 있고, 이러한 경우 공소를 제기한 범죄사실과 대비하여 볼 때 실제 인정할 수 있는 범죄사실의 사안이 중대하여 공소장 변경이 없다는 이유만으로 이를 처벌하지 않는다면 적정절차에 의한 신속한 실체적 진실의 발견이라는 형사소송의 목적에 비추어 현저히 정의와 형평에 반하는 경우라면 직권으로 그 범죄사실을 인정하여야 한다(대법원 2006. 4. 13. 선고 2005도9268 판결 등 참조). 앞서 본 바와 같이 원심 판결 중 피고인에 대한 폭력행위등처벌에관한법률(집단·흉기등폭행)의 점은 파기하여야 하나, 이는 이 부분 공소사실의 적용법조가 위헌임에 근거한 것이며, 이에 적용할 수 있는 다른 법률조항이 있고 그 대체 법률조항의 적용이 피고인의 방어권 행사에 실질적인 불이익을 초래할 염려가 없다면 공소장 변경이 없어도 이를 적용할 수 있다. 원심은 그 채택 증거들에 의하여 피고인이 위험한 물건을 휴대하여 피해자를 폭행한 사실 자체를 모두 인정하였고, 피고인도 위 사실을 다투고 있지 않다. 따라서 이 부분 공소사실을 특수폭행죄(형법 제261조, 제260조 제1항)로 인정하여도 피고인의 방어권 행사에 실질적인 불이익을 초래할 염려가 없다. 판결을 파기한다. 피고인을 징역 4년에 처한다.",
      "summ_pass": "원심 판결 중 피고인에 대한 폭력행위등처벌에관한법률(집단·흉기등폭행)의 점은 파기하여야 하나, 이는 이 부분 공소사실의 적용법조가 위헌임에 근거한 것이며, 이에 적용할 수 있는 다른 법률조항이 있고 그 대체 법률조항의 적용이 피고인의 방어권 행사에 실질적인 불이익을 초래할 염려가 없다면 공소장 변경이 없어도 이를 적용할 수 있다. 판결을 파기한다. 피고인을 징역 4년에 처한다."
    }
  ],
  "keyword_tagg": [
    {
      "id": 1,
      "keyword": "폭력행위등처벌에관한법률"
    },
    {
      "id": 2,
      "keyword": "피고인의 방어권 행사"
    }
  ],
  "Reference_info": {
    "reference_rules": "형법 제261조, 제260조 제1항",
    "reference_court_case": ""
  },
  "Class_info": {
    "class_name": "형사A(생활형)",
    "instance_name": "강도"
  }
}