{
  "info": {
    "id": 42017192,
    "dataType": "판결문",
    "caseNm": "배임",
    "caseTitle": "대법원 2020. 6. 4. 선고 2015도6057 판결",
    "courtType": "판례(대법원)",
    "courtNm": "대법원",
    "judmnAdjuDe": "2020-06-04",
    "caseNoID": "2015도6057",
    "caseNo": "2015도6057"
  },
  "jdgmn": "[1] 배임죄에서 ‘타인의 사무’를 처리한다는 것의 의미\n[2] 주권발행 전 주식에 대한 양도계약에서 양도인이 양수인으로 하여금 회사 이외의 제3자에게 대항할 수 있도록 확정일자 있는 증서에 의한 양도통지 또는 승낙을 갖추어 주지 아니하고 위 주식을 다른 사람에게 처분한 경우, 배임죄가 성립하는지 여부(소극)",
  "jdgmnInfo": [
    {
      "question": "주권발행 전 주식에 대한 양도계약에서 양도인이 양수인으로 하여금 회사 이외의 제3자에게 대항할 수 있도록 확정일자 있는 증서에 의한 양도통지 또는 승낙을 갖추어 주지 아니하고 주식을 다른 사람에게 처분한 경우, 배임죄가 성립하는가?",
      "answer": "부정"
    }
  ],
  "Summary": [
    {
      "summ_contxt": "주권발행 전 주식의 양도는 양도인과 양수인의 의사표시만으로 효력이 발생한다. 그 주식 양수인은 특별한 사정이 없는 한 양도인의 협력을 받을 필요 없이 단독으로 자신이 주식을 양수한 사실을 증명함으로써 회사에 대하여 명의개서를 청구할 수 있다. 따라서 양도인이 양수인으로 하여금 회사 이외의 제3자에게 대항할 수 있도록 확정일자 있는 증서에 의한 양도통지 또는 승낙을 갖추어 주어야 할 채무를 부담한다 하더라도 이는 자기의 사무라고 보아야 하고, 이를 양수인과의 신임관계에 기초하여 양수인의 사무를 맡아 처리하는 것으로 볼 수 없다. 그러므로 주권발행 전 주식에 대한 양도계약에서의 양도인은 양수인에 대하여 그의 사무를 처리하는 지위에 있지 아니하여, 양도인이 위와 같은 제3자에 대한 대항요건을 갖추어 주지 아니하고 이를 타에 처분하였다 하더라도 형법상 배임죄가 성립하는 것은 아니다.",
      "summ_pass": "주권발행 전 주식에 대한 양도계약에서의 양도인은 양수인에 대하여 그의 사무를 처리하는 지위에 있지 아니하여, 양도인이 위와 같은 제3자에 대한 대항요건을 갖추어 주지 아니하고 이를 타에 처분하였다 하더라도 형법상 배임죄가 성립하는 것은 아니다."
    }
  ],
  "keyword_tagg": [
    {
      "id": 1,
      "keyword": "주식"
    },
    {
      "id": 2,
      "keyword": "대항요건"
    }
  ],
  "Reference_info": {
    "reference_rules": "[1] 형법 제355조 제2항 [2] 형법 제355조 제2항",
    "reference_court_case": "[1] 대법원 2011. 1. 20. 선고 2008도10479 전원합의체 판결(공2011상, 482), 대법원 2014. 8. 21. 선고 2014도3363 전원합의체 판결(공2014하, 1923), 대법원 2020. 2. 20. 선고 2019도9756 전원합의체 판결(공2020상, 723) [2] 대법원 2019. 4. 25. 선고 2017다21176 판결(공2019상, 1170)"
  },
  "Class_info": {
    "class_name": "형사A(생활형)",
    "instance_name": "배임"
  }
}