{
  "info": {
    "id": 42017419,
    "dataType": "판결문",
    "caseNm": "성폭력범죄의처벌등에관한특례법위반(통신매체이용음란)",
    "caseTitle": "대법원 2016. 3. 10. 선고 2015도17847 판결",
    "courtType": "판례(대법원)",
    "courtNm": "대법원",
    "judmnAdjuDe": "2016-03-10",
    "caseNoID": "2015도17847",
    "caseNo": "2015도17847"
  },
  "jdgmn": "전화, 우편, 컴퓨터나 그 밖에 일반적으로 통신매체라고 인식되는 수단을 이용하지 아니한 채 직접 상대방에게 말, 글, 물건 등을 도달하게 하는 행위를 성폭력범죄의 처벌 등에 관한 특례법 제13조로 처벌할 수 있는지 여부(소극)",
  "jdgmnInfo": [
    {
      "question": "전화, 우편, 컴퓨터나 그 밖에 일반적으로 통신매체라고 인식되는 수단을 이용하지 아니한 채 직접 상대방에게 말, 글, 물건 등을 도달하게 하는 행위를 성폭력범죄의 처벌 등에 관한 특례법 제13조로 처벌할 수 있나요?",
      "answer": "부정"
    }
  ],
  "Summary": [
    {
      "summ_contxt": "성폭력처벌법 제13조는 “자기 또는 다른 사람의 성적 욕망을 유발하거나 만족시킬 목적으로 전화, 우편, 컴퓨터, 그 밖의 통신매체를 통하여 성적 수치심이나 혐오감을 일으키는 말, 음향, 글, 그림, 영상 또는 물건을 상대방에게 도달하게 한 사람은 2년 이하의 징역 또는 500만 원 이하의 벌금에 처한다.”고 규정하고 있다. 위 규정 문언에 의하면, 위 규정은 자기 또는 다른 사람의 성적 욕망을 유발하는 등의 목적으로 ‘전화, 우편, 컴퓨터나 그 밖에 일반적으로 통신매체라고 인식되는 수단을 이용하여’ 성적 수치심 등을 일으키는 말, 글, 물건 등을 상대방에게 전달하는 행위를 처벌하고자 하는 것임이 문언상 명백하므로, 위와 같은 통신매체를 이용하지 아니한 채 ‘직접’ 상대방에게 말, 글, 물건 등을 도달하게 하는 행위까지 포함하여 위 규정으로 처벌할 수 있다고 보는 것은 법문의 가능한 의미의 범위를 벗어난 해석으로서 실정법 이상으로 그 처벌 범위를 확대하는 것이라 하지 않을 수 없다. 피고인은 공소사실 기재와 같은 성적 수치심 등을 일으키는 내용의 이 사건 각 편지를 자신이 직접 공소외인의 주거지 출입문에 끼워 넣음으로써 공소외인에게 도달하게 한 사실을 알 수 있는바, 그렇다면 피고인이 ‘전화, 우편, 컴퓨터, 그 밖 통신매체를 통하여’ 이 사건 각 편지를 공소외인에게 도달하게 한 것이라고 할 수 없으므로 앞서 본 법리에 따라 피고인의 각 행위를 성폭력처벌법 제13조에 의하여 처벌할 수는 없다고 할 것이다. 그럼에도 원심은 피고인의 이 사건 각 행위를 성폭력처벌법 제13조로 처벌할 수 있음을 전제로 하여 이 사건 공소사실을 유죄로 인정하였는바, 이는 성폭력처벌법 제13조의 해석에 관한 법리를 오해하여 판단을 그르친 것이다.",
      "summ_pass": "피고인은 공소사실 기재와 같은 성적 수치심 등을 일으키는 내용의 이 사건 각 편지를 자신이 직접 공소외인의 주거지 출입문에 끼워 넣음으로써 공소외인에게 도달하게 한 사실을 알 수 있는바, 그렇다면 피고인이 ‘전화, 우편, 컴퓨터, 그 밖 통신매체를 통하여’ 이 사건 각 편지를 공소외인에게 도달하게 한 것이라고 할 수 없으므로 앞서 본 법리에 따라 피고인의 각 행위를 성폭력처벌법 제13조에 의하여 처벌할 수는 없다고 할 것이다. 그럼에도 원심은 피고인의 이 사건 각 행위를 성폭력처벌법 제13조로 처벌할 수 있음을 전제로 하여 이 사건 공소사실을 유죄로 인정하였는바, 이는 성폭력처벌법 제13조의 해석에 관한 법리를 오해하여 판단을 그르친 것이다."
    }
  ],
  "keyword_tagg": [
    {
      "id": 1,
      "keyword": "성적 수치심이나 혐오감"
    },
    {
      "id": 2,
      "keyword": "공소사실 기재"
    }
  ],
  "Reference_info": {
    "reference_rules": "헌법 제12조 제1항, 형법 제1조 제1항, 성폭력범죄의 처벌 등에 관한 특례법 제13조",
    "reference_court_case": ""
  },
  "Class_info": {
    "class_name": "형사A(생활형)",
    "instance_name": "성폭력"
  }
}