{
  "info": {
    "id": 42016962,
    "dataType": "판결문",
    "caseNm": "재심인용결정에대한재항고",
    "caseTitle": "대법원 2019. 3. 21.자 2015모3796 결정",
    "courtType": "판례(대법원)",
    "courtNm": "대법원",
    "judmnAdjuDe": "2019-03-21",
    "caseNoID": "2015모3796",
    "caseNo": "2015모3796"
  },
  "jdgmn": "1950년 당시 피고인이 헌병과 경찰 등의 국민보도연맹원 소집에 응하여 갔다가 체포되어 형무소에 수용된 후 계엄고등군법회의에서 구 국방경비법 제32조 위반죄로 사형을 선고받고 사망하였는데, 그 후 피고인의 유족이 위 유죄의 확정판결에 대하여 재심을 청구한 사안에서, 경찰 등 공무원이 피고인을 체포·감금한 행위는 법원이 발부한 사전 또는 사후 영장 없이 이루어진 것으로서 구 형법 제194조의 특별공무원 직권남용죄에 해당하고, 위 죄는 공소시효가 완성하여 형사소송법 제422조의 ‘확정판결을 얻을 수 없는 때’에 해당하므로 위 재심대상판결에 형사소송법 제420조 제7호, 제422조에서 정한 재심사유가 있다고 본 원심결정이 정당하다고 한 사례",
  "jdgmnInfo": [
    {
      "question": "경찰 등 공무원이 1950년 당시 헌병과 경찰 등의 국민보도연맹원 소집에 응한 피고인을 체포·감금한 행위는 법원이 발부한 사전 또는 사후 영장 없이 이루어진 것으로서 구 형법 제194조의 특별공무원 직권남용죄에 해당하여 형사소송법 제420조 제7호, 제422조에서 정한 재심사유가 있는가?",
      "answer": "긍정"
    }
  ],
  "Summary": [
    {
      "summ_contxt": "경찰 등 공무원이 1950년 당시 헌병과 경찰 등의 국민보도연맹원 소집에 응한 피고인을 체포·감금한 행위는 제헌헌법과 「형사소송법의 개정」(1948. 3. 20. 군정법령 제176호로 제정되어 1948. 4. 1. 시행된 것)에 정해진 인신구속에 관한 규정을 위반하여 법원이 발부한 사전 또는 사후 영장 없이 이루어진 것이다. 이는 구 형법[구 조선형사령(1912. 3. 18. 제령 제11호, 폐지) 제1조 제1호에 따라 의용되던 일본 형법(1941년 법률 제61호)] 제194조의 특별공무원 직권남용죄에 해당한다. 따라서 재심대상판결 중 피고인에 대한 부분은 형사소송법 제420조 제7호, 제422조에서 정한 재심사유가 있다.",
      "summ_pass": "경찰 등 공무원이 1950년 당시 헌병과 경찰 등의 국민보도연맹원 소집에 응한 피고인을 체포·감금한 행위는 구 형법 제194조의 특별공무원 직권남용죄에 해당하므로, 재심대상판결 중 피고인에 대한 부분은 형사소송법 제420조 제7호, 제422조에서 정한 재심사유가 있다."
    }
  ],
  "keyword_tagg": [
    {
      "id": 1,
      "keyword": "국민보도연맹"
    },
    {
      "id": 2,
      "keyword": "직권남용"
    },
    {
      "id": 3,
      "keyword": "재심사유"
    }
  ],
  "Reference_info": {
    "reference_rules": "구 헌법(1952. 7. 7. 헌법 제2호로 개정되기 전의 것, 제헌헌법) 제9조(현행 제12조 참조), 구 국방경비법(1962. 1. 20. 법률 제1004호 군법회의법 부칙 제6조로 폐지) 제32조, 구 형법(1953. 9. 18. 법률 제293호 형법의 제정으로 폐지) 제194조(현행형법 제124조 참조), 구 형사소송법(1954. 9. 23. 법률 제341호 형사소송법이 제정되기 전의 것) 제3조(현행 제200조의2, 제200조의3, 제201조, 제212조 참조), 제6조(현행 제200조의2 제5항, 제200조의4, 제213조의2 참조), 구 형사소송법(2007. 12. 21. 법률 제8730호로 개정되기 전의 것) 제249조 제1항 제4호, 형사소송법 제420조 제7호, 제422조, 부칙(2007. 12. 21.) 제3조",
    "reference_court_case": ""
  },
  "Class_info": {
    "class_name": "형사A(생활형)",
    "instance_name": "재항고"
  }
}