{
  "info": {
    "id": 38016782,
    "dataType": "판결문",
    "caseNm": "폭력행위등처벌에관한법률위반(집단·흉기등상해), 업무방해, 재물손괴, 폭행, 폭력행위등처벌에관한법률위반(집단·흉기등협박, 인정된 죄명 특수협박)",
    "caseTitle": "서울북부지방법원 2015. 11. 18. 선고 2015노1632 판결",
    "courtType": "판례(하급심)",
    "courtNm": "서울북부지방법원",
    "judmnAdjuDe": "2015-11-18",
    "caseNoID": "2015노1632",
    "caseNo": "2015노1632"
  },
  "jdgmn": "",
  "jdgmnInfo": [
    {
      "question": "공소장에 변경된 부분과 나머지 부분은 형법 제37조 전단의 경합범 관계에 있다면 피고인에게 단일한 형을 선고하여야 하는가?",
      "answer": "긍정"
    }
  ],
  "Summary": [
    {
      "summ_contxt": "원심판시 2015고단2571 사건의 공소장에 관하여 죄명과 적용법조를 변경하는 공소장변경허가신청을 하였고, 당원이 이를 허가함으로써 심판대상이 변경되었다. 그리고 변경된 부분과 나머지 부분은 형법 제37조 전단의 경합범 관계에 있고, 피고인에게는 단일한 형을 선고함이 마땅하다. 이점에서 원심판결은 파기를 면할 수 없다.\n원심판결을 파기한다. 피고인을 징역 3년에 처한다.",
      "summ_pass": "변경된 부분과 나머지 부분은 형법 제37조 전단의 경합범 관계에 있고, 피고인에게는 단일한 형을 선고함이 마땅하다. 이점에서 원심판결은 파기를 면할 수 없다. 원심판결을 파기한다. 피고인을 징역 3년에 처한다."
    }
  ],
  "keyword_tagg": [
    {
      "id": 1,
      "keyword": "경합범 관계"
    },
    {
      "id": 2,
      "keyword": "공소장변경허가신청"
    }
  ],
  "Reference_info": {
    "reference_rules": "형법 제314조 제1항, 제366조, 폭력행위 등처벌에 관한 법률 제3조 제1항, 제2조 제1항 제3호",
    "reference_court_case": ""
  },
  "Class_info": {
    "class_name": "형사A(생활형)",
    "instance_name": "폭력행위"
  }
}