{
  "info": {
    "id": 42017384,
    "dataType": "판결문",
    "caseNm": "지방교육자치에관한법률위반",
    "caseTitle": "대법원 2016. 12. 27. 선고 2015도14375 판결",
    "courtType": "판례(대법원)",
    "courtNm": "대법원",
    "judmnAdjuDe": "2016-12-27",
    "caseNoID": "2015도14375",
    "caseNo": "2015도14375"
  },
  "jdgmn": "[1] 공직선거법 제250조 제2항에서 정한 허위사실공표죄를 적용할 때 소문 기타 다른 사람의 말을 전달하는 형식이나 의혹을 제기하는 형식을 빌려서 ‘어떤 사실’을 공표한 경우, 공표사실이 허위인지 판단하는 방법\n[2] 공직선거 후보자에 관한 의혹 제기가 진실인 것으로 믿을 만한 상당한 이유가 있는 근거에 기초하여 이루어진 경우, 이를 벌할 수 있는지 여부(소극)\n[3] 선고유예에 관하여 형법 제51조의 사항과 개전의 정상이 현저한지에 대한 원심판단의 당부를 상고심이 심판할 수 있는지 여부(소극)",
  "jdgmnInfo": [
    {
      "question": "공직선거 후보자에 관한 의혹 제기가 진실인 것으로 믿을 만한 상당한 이유가 있는 근거에 기초하여 이루어진 경우, 이를 벌할 수 있나요?",
      "answer": "부정"
    },
    {
      "question": "선고유예에 관하여 형법 제51조의 사항과 개전의 정상이 현저한지에 대한 원심판단의 당부를 상고심이 심판할 수 있나요?",
      "answer": "부정"
    }
  ],
  "Summary": [
    {
      "summ_contxt": "형법 제51조의 사항과 개전의 정상이 현저한지 여부에 관한 사항은 형의 양정에 관한 법원의 재량사항에 속한다고 해석되므로, 상고심으로서는 형사소송법 제383조 제4호에 의하여 사형·무기 또는 10년 이상의 징역·금고가 선고된 사건에서 형의 양정의 당부에 관한 상고이유를 심판하는 경우가 아닌 이상, 선고유예에 관하여 형법 제51조의 사항과 개전의 정상이 현저한지 여부에 대한 원심판단의 당부를 심판할 수 없다(대법원 2003. 2. 20. 선고 2001도6138 전원합의체 판결 참조). 따라서 검사의 2차 공표에 대한 상고이유 주장은 원심이 행한 형의 양정이 부당함을 들어 원심판결을 비난하는 것에 불과하므로 받아들일 수 없다. 원심은 판시와 같은 이유로, 피고인이 2차 공표를 통하여 ‘공소외 1이 공천 탈락 당시 미국 영주권을 보유하고 있었고, 그 사실을 다른 사람에게 말하고 다녔 다’는 사실을 공표하였고, 그 공표된 사실이 허위라는 점에 대한 미필적 고의와 낙선의 목적도 있었다고 인정하여, 2차 공표 부분을 유죄로 인정한 제1심의 판단을 그대로 유지하였다. 원심판결 이유를 적법하게 채택된 증거에 비추어 살펴보면, 위와 같은 원심의 판단에 상고이유 주장과 같이 논리와 경험의 법칙을 위반하여 사실을 오인하거나, 공직선거법에서 정한 허위사실공표죄에서의 사실의 공표, 허위의 인식, 당선되지 못하게 할 목적 등에 관한 법리를 오해한 잘못이 있다고 할 수 없다.",
      "summ_pass": "원심은 판시와 같은 이유로, 피고인이 2차 공표를 통하여 ‘공소외 1이 공천 탈락 당시 미국 영주권을 보유하고 있었고, 그 사실을 다른 사람에게 말하고 다녔 다’는 사실을 공표하였고, 그 공표된 사실이 허위라는 점에 대한 미필적 고의와 낙선의 목적도 있었다고 인정하여, 2차 공표 부분을 유죄로 인정한 제1심의 판단을 그대로 유지하였다. 원심판결 이유를 적법하게 채택된 증거에 비추어 살펴보면, 위와 같은 원심의 판단에 상고이유 주장과 같이 논리와 경험의 법칙을 위반하여 사실을 오인하거나, 공직선거법에서 정한 허위사실공표죄에서의 사실의 공표, 허위의 인식, 당선되지 못하게 할 목적 등에 관한 법리를 오해한 잘못이 있다고 할 수 없다."
    }
  ],
  "keyword_tagg": [
    {
      "id": 1,
      "keyword": "당선되지 못하게 할 목적"
    },
    {
      "id": 2,
      "keyword": "형의 양정이 부당"
    }
  ],
  "Reference_info": {
    "reference_rules": "[1] 지방교육자치에 관한 법률 제49조 제1항, 공직선거법 제250조 제2항 [2] 헌법 제21조, 지방교육자치에 관한 법률 제49조 제1항, 공직선거법 제250조 제2항 [3] 형법 제51조, 제59조 제1항, 형사소송법 제383조 제4호",
    "reference_court_case": "[1] 대법원 2002. 4. 10.자 2001모193 결정(공2002상, 1295), 대법원 2007. 7. 27. 선고 2007도3598 판결 [2][3] 대법원 2003. 2. 20. 선고 2001도6138 전원합의체 판결(공2003상, 876) [2] 대법원 2007. 7. 13. 선고 2007도2879 판결(공2007하, 1332), 대법원 2011. 12. 22. 선고 2008도11847 판결(공2012상, 200)"
  },
  "Class_info": {
    "class_name": "형사A(생활형)",
    "instance_name": "지방교육자치에관한법률위반"
  }
}