{
  "info": {
    "id": 43014235,
    "dataType": "판결문",
    "caseNm": "업무상배임·사기",
    "caseTitle": "대법원 2015. 3. 26. 선고 2015도1301 판결",
    "courtType": "판례(대법원)",
    "courtNm": "대법원",
    "judmnAdjuDe": "2015-03-26",
    "caseNoID": "2015도1301",
    "caseNo": "2015도1301"
  },
  "jdgmn": "채무자가 투자금반환채무의 변제를 위하여 담보로 제공한 임차권 등의 권리를 그대로 유지할 계약상 의무가 배임죄에서 말하는 ‘타인의 사무’에 해당하는지 여부(소극)",
  "jdgmnInfo": [
    {
      "question": "채무자가 투자금반환채무의 변제를 위하여 담보로 제공한 임차권 등의 권리를 그대로 유지할 계약상 의무가 배임죄에서 말하는 ‘타인의 사무’에 해당하는가?",
      "answer": "부정"
    }
  ],
  "Summary": [
    {
      "summ_contxt": "채무자가 투자금반환채무의 변제를 위하여 담보로 제공한 임차권 등의 권리를 그대로 유지할 계약상 의무가 있다고 하더라도, 이는 기본적으로 투자금반환채무의 변제의 방법에 관한 것이고, 성실한 이행에 의하여 채권자가 계약상 권리의 만족이라는 이익을 얻는다고 하여도 이를 가지고 통상의 계약에서의 이익대립관계를 넘어서 배임죄에서 말하는 신임관계에 기초하여 채권자의 재산을 보호 또는 관리하여야 하는 ‘타인의 사무’에 해당한다고 볼 수 없다.",
      "summ_pass": "채무자가 담보로 제공한 임차권 등의 유지 의무는 투자금 반환채무의 변제 방법에 관한 것이며, 이로 인한 채권자의 이익 만족이 있더라도, 이것이 배임죄에서 요구하는 ‘타인의 사무’의 관리 또는 보호의 의무를 수반한다고 볼 수 없다."
    }
  ],
  "keyword_tagg": [
    {
      "id": 1,
      "keyword": "채무자"
    },
    {
      "id": 2,
      "keyword": "투자금반환채무"
    },
    {
      "id": 3,
      "keyword": "이익대립관계"
    }
  ],
  "Reference_info": {
    "reference_rules": "형법 제355조 제2항",
    "reference_court_case": "대법원 2014. 8. 21. 선고 2014도3363 전원합의체 판결(공2014하, 1923)"
  },
  "Class_info": {
    "class_name": "형사A(생활형)",
    "instance_name": "배임"
  }
}