{
  "info": {
    "id": 38016625,
    "dataType": "판결문",
    "caseNm": "폭력행위등처벌에관한법률위반(집단·흉기등상해), 업무방해, 재물손괴, 폭행, 폭력행위등처벌에관한법률위반(집단·흉기등협박)(인정된 죄명 특수협박)",
    "caseTitle": "대법원 2016. 3. 24. 선고 2015도18638 판결",
    "courtType": "판례(대법원)",
    "courtNm": "대법원",
    "judmnAdjuDe": "2016-03-24",
    "caseNoID": "2015도18638",
    "caseNo": "2015도18638"
  },
  "jdgmn": "",
  "jdgmnInfo": [
    {
      "question": "개정이전의 법의 규정을 근거로 피고인에게 가중처벌 할 수 있는가?",
      "answer": "부정"
    }
  ],
  "Summary": [
    {
      "summ_contxt": "원심은 이 사건 공소사실 중 피고인이 위험한 물건인 소주병을 휴대하여 피해자 L에게 상해를 가한 행위에 대하여 구 폭력행위 등 처벌에 관한 법률(2016. 1. 6. 법률 제13718호로 개정되기 전의 것, 이하 ‘구 폭력행위처벌법’이라 한다) 제3조 제1항, 제2조 제1항 제3호, 형법 제257조 제1항을 적용하여 유죄로 판단하였다. 그런데 2016. 1. 6. 법률 제13718호로 개정·시행된 폭력행위 등 처벌에 관한 법률에는 제3조 제1항이 삭제되고, 같은 날 법률 제13719호로 개정·시행된 형법에는 구 폭력행위처벌법의 위 개정에 따른 처벌의 공백을 방지하고자 제258조의2(특수상해)가 신설되어 그 제1항에서 \"단체 또는 다중의 위력을 보이거나 위험한 물건을 휴대하여 제257조 제1항 또는 제2항의 죄를 범한 때에는 1년 이상 10년 이하의 징역에 처한다.\"라고 규정하였다. 이와 같이 형법 제257조 제1항의 가중적 구성요건을 규정하고 있던 구 폭력행위처벌법 제3조 제1항을 삭제하는 대신에 위와 같은 구성요건을 형법 제258조의2 제1항에 신설하면서 그 법정형을 구 폭력행위처벌법 제3조 제1항보다 낮게 규정한 것은, 위 가중적 구성요건의 표지가 가지는 일반적인 위험성을 고려하더라도 개별 범죄의 범행경위, 구체적인 행위태양과 법익침해의 정도 등이 매우 다양함에도 불구하고 일률적으로 3년 이상의 유기징역으로 가중 처벌하도록 한 종전의 형벌규정이 과중하다는 데에서 나온 반성적 조치라고 보아야 할 것이므로, 이는 형법 제1조 제2항의 ‘범죄 후 법률의 변경에 의하여 형이 구법보다 경한 때’에 해당한다. 이 사건 공소사실 중 피고인이 위험한 물건인 소주병을 휴대하여 피해자 L에게 상해를 가한 행위는 형법 제1조 제2항에 따라 행위시법인 구 폭력행위처벌법의 규정에 의해 가중 처벌할 수 없고 신법인 형법 제258조의2 제1항으로 처벌할 수 있을 뿐이므로, 구 폭력행위처벌법의 규정을 적용한 원심판결은 더 이상 유지할 수 없게 되었다. 원심판결을 파기하고, 사건을 서울북부지방법원 합의부에 환송한다.",
      "summ_pass": "형법 제257조 제1항의 가중적 구성요건을 규정하고 있던 구 폭력행위처벌법 제3조 제1항을 삭제하는 대신에 위와 같은 구성요건을 형법 제258조의2 제1항에 신설하면서 그 법정형을 구 폭력행위처벌법 제3조 제1항보다 낮게 규정한 것은, 위 가중적 구성요건의 표지가 가지는 일반적인 위험성을 고려하더라도 개별 범죄의 범행경위, 구체적인 행위태양과 법익침해의 정도 등이 매우 다양함에도 불구하고 일률적으로 3년 이상의 유기징역으로 가중 처벌하도록 한 종전의 형벌규정이 과중하다는 데에서 나온 반성적 조치라고 보아야 할 것이므로, 이는 형법 제1조 제2항의 ‘범죄 후 법률의 변경에 의하여 형이 구법보다 경한 때’에 해당한다. 그렇다면 이 사건 공소사실 중 피고인이 위험한 물건인 소주병을 휴대하여 피해자 L에게 상해를 가한 행위는 형법 제1조 제2항에 따라 행위시법인 구 폭력행위처벌법의 규정에 의해 가중 처벌할 수 없고 신법인 형법 제258조의2 제1항으로 처벌할 수 있다. 원심판결을 파기하고, 사건을 서울북부지방법원 합의부에 환송한다."
    }
  ],
  "keyword_tagg": [
    {
      "id": 1,
      "keyword": "폭력행위 등 처벌에 관한 법률"
    },
    {
      "id": 2,
      "keyword": "위험한 물건 휴대"
    }
  ],
  "Reference_info": {
    "reference_rules": "형법 제258조의2 제1항",
    "reference_court_case": ""
  },
  "Class_info": {
    "class_name": "형사A(생활형)",
    "instance_name": "폭력행위"
  }
}