{
  "info": {
    "id": 43014202,
    "dataType": "판결문",
    "caseNm": "특수절도미수·특수절도(일부인정된죄명:야간건조물침입절도)·야간주거침입절도(일부인정된죄명:야간건조물침입절도·절도·건조물침입)·야간주거침입절도미수(인정된죄명:야간건조물침입절도미수)",
    "caseTitle": "대법원 2015. 10. 29. 선고 2015도7559 판결",
    "courtType": "판례(대법원)",
    "courtNm": "대법원",
    "judmnAdjuDe": "2015-10-29",
    "caseNoID": "2015도7559",
    "caseNo": "2015도7559"
  },
  "jdgmn": "[1] 형법 제331조 제1항에 정한 ‘손괴’의 의미\n[2] 피고인이 야간에 피해자들이 운영하는 식당의 창문과 방충망을 손괴하고 침입하여 현금을 절취하였다는 내용으로 형법 제331조 제1항의 특수절도로 기소된 사안에서, 피고인은 창문과 방충망을 창틀에서 분리하였을 뿐 물리적으로 훼손하여 효용을 상실하게 한 것은 아니라는 이유로 무죄를 인정한 사례",
  "jdgmnInfo": [
    {
      "question": "식당의 창문과 방충망을 창틀에서 분리하였을 뿐인 경우 형법 제331조 제1항 특수절도의 손괴에 해당한다고 보기 어려운지?",
      "answer": "긍정"
    }
  ],
  "Summary": [
    {
      "summ_contxt": "피고인이 야간에 피해자들이 운영하는 식당의 창문과 방충망을 손괴하고 침입하여 현금을 절취하였다는 내용으로 형법 제331조 제1항의 특수절도로 기소된 사안에서, 피고인은 창문과 방충망을 창틀에서 분리하였을 뿐 물리적으로 훼손하여 효용을 상실하게 한 것은 아니라는 이유로 무죄를 인정한 사례이다.",
      "summ_pass": "식당의 창문과 방충망을 창틀에서 분리하였을 뿐인 경우 형법 제331조 제1항 특수절도의 손괴에 해당하지 않는다."
    }
  ],
  "keyword_tagg": [
    {
      "id": 1,
      "keyword": "창문"
    },
    {
      "id": 2,
      "keyword": "방충망"
    },
    {
      "id": 3,
      "keyword": "손괴"
    },
    {
      "id": 4,
      "keyword": "특수절도"
    }
  ],
  "Reference_info": {
    "reference_rules": "[1] 형법 제330조, 제331조 제1항 [2] 형법 제331조 제1항, 형사소송법 제325조",
    "reference_court_case": "[1] 대법원 2004. 10. 15. 선고 2004도4505 판결(공2004하, 1902)"
  },
  "Class_info": {
    "class_name": "형사A(생활형)",
    "instance_name": "절도"
  }
}