{
  "info": {
    "id": 43014221,
    "dataType": "판결문",
    "caseNm": "특정범죄가중처벌등에관한법률위반(절도)(인정된죄명:상습야간주거침입절도)·사기·사기미수·여신전문금융업법위반",
    "caseTitle": "대법원 2015. 8. 27. 선고 2015도5381 판결",
    "courtType": "판례(대법원)",
    "courtNm": "대법원",
    "judmnAdjuDe": "2015-08-27",
    "caseNoID": "2015도5381",
    "caseNo": "2015도5381"
  },
  "jdgmn": "[1] 용의자의 인상착의 등에 의한 범인식별 절차에서 용의자 한 사람을 단독으로 목격자와 대질시키거나 용의자의 사진 한 장만을 목격자에게 제시하여 범인 여부를 확인하는 경우, 목격자 진술의 신빙성 정도\n[2] 형법 제330조의 야간주거침입절도죄에서 ‘야간에’의 의미",
  "jdgmnInfo": [
    {
      "question": "야간주거침입절도죄에 대하여 정하는 형법 제330조에서 ‘야간에’라고 함은 일몰 후부터 다음날 일출 전까지를 뜻하나?",
      "answer": "긍정"
    }
  ],
  "Summary": [
    {
      "summ_contxt": "일반적으로 용의자의 인상착의 등에 의한 범인식별 절차에서 용의자 한 사람을 단독으로 목격자와 대질시키거나 용의자의 사진 한 장만을 목격자에게 제시하여 범인 여부를 확인하게 하는 것은, 사람의 기억력의 한계 및 부정확성과 구체적인 상황하에서 그 용의자가 범인으로 의심받고 있다는 무의식적 암시를 목격자에게 줄 수 있는 가능성으로 인하여 그 신빙성이 낮다고 보아야 하나, 피해자의 진술 외에도 그 용의자를 범인으로 의심할 만한 다른 정황이 존재한다든가 하는 등의 부가적인 사정이 있는 경우에는 그와 달리 평가할 수 있다.",
      "summ_pass": "용의자의 인상착의 등에 의한 범인식별 절차에서 용의자 한 사람을 단독으로 목격자와 대질시키거나 용의자의 사진 한 장만을 목격자에게 제시하여 범인 여부를 확인하는 경우, 목격자 진술의 신빙성은 낮지만, 용의자에 대한 범인 의심 정황이 존재한다면 그와 달리 평가할 수 있다."
    }
  ],
  "keyword_tagg": [
    {
      "id": 1,
      "keyword": "용의자"
    },
    {
      "id": 2,
      "keyword": "인상착의"
    },
    {
      "id": 3,
      "keyword": "범인식별"
    },
    {
      "id": 4,
      "keyword": "사진"
    },
    {
      "id": 5,
      "keyword": "대질"
    },
    {
      "id": 6,
      "keyword": "신빙성"
    }
  ],
  "Reference_info": {
    "reference_rules": "[1] 형사소송법 제199조, 제308조 [2] 형법 제330조",
    "reference_court_case": "[1] 대법원 2008. 1. 17. 선고 2007도5201 판결(공2008상, 264), 대법원 2009. 6. 11. 선고 2008도12111 판결(공2009하, 1166)"
  },
  "Class_info": {
    "class_name": "형사A(생활형)",
    "instance_name": "절도"
  }
}