{
  "info": {
    "id": 43014016,
    "dataType": "판결문",
    "caseNm": "특정경제범죄가중처벌등에관한법률위반(사기)·사기·시설물의안전관리에관한특별법위반·뇌물공여",
    "caseTitle": "대법원 2021. 10. 14. 선고 2016도16343 판결",
    "courtType": "판례(대법원)",
    "courtNm": "대법원",
    "judmnAdjuDe": "2021-10-14",
    "caseNoID": "2016도16343",
    "caseNo": "2016도16343"
  },
  "jdgmn": "[1] 구 시설물의 안전관리에 관한 특별법 제9조의3에서 금지하는 ‘명의대여’의 의미 / 어떤 안전진단전문기관의 명의로 도급된 안전진단 용역의 전부 또는 대부분을 다른 사람이 맡아서 수행하였으나 안전진단전문기관 자신이 안전진단 용역에 실질적으로 관여할 의사로 수급하였고 용역 수행 과정에 실질적으로 관여하여 온 경우, 명의대여에 해당하는지 여부(소극) 및 이때 안전진단전문기관이 안전진단 용역의 수행에 실질적으로 관여하였는지 판단하는 기준\n[2] 사기죄의 성립 요건 / 사기죄의 주관적 구성요건인 불법영득의 의사 내지 편취의 범의 유무를 판단하는 기준 및 특히 도급계약에서 편취의 범의가 있었는지 판단하는 기준 시점(=계약 당시)과 판단 방법\n[3] 사기죄의 보호법익(=재산권) / 기망행위에 의하여 국가적 또는 공공적 법익이 침해되었다는 사정만으로 사기죄가 성립하는지 여부(소극) / 도급계약 당시 관련 영업 또는 업무를 규제하는 행정법규나 입찰 참가자격, 계약절차 등에 관한 규정을 위반한 사정만으로 도급계약을 체결한 행위가 기망행위에 해당한다고 단정할 수 있는지 여부(소극) 및 이때 심리·판단하여야 할 사항\n[4] 안전진단전문기관으로 등록된 甲 주식회사를 운영하는 피고인 乙이 안전진단 용역을 낙찰받으면 나머지 피고인들이 운영하는 독립채산 하도급 업체들에 도급금액의 약 60%로 하도급하기로 나머지 피고인들과 공모한 다음, 甲 회사 명의로 다수의 안전진단 용역 입찰에 참가하여 마치 甲 회사가 해당 용역을 수행할 것처럼 가장하여 안전진단 용역을 낙찰받은 후 위 하도급 업체들에 하도급을 주어 용역을 수행하게 하고 발주처로부터 용역대금을 교부받아 편취하였다는 내용으로 기소된 사안에서, 구 시설물의 안전관리에 관한 특별법상 하도급 제한 규정을 위반한 사정만으로 곧바로 사기죄의 보호법익인 재산권을 침해하였다고 단정할 수 없고, 검사가 제출한 증거만으로는 피고인들이 발주처로부터 용역대금을 지급받은 행위가 사기죄에서의 기망행위로 인한 재물의 편취에 해당한다고 보기 어렵다고 한 사례",
  "jdgmnInfo": [
    {
      "question": "어떤 안전진단전문기관의 명의로 도급된 안전진단 용역의 전부 또는 대부분을 다른 사람이 맡아서 수행하였으나 안전진단전문기관 자신이 안전진단 용역에 실질적으로 관여할 의사로 수급하였고 용역 수행 과정에 실질적으로 관여하여 온 경우, 구 시설물의 안전관리에 관한 특별법 제9조의3에서 금지하는 명의대여에 해당하는가?",
      "answer": "부정"
    }
  ],
  "Summary": [
    {
      "summ_contxt": "도급계약에서 편취에 의한 사기죄의 성립 여부는 계약 당시를 기준으로 피고인에게 일을 완성할 의사나 능력이 없음에도 피해자에게 일을 완성할 것처럼 거짓말을 하여 피해자로부터 일의 대가 등을 편취할 고의가 있었는지 여부에 의하여 판단하여야 한다.",
      "summ_pass": "도급계약에서 편취의 범의가 있었는지는 계약 당시를 기준으로 판단한다."
    }
  ],
  "keyword_tagg": [
    {
      "id": 1,
      "keyword": "도급계약"
    }
  ],
  "Reference_info": {
    "reference_rules": "[1] 구 시설물의 안전관리에 관한 특별법(2017. 1. 17. 법률 제14545호 시설물의 안전 및 유지관리에 관한 특별법으로 전부 개정되기 전의 것) 제9조의3(현행시설물의 안전 및 유지관리에 관한 특별법 제30조 참조), 제40조 제3호(현행시설물의 안전 및 유지관리에 관한 특별법 제65조 제1항 제9호 참조) [2] 형법 제13조, 제347조 [3] 형법 제347조 [4] 형법 제30조, 제347조 제1항 / 구 특정경제범죄 가중처벌 등에 관한 법률(2016. 1. 6. 법률 제13719호로 개정되기 전의 것) 제3조 제1항 제2호, 구 시설물의 안전관리에 관한 특별법(2017. 1. 17. 법률 제14545호 시설물의 안전 및 유지관리에 관한 특별법으로 전부 개정되기 전의 것) 제8조의3(현행시설물의 안전 및 유지관리에 관한 특별법 제27조 참조)",
    "reference_court_case": "[1] 대법원 2003. 5. 13. 선고 2002도7425 판결(공2003상, 1396), 대법원 2014. 6. 26. 선고 2013도967 판결(공2014하, 1515) [2][3] 대법원 2019. 12. 27. 선고 2015도10570 판결(공2020상, 399), 대법원 2020. 2. 6. 선고 2015도9130 판결 [2] 대법원 2008. 2. 28. 선고 2007도10416 판결(공2008상, 482), 대법원 2008. 4. 24. 선고 2007도9802 판결, 대법원 2014. 2. 27. 선고 2011도48 판결(공2014상, 793)"
  },
  "Class_info": {
    "class_name": "형사A(생활형)",
    "instance_name": "사기"
  }
}