{
  "info": {
    "id": 42017197,
    "dataType": "판결문",
    "caseNm": "사기(인정된 죄명: 사기방조)",
    "caseTitle": "대법원 2020. 5. 28. 선고 2016도2518 판결",
    "courtType": "판례(대법원)",
    "courtNm": "대법원",
    "judmnAdjuDe": "2020-05-28",
    "caseNoID": "2016도2518",
    "caseNo": "2016도2518"
  },
  "jdgmn": "[1] 제1심판결에 ‘판결에 이유를 붙이지 아니하거나 이유에 모순이 있는 때’의 잘못이 있는데도 원심판결이 이를 간과하여 제1심판결을 유지한 경우, 파기사유에 해당하는지 여부(적극)\n[2] 교사범, 방조범의 범죄사실을 적시하는 방법",
  "jdgmnInfo": [
    {
      "question": "제1심판결에 ‘판결에 이유를 붙이지 아니하거나 이유에 모순이 있는 때’의 잘못이 있는 경우, 직권조사사유에 해당하는가?",
      "answer": "긍정"
    }
  ],
  "Summary": [
    {
      "summ_contxt": "제1심판결에 형사소송법 제361조의5 제11호의 ‘판결에 이유를 붙이지 아니하거나 이유에 모순이 있는 때’의 잘못이 있는 경우에는 직권조사사유에 해당하므로 원심판결이 이를 간과하여 이러한 잘못이 있는 제1심판결을 유지하였다면 파기를 면할 수 없다(대법원 1973. 11. 6.자 73모70 결정, 대법원 2005. 9. 9. 선고 2005도3782 판결 참조).",
      "summ_pass": "제1심판결에 형사소송법 제361조의5 제11호의 ‘판결에 이유를 붙이지 아니하거나 이유에 모순이 있는 때’의 잘못이 있는 경우에는 직권조사사유에 해당하므로 원심판결이 이를 간과하여 이러한 잘못이 있는 제1심판결을 유지하였다면 파기를 면할 수 없다."
    }
  ],
  "keyword_tagg": [
    {
      "id": 1,
      "keyword": "직권조사사유"
    },
    {
      "id": 2,
      "keyword": "파기"
    }
  ],
  "Reference_info": {
    "reference_rules": "[1] 형사소송법 제323조 제1항, 제361조의5 제11호, 제364조 제2항 [2] 형법 제31조, 제32조, 형사소송법 제323조 제1항",
    "reference_court_case": "[1] 대법원 1973. 11. 6.자 73모70 결정(공1973, 7561), 대법원 2005. 9. 9. 선고 2005도3782 판결 [2] 대법원 1981. 11. 24. 선고 81도2422 판결(공1982, 89)"
  },
  "Class_info": {
    "class_name": "형사A(생활형)",
    "instance_name": "사기"
  }
}