{
  "info": {
    "id": 42017418,
    "dataType": "판결문",
    "caseNm": "폭력행위등처벌에관한법률위반(공동공갈)·폭력행위등처벌에관한법률위반(공동강요)·폭력행위등처벌에관한법률위반(공동공갈미수)",
    "caseTitle": "대법원 2016. 3. 24. 선고 2016도836 판결",
    "courtType": "판례(대법원)",
    "courtNm": "대법원",
    "judmnAdjuDe": "2016-03-24",
    "caseNoID": "2016도836",
    "caseNo": "2016도836"
  },
  "jdgmn": "법정형으로 징역형만 규정하고 있던 구 형법 제324조가 개정되어 벌금형이 추가된 것이 종전의 조치가 과중하다는 데에서 나온 반성적 조치로서 형법 제1조 제2항의 ‘범죄 후 법률의 변경에 의하여 형이 구법보다 경한 때’에 해당하는지 여부(적극)",
  "jdgmnInfo": [
    {
      "question": "법정형으로 징역형만 규정하고 있던 구 형법 제324조가 개정되어 벌금형이 추가된 것이 종전의 조치가 과중하다는 데에서 나온 반성적 조치로서 형법 제1조 제2항의 ‘범죄 후 법률의 변경에 의하여 형이 구법보다 경한 때’에 해당하나요?",
      "answer": "긍정"
    }
  ],
  "Summary": [
    {
      "summ_contxt": "구 형법 제324조는 “폭행 또는 협박으로 사람의 권리행사를 방해하거나 의무 없는 일을 하게 한 자는 5년 이하의 징역에 처한다.”라고 규정하였으나, 원심판결 선고 후 시행된 형법(2016. 1. 6. 법률 제13719호로 개정되어 같은 날 시행된 것) 제324조 제1항은 “폭행 또는 협박으로 사람의 권리행사를 방해하거나 의무 없는 일을 하게 한 자는 5년 이하의 징역 또는 3천만 원 이하의 벌금에 처한다.”라고 규정하여 벌금형이 법정형으로 추가되었다. 이는 강요 행위의 형태와 동기가 다양한데 죄질이 가벼운 강요 행위에 대하여도 반드시 징역형으로 처벌하도록 한 종전의 조치가 과중하다는 데에서 나온 반성적 조치라고 보이므로 형법 제1조 제2항의 ‘범죄 후 법률의 변경에 의하여 형이 구법보다 경한 때’에 해당한다. 그렇다면 이 사건 공소사실 중 피고인이 공소외인과 공동하여 피해자를 협박하여 의무 없는 일을 하게 한 행위는 형법 제1조 제2항에 따라 행위시법인 구 형법의 규정에 의하여 처벌할 수 없고 신법인 형법 제324조 제1항으로 처벌할 수 있을 뿐이므로, 구 형법 제324조 규정을 적용한 원심판결은 더 이상 유지할 수 없게 되었다. 피고인이 공소외인과 공동하여 피해자를 협박하여 의무 없는 일을 하게 한 행위는 형법 제1조 제2항에 따라 행위시법인 구 형법의 규정에 의하여 처벌할 수 없고 신법인 형법 제324조 제1항으로 처벌할 수 있을 뿐이므로, 구 형법 제324조 규정을 적용한 원심판결은 더 이상 유지할 수 없게 되었다. 한편, 원심은 피고인에 대한 위 부분 공소사실과 나머지 공소사실이 형법 제37조 전단의 경합범 관계에 있다는 이유로 하나의 형을 선고한 제1심판결을 그대로 유지하였으므로, 위 부분 공소사실뿐만 아니라 나머지 공소사실 부분도 함께 파기한다.",
      "summ_pass": "피고인이 공소외인과 공동하여 피해자를 협박하여 의무 없는 일을 하게 한 행위는 형법 제1조 제2항에 따라 행위시법인 구 형법의 규정에 의하여 처벌할 수 없고 신법인 형법 제324조 제1항으로 처벌할 수 있을 뿐이므로, 구 형법 제324조 규정을 적용한 원심판결은 더 이상 유지할 수 없게 되었다. 한편, 원심은 피고인에 대한 위 부분 공소사실과 나머지 공소사실이 형법 제37조 전단의 경합범 관계에 있다는 이유로 하나의 형을 선고한 제1심판결을 그대로 유지하였으므로, 위 부분 공소사실뿐만 아니라 나머지 공소사실 부분도 함께 파기한다."
    }
  ],
  "keyword_tagg": [
    {
      "id": 1,
      "keyword": "경합범 관계"
    },
    {
      "id": 2,
      "keyword": "권리행사 방해"
    }
  ],
  "Reference_info": {
    "reference_rules": "구 형법(2016. 1. 6. 법률 제13719호로 개정되기 전의 것) 제324조(현행 제324조 제1항 참조), 형법 제1조 제2항, 제324조 제1항",
    "reference_court_case": "대법원 2010. 3. 11. 선고 2009도12930 판결(공2010상, 776)"
  },
  "Class_info": {
    "class_name": "형사A(생활형)",
    "instance_name": "폭력행위"
  }
}