{
  "info": {
    "id": 43014173,
    "dataType": "판결문",
    "caseNm": "업무방해·저작권법위반",
    "caseTitle": "대법원 2017. 2. 21. 선고 2016도15144 판결",
    "courtType": "판례(대법원)",
    "courtNm": "대법원",
    "judmnAdjuDe": "2017-02-21",
    "caseNoID": "2016도15144",
    "caseNo": "2016도15144"
  },
  "jdgmn": "[1] 위계에 의한 업무방해죄에서 ‘위계’의 의미\n[2] 피고인이 피해자 게임회사들이 제작한 모바일게임의 이용자들의 게임머니나 능력치를 높게 할 수 있는 변조된 게임프로그램을 해외 인터넷 사이트에서 다운로드받은 다음, 위와 같은 게임프로그램을 제공한다는 것을 나타내는 문구가 게임프로그램 실행 시 화면에 나올 수 있도록 게임프로그램을 변조한 후 자신이 직접 개설한 모바일 어플리케이션 공유사이트 게시판에 위와 같이 변조한 게임프로그램들을 게시·유포하여 위계로써 피해자 게임회사들의 정상적인 영업업무를 방해하였다는 내용으로 기소된 사안에서, 피고인이 어떠한 방법으로 변조된 게임프로그램을 실행하여 게임서버에 접속하였는지에 관하여 전혀 특정하지 아니한 채 변조된 게임프로그램을 게시·유포하였다는 사실만으로는 위계에 의한 업무방해죄가 성립하지 않는다고 한 사례",
  "jdgmnInfo": [
    {
      "question": "위계에 의한 업무방해죄에서 ‘위계’란 행위자가 행위의 목적을 달성하기 위하여 상대방에게 오인·착각 또는 부지를 일으키게 하여 이를 이용하는 것을 의미하는가?",
      "answer": "긍정"
    }
  ],
  "Summary": [
    {
      "summ_contxt": "변조된 게임프로그램을 자신이 개설한 모바일 어플리케이션 공유사이트 게시판에 게시하여, 그 게시판에 접속한 사람들이 이를 다운로드받아 이용할 수 있도록 하였다는 것일 뿐, 피고인이 변조된 게임프로그램을 실행하여 그 게임서버에 직접 접속하였다거나, 위 공유사이트 게시판에서 위와 같이 변조된 게임프로그램을 다운로드받은 게임이용자와 공모하여 그 게임이용자가 변조된 게임프로그램을 실행하여 그 게임서버에 직접 접속하였다는 것이 아니다. 따라서 피고인이 어떠한 방법으로 변조된 게임프로그램을 실행하여 그 게임서버에 접속하였는지에 관하여는 전혀 특정하지 아니한 채, 피고인이 변조된 게임프로그램을 이 사건 공소사실과 같은 방법으로 게시·유포하였다는 위 공소사실 기재 행위만으로는 그 게임프로그램을 제작한 게임회사들에 대하여 오인, 착각, 부지를 일으켜 업무를 방해하였다고 보기 어렵다.",
      "summ_pass": "피고인이 변조된 게임프로그램을 실행하여 그 게임서버에 접속하지 않고 자신이 개설한 모바일 어플리케이션 공유사이트 게시판에 게시, 유포하였다는 공소사실 기재 행위만으로는 게임프로그램을 제작한 게임회사들에 대하여 오인, 착각, 부지를 일으켜 업무를 방해하였다고 보기 어렵다."
    }
  ],
  "keyword_tagg": [
    {
      "id": 1,
      "keyword": "공소사실 기재"
    },
    {
      "id": 2,
      "keyword": "프로그램"
    }
  ],
  "Reference_info": {
    "reference_rules": "[1] 형법 제314조 제1항 [2] 형법 제314조 제1항, 형사소송법 제325조",
    "reference_court_case": "[1] 대법원 2010. 3. 25. 선고 2009도8506 판결(공2010상, 841), 대법원 2014. 12. 24. 선고 2013도8734 판결"
  },
  "Class_info": {
    "class_name": "형사A(생활형)",
    "instance_name": "업무방해"
  }
}