{
  "info": {
    "id": 43014178,
    "dataType": "판결문",
    "caseNm": "사기",
    "caseTitle": "대법원 2017. 1. 25. 선고 2016도18432 판결",
    "courtType": "판례(대법원)",
    "courtNm": "대법원",
    "judmnAdjuDe": "2017-01-25",
    "caseNoID": "2016도18432",
    "caseNo": "2016도18432"
  },
  "jdgmn": "사업의 수행과정에서 이루어진 거래에서 기업경영자가 파산에 의한 채무불이행의 가능성을 인식할 수 있었으나 그러한 사태를 피할 수 있는 가능성이 있다고 믿었고, 계약이행을 위해 노력할 의사가 있었을 경우, 사기죄의 고의가 있었다고 단정할 수 있는지 여부(소극)",
  "jdgmnInfo": [
    {
      "question": "사업의 수행과정에서 이루어진 거래에서 기업경영자가 파산에 의한 채무불이행의 가능성을 인식할 수 있었으나 그러한 사태를 피할 수 있는 가능성이 있다고 믿었고, 계약이행을 위해 노력할 의사가 있었을 경우, 사기죄의 고의가 있었다고 단정할 수 있는지?",
      "answer": "부정"
    }
  ],
  "Summary": [
    {
      "summ_contxt": "사업의 수행과정에서 이루어진 거래에 있어서 그 채무불이행이 예측된 결과라고 하여 그 기업경영자에 대한 사기죄의 성부가 문제된 경우, 그 거래시점에 그 사업체가 경영부진 상태에 있었기 때문에 사정에 따라 파산에 이를 수 있다고 예견할 수 있었다는 것만으로 사기죄의 고의가 있다고 단정하는 것은 발생한 결과에 따라 범죄의 성부를 결정하는 것과 마찬가지이다. 따라서 설사 기업경영자가 파산에 의한 채무불이행의 가능성을 인식할 수 있었다고 하더라도 그러한 사태를 피할 수 있는 가능성이 있다고 믿었고, 계약이행을 위해 노력할 의사가 있었을 때에는 사기죄의 고의가 있었다고 단정하여서는 안 된다.",
      "summ_pass": "거래시점에 그 사업체가 경영부진 상태에 있었기 때문에 사정에 따라 파산에 이를 수 있다고 예견할 수 있었다는 것만으로 사기죄의 고의가 있다고 단정하여서는 안 되므로 기업경영자가 파산 사태를 피할 수 있다고 믿었고, 계약이행을 위해 노력할 의사가 있었을 때에는 사기죄의 고의가 있었다고 단정할 수 없다."
    }
  ],
  "keyword_tagg": [
    {
      "id": 1,
      "keyword": "사기"
    },
    {
      "id": 2,
      "keyword": "채무불이행"
    },
    {
      "id": 3,
      "keyword": "고의"
    }
  ],
  "Reference_info": {
    "reference_rules": "형법 제347조",
    "reference_court_case": "대법원 2001. 3. 27. 선고 2001도202 판결, 대법원 2016. 6. 9. 선고 2015도18555 판결"
  },
  "Class_info": {
    "class_name": "형사A(생활형)",
    "instance_name": "사기"
  }
}