{
  "info": {
    "id": 43014102,
    "dataType": "판결문",
    "caseNm": "성폭력범죄의처벌등에관한특례법위반(13세미만미성년자강제추행)",
    "caseTitle": "대법원 2017. 10. 31. 선고 2016도21231 판결",
    "courtType": "판례(대법원)",
    "courtNm": "대법원",
    "judmnAdjuDe": "2017-10-31",
    "caseNoID": "2016도21231",
    "caseNo": "2016도21231"
  },
  "jdgmn": "[1] 무죄추정의 원칙의 의의 / 형사재판에서 유죄를 인정하기 위한 증거의 증명력 정도 / 낮 시간대 다수의 사람들이 통행하는 공개된 장소와 같이 통상적으로 어린 피해자에 대한 추행 행위가 이루어질 것으로 예상하기 곤란한 상황에서 강제 추행이 있었는지를 판단하는 데 피해자의 진술 또는 피해자와 밀접한 관계에 있는 자의 진술이 유일한 증거인 경우, 이를 근거로 피고인을 유죄로 판단하기 위한 진술의 신빙성 정도\n[2] ‘추행’의 의미 및 추행에 해당하는지 판단하는 기준",
  "jdgmnInfo": [
    {
      "question": "형사재판에서 유죄의 인정은 법관으로 하여금 합리적인 의심을 할 여지가 없을 정도로 공소사실이 진실한 것이라는 확신을 가지게 하는 증명력을 가진 증거에 의하여야 하는지?",
      "answer": "긍정"
    }
  ],
  "Summary": [
    {
      "summ_contxt": "형사소송법 제307조 제2항은 “범죄사실의 인정은 합리적인 의심이 없는 정도의 증명에 이르러야 한다.”라고 정하고 있다. 따라서 형사재판에서 유죄의 인정은 법관으로 하여금 합리적인 의심을 할 여지가 없을 정도로 공소사실이 진실한 것이라는 확신을 가지게 하는 증명력을 가진 증거에 의하여야 한다. 검사가 제출한 증거만으로 이러한 확신을 가지게 하는 정도에 이르지 못한 경우에는 설령 유죄의 의심이 든다고 하더라도 피고인의 이익으로 판단하여야 한다.",
      "summ_pass": "형사재판에서 유죄의 인정은 법관으로 하여금 합리적인 의심을 할 여지가 없을 정도로 공소사실이 진실한 것이라는 확신을 가지게 하는 증명력을 가진 증거에 의하여야 하므로, 검사가 제출한 증거만으로 이에 이르지 못한 경우에는 피고인의 이익으로 판단하여야 한다."
    }
  ],
  "keyword_tagg": [
    {
      "id": 1,
      "keyword": "피고인의 이익"
    }
  ],
  "Reference_info": {
    "reference_rules": "[1] 헌법 제27조 제4항, 형법 제298조, 성폭력범죄의 처벌 등에 관한 특례법 제7조 제3항, 형사소송법 제275조의2, 제307조 제2항, 제308조 [2] 형법 제298조, 성폭력범죄의 처벌 등에 관한 특례법 제7조 제3항",
    "reference_court_case": "[1] 대법원 1992. 9. 1. 선고 92도1405 판결(공1992, 2809), 대법원 2001. 2. 23. 선고 2000도5395 판결(공2001상, 818), 대법원 2015. 11. 26. 선고 2014도7945 판결 [2] 대법원 2002. 4. 26. 선고 2001도2417 판결(공2002상, 1306), 대법원 2014. 12. 24. 선고 2014도6416 판결"
  },
  "Class_info": {
    "class_name": "형사A(생활형)",
    "instance_name": "성폭력"
  }
}