{
  "info": {
    "id": 43014180,
    "dataType": "판결문",
    "caseNm": "업무방해",
    "caseTitle": "대법원 2016. 10. 27. 선고 2016도10956 판결",
    "courtType": "판례(대법원)",
    "courtNm": "대법원",
    "judmnAdjuDe": "2016-10-27",
    "caseNoID": "2016도10956",
    "caseNo": "2016도10956"
  },
  "jdgmn": "업무방해죄의 ‘위력’의 의미와 판단 기준",
  "jdgmnInfo": [
    {
      "question": "업무방해죄가 성립하기 위해선 현실적으로 피해자의 자유의사가 제압되어야만 하는가?",
      "answer": "부정"
    }
  ],
  "Summary": [
    {
      "summ_contxt": "업무방해죄의 ‘위력’이란 사람의 자유의사를 제압·혼란하게 할 만한 일체의 세력으로, 유형적이든 무형적이든 묻지 아니하고, 현실적으로 피해자의 자유의사가 제압되어야만 하는 것도 아니지만, 범인의 위세, 사람 수, 주위의 상황 등에 비추어 피해자의 자유의사를 제압하기 족한 정도가 되어야 하는 것으로서, 그러한 위력에 해당하는지는 범행의 일시·장소, 범행의 동기, 목적, 인원수, 세력의 태양, 업무의 종류, 피해자의 지위 등 제반 사정을 고려하여 객관적으로 판단하여야 한다.",
      "summ_pass": "업무방해죄의 ‘위력’이란 사람의 자유의사를 제압·혼란하게 할 만한 유, 무형의 세력이며, 이로 인하여 피해자의 자유의사를 제압하기 족한 정도가 되어야 한다. 그러한 위력에 해당하는지는 범행의 일시·장소, 범행의 동기 등 제반 사정을 고려하여 객관적으로 판단해야 한다."
    }
  ],
  "keyword_tagg": [
    {
      "id": 1,
      "keyword": "업무방해"
    },
    {
      "id": 2,
      "keyword": "위력"
    },
    {
      "id": 3,
      "keyword": "자유의사"
    }
  ],
  "Reference_info": {
    "reference_rules": "형법 제314조 제1항",
    "reference_court_case": "대법원 2009. 9. 10. 선고 2009도5732 판결(공2009하, 1722), 대법원 2013. 11. 28. 선고 2013도4430 판결"
  },
  "Class_info": {
    "class_name": "형사A(생활형)",
    "instance_name": "업무방해"
  }
}