{
  "info": {
    "id": 43014179,
    "dataType": "판결문",
    "caseNm": "절도",
    "caseTitle": "대법원 2016. 12. 15. 선고 2016도15492 판결",
    "courtType": "판례(대법원)",
    "courtNm": "대법원",
    "judmnAdjuDe": "2016-12-15",
    "caseNoID": "2016도15492",
    "caseNo": "2016도15492"
  },
  "jdgmn": "[1] 절도죄에서 ‘절취’의 의미 및 어떤 물건이 타인의 점유하에 있는지 판단하는 기준\n[2] 甲은 강제경매 절차에서 피고인 소유이던 토지 및 그 지상 건물을 매수한 후 법원으로부터 인도명령을 받아 인도집행을 하였는데, 피고인이 인도집행 전에 건물 외벽에 설치된 전기코드에 선을 연결하여 피고인이 점유하며 창고로 사용 중인 컨테이너로 전기를 공급받아 사용하였다고 하여 절도로 기소된 사안에서, 피고인은 인도명령의 집행이 이루어지기 전까지는 당초부터 피고인이 점유·관리하던 전기를 사용한 것에 불과할 뿐 타인이 점유·관리하던 전기를 사용한 것이라고 할 수 없고, 피고인에게 절도의 범의도 인정할 수 없다고 한 사례",
  "jdgmnInfo": [
    {
      "question": "절취란 타인이 점유하고 있는 재물을 점유자의 의사에 반하여 그 점유를 배제하고 자기 또는 제3자의 점유로 옮기는 것을 의미하는가?",
      "answer": "긍정"
    }
  ],
  "Summary": [
    {
      "summ_contxt": "절취란 타인이 점유하고 있는 재물을 점유자의 의사에 반하여 그 점유를 배제하고 자기 또는 제3자의 점유로 옮기는 것을 말하고, 어떤 물건이 타인의 점유하에 있다고 할 것인지의 여부는, 객관적인 요소로서의 관리범위 내지 사실적 관리가능성 외에 주관적 요소로서의 지배의사를 참작하여 결정하되 궁극적으로는 당해 물건의 형상과 그 밖의 구체적인 사정에 따라 사회통념에 비추어 규범적 관점에서 판단하여야 한다.",
      "summ_pass": "절취란 타인이 점유하고 있는 재물을 점유자의 의사에 반하여 자기 또는 제3자의 점유로 옮기는 것이고, 어떤 물건이 타인의 점유 하에 있는지는 객관적인 관리범위 내지 사실적 관리가능성 외에 주관적 지배의사를 참작하여 사회통념에 따라 규범적 관점에서 판단하여야 한다."
    }
  ],
  "keyword_tagg": [
    {
      "id": 1,
      "keyword": "타인의 점유"
    },
    {
      "id": 2,
      "keyword": "사회통념"
    }
  ],
  "Reference_info": {
    "reference_rules": "[1] 형법 제329조 [2] 형법 제329조, 제346조",
    "reference_court_case": "[1] 대법원 1999. 11. 12. 선고 99도3801 판결(공1999하, 2570), 대법원 2008. 7. 10. 선고 2008도3252 판결(공2008하, 1210)"
  },
  "Class_info": {
    "class_name": "형사A(생활형)",
    "instance_name": "절도"
  }
}