{
  "info": {
    "id": 42017002,
    "dataType": "판결문",
    "caseNm": "특수공무집행방해치상·특수공무집행방해·일반교통방해·집회및시위에관한법률위반·모욕",
    "caseTitle": "대법원 2019. 1. 10. 선고 2016도19464 판결",
    "courtType": "판례(대법원)",
    "courtNm": "대법원",
    "judmnAdjuDe": "2019-01-10",
    "caseNoID": "2016도19464",
    "caseNo": "2016도19464"
  },
  "jdgmn": "[1] 집회 및 시위에 관한 법률에 의하여 보장 및 규제의 대상이 되는 ‘집회’의 의미 / 미신고 옥외집회 또는 시위를 대상으로 같은 법 제20조 제1항 제2호에 기하여 해산을 명할 수 있는 요건 및 이러한 요건을 갖춘 해산명령에 불응하는 경우에만 같은 법 제24조 제5호에 의하여 처벌할 수 있는지 여부(적극)\n[2] 일반교통방해죄의 보호법익과 처벌대상 행위 / 일반교통방해죄가 추상적 위험범인지 여부(적극) 및 그 기수시기\n[3] 집회 및 시위에 관한 법률상 질서유지선이 집회 및 시위의 보호와 공공의 질서유지를 위하여 필요하다고 인정되고 같은 법 시행령 제13조 제1항에서 정한 사유에 해당하는 경우, 집회 또는 시위의 장소 안에도 이를 설정할 수 있는지 여부(적극) 및 이때 그 질서유지선은 집회 및 시위의 보호와 공공의 질서유지를 위하여 필요하다고 인정되는 최소한의 범위를 정하여 설정되어야 하는지 여부(적극) / 경찰관들이 집회 또는 시위가 이루어지는 장소의 외곽이나 그 장소 안에서 줄지어 서는 등의 방법으로 사실상 질서유지선의 역할을 수행하는 경우, 같은 법상 질서유지선에 해당하는지 여부(소극)\n[4] 옥외집회 또는 시위의 장소에 질서유지를 위한 경찰관 출입이 허용되는 범위(=집회 및 시위의 보호와 공공의 질서유지를 위하여 필요하다고 인정되는 최소한의 범위)\n[5] 위법한 직무행위를 하는 공무원에 대항하여 폭행을 가한 경우, 공무집행방해죄를 구성하는지 여부(소극)\n[6] 경찰관을 배치하는 방법으로 설정된 질서유지선이 집회 및 시위에 관한 법률상 질서유지선에 해당하는지 여부(소극) / 질서유지선 효용침해로 인한 집회 및 시위에 관한 법률 제24조 제3호 위반죄는 그 대상인 같은 법 제2조 제5호에 해당하는 질서유지선이 같은 법 제13조에 따라 적법하게 설정된 경우에 한하여 성립하는지 여부(적극)",
  "jdgmnInfo": [
    {
      "question": "위법한 직무행위를 하는 공무원에 대항하여 폭행을 가한 경우, 공무집행방해죄를 구성하는가?",
      "answer": "부정"
    }
  ],
  "Summary": [
    {
      "summ_contxt": "공무집행방해죄는 공무원의 직무집행이 적법한 경우에 한하여 성립하므로, 위법한 직무행위를 하는 공무원에 대항하여 폭행을 가하였다고 하더라도 공무집행방해죄를 구성하지 아니한다(대법원 1992. 2. 11. 선고 91도2797 판결 등 참조).",
      "summ_pass": "위법한 직무행위를 하는 공무원에 대항하여 폭행을 가하였다고 하더라도 공무집행방해죄를 구성하지 아니한다."
    }
  ],
  "keyword_tagg": [
    {
      "id": 1,
      "keyword": "직무행위"
    },
    {
      "id": 2,
      "keyword": "위법"
    },
    {
      "id": 3,
      "keyword": "폭행"
    },
    {
      "id": 4,
      "keyword": "직무집행"
    }
  ],
  "Reference_info": {
    "reference_rules": "[1] 집회 및 시위에 관한 법률 제2조 제1호, 제6조 제1항, 제20조 제1항 제2호, 제2항, 제24조 제5호 [2] 형법 제185조 [3] 집회 및 시위에 관한 법률 제2조 제5호, 제13조 제1항, 제24조 제3호, 집회 및 시위에 관한 법률 시행령 제13조 제1항 [4] 집회 및 시위에 관한 법률 제2조 제5호, 제13조 제1항, 제19조 [5] 형법 제136조 제1항 [6] 집회 및 시위에 관한 법률 제2조 제5호, 제13조, 제24조 제3호",
    "reference_court_case": "[1] 대법원 2012. 4. 19. 선고 2010도6388 전원합의체 판결(공2012상, 912), 대법원 2012. 5. 24. 선고 2010도11381 판결(공2012하, 1169), 대법원 2013. 10. 24. 선고 2012도11518 판결(공2013하, 2171), 대법원 2015. 6. 11. 선고 2015도4273 판결 [2] 대법원 1995. 9. 15. 선고 95도1475 판결(공1995하, 3483), 대법원 2005. 10. 28. 선고 2004도7545 판결, 대법원 2014. 7. 10. 선고 2014도1926 판결, 대법원 2018. 1. 24. 선고 2017도11408 판결(공2018상, 539) [5] 대법원 1992. 2. 11. 선고 91도2797 판결(공1992, 1074), 대법원 2013. 11. 28. 선고 2013도9138 판결"
  },
  "Class_info": {
    "class_name": "형사A(생활형)",
    "instance_name": "공무집행"
  }
}