{
  "info": {
    "id": 43014185,
    "dataType": "판결문",
    "caseNm": "성폭력범죄의처벌등에관한특례법위반(강간등치상)",
    "caseTitle": "대법원 2016. 6. 9. 선고 2016도4618 판결",
    "courtType": "판례(대법원)",
    "courtNm": "대법원",
    "judmnAdjuDe": "2016-06-09",
    "caseNoID": "2016도4618",
    "caseNo": "2016도4618"
  },
  "jdgmn": "성폭력범죄의 처벌 등에 관한 특례법 제4조 제3항, 제1항의 ‘2인 이상이 합동하여 형법 제299조의 죄를 범한 경우’에 해당하기 위한 요건",
  "jdgmnInfo": [
    {
      "question": "시간적으로나 장소적으로 협동관계에 있었다면 성폭력범죄의 처벌 등에 관한 특례법 제4조 제3항, 제1항의 ‘2인 이상이 합동하여 형법 제299조의 죄를 범한 경우’에서 실행행위의 분담이 인정되는지?",
      "answer": "긍정"
    }
  ],
  "Summary": [
    {
      "summ_contxt": "성폭력범죄의 처벌 등에 관한 특례법 제4조 제3항, 제1항의 ‘2인 이상이 합동하여 형법 제299조의 죄를 범한 경우’에 해당하려면, 피고인들이 공모하여 실행행위를 분담하였음이 인정되어야 하는데, 범죄의 공동가공의사가 암묵리에 서로 상통하고 범의 내용에 대하여 포괄적 또는 개별적인 의사연락이나 인식이 있었다면 공모관계가 성립하고, 시간적으로나 장소적으로 협동관계에 있었다면 실행행위를 분담한 것으로 인정된다.",
      "summ_pass": "성폭력범죄의 처벌 등에 관한 특례법 제4조 제3항, 제1항의 합동범은 공동가공의사가 암묵리에 상통하고 범의 내용에 대한 포괄적 또는 개별적인 의사연락이나 인식이 있으면 공모관계가 성립하고, 시간적·장소적 협동관계에 있었다면 실행행위의 분담이 인정된다."
    }
  ],
  "keyword_tagg": [
    {
      "id": 1,
      "keyword": "공모"
    },
    {
      "id": 2,
      "keyword": "범죄의 공동가공의사"
    },
    {
      "id": 3,
      "keyword": "실행행위 분담"
    }
  ],
  "Reference_info": {
    "reference_rules": "성폭력범죄의 처벌 등에 관한 특례법 제4조 제1항, 제3항, 형법 제299조",
    "reference_court_case": "대법원 1996. 7. 12. 선고 95도2655 판결(공1996하, 2562)"
  },
  "Class_info": {
    "class_name": "형사A(생활형)",
    "instance_name": "성폭력"
  }
}