{
  "info": {
    "id": 43014078,
    "dataType": "판결문",
    "caseNm": "정보통신망이용촉진및정보보호등에관한법률위반(명예훼손)",
    "caseTitle": "대법원 2018. 5. 30. 선고 2017도607 판결",
    "courtType": "판례(대법원)",
    "courtNm": "대법원",
    "judmnAdjuDe": "2018-05-30",
    "caseNoID": "2017도607",
    "caseNo": "2017도607"
  },
  "jdgmn": "정보통신망 이용촉진 및 정보보호 등에 관한 법률 제70조 제2항에서 정한 ‘사실을 드러내어’의 의미 / 타인을 비방할 목적으로 인터넷 사이트에 게시글을 올리는 경우, 단순히 타인을 사칭하여 마치 그 사람이 직접 작성한 글인 것처럼 가장하여 게시글을 올리는 행위에 대하여 타인에 대한 관계에서 위 조항을 적용할 수 있는지 여부(소극)",
  "jdgmnInfo": [
    {
      "question": "타인을 비방할 목적으로 인터넷 사이트에 게시글을 올리는 경우, 단순히 타인을 사칭하여 마치 그 사람이 직접 작성한 글인 것처럼 가장하여 게시글을 올리는 행위에 대하여 타인에 대한 관계에서 정보통신망 이용촉진 및 정보보호 등에 관한 법률 제70조 제2항을 적용할 수 있는지?",
      "answer": "부정"
    }
  ],
  "Summary": [
    {
      "summ_contxt": "정보통신망법 제70조 제2항은 “사람을 비방할 목적으로 정보통신망을 통하여 공공연하게 거짓의 사실을 드러내어 다른 사람의 명예를 훼손한 자는 7년 이하의 징역, 10년 이하의 자격정지 또는 5천만 원 이하의 벌금에 처한다.”라고 규정하고 있다. 여기서 ‘사실을 드러내어’란 시간적으로나 공간적으로 구체적인 과거 또는 현재의 사실관계에 관한 보고 또는 진술을 의미한다. 따라서 어느 사람을 비방할 목적으로 인터넷 사이트에 게시글을 올리는 행위에 대하여 위 조항을 적용하기 위해서는, 해당 게시글이 그 사람에 대한 구체적인 사실관계를 보고하거나 진술하는 내용이어야 한다. 단순히 그 사람을 사칭하여 마치 그 사람이 직접 작성한 글인 것처럼 가장하여 게시글을 올리는 행위는 그 사람에 대한 사실을 드러내는 행위에 해당하지 아니하므로, 그 사람에 대한 관계에서는 위 조항을 적용할 수 없다.",
      "summ_pass": "정보통신망법 제70조 제2항에서 정한 ‘사실을 드러내어’란 시간적·공간적으로 구체적인 과거 또는 현재의 사실관계에 관한 보고 또는 진술을 의미하는바, 단순히 그 사람을 사칭하여 마치 그 사람이 직접 작성한 글인 것처럼 가장하여 게시글을 올리는 행위는 그 사람에 대한 사실을 드러내는 행위에 해당하지 아니하므로, 그 사람에 대한 관계에서는 위 조항을 적용할 수 없다."
    }
  ],
  "keyword_tagg": [
    {
      "id": 1,
      "keyword": "정보통신망법"
    }
  ],
  "Reference_info": {
    "reference_rules": "정보통신망 이용촉진 및 정보보호 등에 관한 법률 제70조 제2항",
    "reference_court_case": "대법원 2016. 3. 24. 선고 2015도10112 판결"
  },
  "Class_info": {
    "class_name": "형사A(생활형)",
    "instance_name": "명예훼손"
  }
}