{
  "info": {
    "id": 43014159,
    "dataType": "판결문",
    "caseNm": "사기",
    "caseTitle": "대법원 2017. 4. 26. 선고 2017도1405 판결",
    "courtType": "판례(대법원)",
    "courtNm": "대법원",
    "judmnAdjuDe": "2017-04-26",
    "caseNoID": "2017도1405",
    "caseNo": "2017도1405"
  },
  "jdgmn": "사기죄의 요건인 ‘기망’ 중 부작위에 의한 기망의 의미 / 보험계약자가 보험자와 보험계약을 체결하면서 상법상 고지의무를 위반한 행위가 보험금 편취를 위한 고의의 기망행위에 해당하기 위한 요건 및 특히 상해·질병보험계약을 체결하는 보험계약자가 보험사고 발생의 개연성이 농후함을 인식하였는지 판단하는 기준",
  "jdgmnInfo": [
    {
      "question": "부작위에 의한 기망은 보험계약자가 보험자와 보험계약을 체결하면서 상법상 고지의무를 위반한 경우에도 인정될 수 있는가?",
      "answer": "긍정"
    }
  ],
  "Summary": [
    {
      "summ_contxt": "고지의무 위반은 보험사고가 이미 발생하였음에도 이를 묵비한 채 보험계약을 체결하거나 보험사고 발생의 개연성이 농후함을 인식하면서도 보험계약을 체결하는 경우 또는 보험사고를 임의로 조작하려는 의도를 가지고 보험계약을 체결하는 경우와 같이 ‘보험사고의 우연성’이라는 보험의 본질을 해할 정도에 이르러야 비로소 보험금 편취를 위한 고의의 기망행위에 해당한다. 특히 상해·질병보험계약을 체결하는 보험계약자가 보험사고 발생의 개연성이 농후함을 인식하였는지는 보험계약 체결 전 기왕에 입은 상해의 부위 및 정도, 기존 질병의 종류와 증상 및 정도, 상해나 질병으로 치료받은 전력 및 시기와 횟수, 보험계약 체결 후 보험사고 발생 시까지의 기간과 더불어 이미 가입되어 있는 보험의 유무 및 종류와 내역, 보험계약 체결의 동기 내지 경과 등을 두루 살펴 판단하여야 한다.",
      "summ_pass": "보험계약자의 고지의무 위반은 보험사고의 우연성을 해치는 정도로 심각할 때 기망행위로 볼 수 있으며, 상해·질병보험의 경우, 보험계약자가 보험사고 발생의 개연성을 인식하였는지 판단 시 여러 요소를 종합적으로 고려해야 한다."
    }
  ],
  "keyword_tagg": [
    {
      "id": 1,
      "keyword": "고지의무"
    },
    {
      "id": 2,
      "keyword": "보험계약"
    },
    {
      "id": 3,
      "keyword": "기망"
    },
    {
      "id": 4,
      "keyword": "보험사고"
    },
    {
      "id": 5,
      "keyword": "우연성"
    },
    {
      "id": 6,
      "keyword": "개연성"
    },
    {
      "id": 7,
      "keyword": "묵비"
    }
  ],
  "Reference_info": {
    "reference_rules": "형법 제347조, 상법 제651조, 제737조, 제739조의2",
    "reference_court_case": "대법원 1998. 12. 8. 선고 98도3263 판결(공1999상, 179), 대법원 2012. 11. 15. 선고 2010도6910 판결"
  },
  "Class_info": {
    "class_name": "형사A(생활형)",
    "instance_name": "사기"
  }
}