{
  "info": {
    "id": 55180605,
    "dataType": "판결문",
    "caseNm": "뇌물공여(일부변경된죄명뇌물공여약속)·특정경제범죄가중처벌등에관한법률위반(횡령)·특정경제범죄가중처벌등에관한법률위반(재산국외도피)·범죄수익은닉의규제및처벌등에관한법률위반·국회에서의증언·감정등에관한법률위반",
    "caseTitle": "서울고등법원 2018. 2. 5., 선고, 2017노2556, 판결",
    "courtType": "판례(하급심)",
    "courtNm": "서울고등법원",
    "judmnAdjuDe": "2018-02-05",
    "caseNoID": "2017노2556",
    "caseNo": "2017노2556"
  },
  "jdgmn": "",
  "jdgmnInfo": [
    {
      "question": "‘오로지’ 공익 목적의 활동 또는 사회적 공헌활동의 일환이라는 직무와 무관한 동기만으로 금품을 교부할 만한 특별한 사정이 있는 경우에만 뇌물의 대가관계가 부정되는가?",
      "answer": "긍정"
    }
  ],
  "Summary": [
    {
      "summ_contxt": "대통령이 국정수행 또는 정부시책 차원에서 자율적인 사업 투자나 단체 운영 등을 요구하는 것이 아니라 공익 활동을 명분으로 특정 단체에 대한 금품의 교부를 요구할 경우, 대통령의 직무와의 대가관계를 판단함에 있어서는 기업인이 교부하는 금품의 공익성을 담보하기 위한 노력과 사전 검토를 충분히 하였는지 여부를 핵심적인 요소로 하여 판단하여야 하고, ‘오로지’ 공익 목적의 활동 또는 사회적 공헌활동의 일환이라는 직무와 무관한 동기만으로 금품을 교부할 만한 특별한 사정이 있는 경우에만 대가관계가 부정되어야 하는데도, 원심은 재단지원과 관련하여 부정한 청탁이 없었다고 판단하는 잘못을 저질렀다.",
      "summ_pass": "‘오로지’ 공익 목적의 활동 또는 사회적 공헌활동의 일환이라는 직무와 무관한 동기만으로 금품을 교부할 만한 특별한 사정이 있는 경우에만 대가관계가 부정되어야 하는데도, 원심은 재단지원과 관련하여 부정한 청탁이 없었다고 판단하는 잘못을 저질렀다."
    }
  ],
  "keyword_tagg": [
    {
      "id": 1,
      "keyword": "특별한 사정"
    }
  ],
  "Reference_info": {
    "reference_rules": "",
    "reference_court_case": ""
  },
  "Class_info": {
    "class_name": "형사A(생활형)",
    "instance_name": "뇌물공여"
  }
}