{
  "info": {
    "id": 43014116,
    "dataType": "판결문",
    "caseNm": "상습절도·범죄수익은닉의규제및처벌등에관한법률위반·강제집행면탈",
    "caseTitle": "대법원 2017. 7. 18. 선고 2017도5759 판결",
    "courtType": "판례(대법원)",
    "courtNm": "대법원",
    "judmnAdjuDe": "2017-07-18",
    "caseNoID": "2017도5759",
    "caseNo": "2017도5759"
  },
  "jdgmn": "형법 제329조부터 제331조까지의 죄를 상습으로 범한 형법 제332조의 상습절도죄가 범죄수익은닉의 규제 및 처벌 등에 관한 법률 제2조 제1호 [별표]에서 정한 ‘중대범죄’에 해당하는지 여부(적극)",
  "jdgmnInfo": [
    {
      "question": "형법 제329조부터 제331조까지의 죄를 상습으로 범한 형법 제332조의 상습절도죄가 범죄수익은닉의 규제 및 처벌 등에 관한 법률 제2조 제1호 [별표]에서 정한 ‘중대범죄’에 해당하는지?",
      "answer": "긍정"
    }
  ],
  "Summary": [
    {
      "summ_contxt": "피고인이 제1심판결에 대하여 양형부당과 함께 다른 항소이유를 내세워 항소하였다 하더라도 그 후 원심판결 선고 전에 양형부당 이외의 항소이유를 철회한 경우에는 원심판결에 대하여 사실오인 또는 법리오해의 위법이 있다는 것을 상고이유로 삼을 수 없다.",
      "summ_pass": "피고인이 항소하였다가 원심판결 선고 전에 양형부당 이외의 항소이유를 철회한 경우, 사실 및 법리 오해의 위법을 상고이유로 삼을 수 없다."
    }
  ],
  "keyword_tagg": [
    {
      "id": 1,
      "keyword": "양형부당"
    }
  ],
  "Reference_info": {
    "reference_rules": "형법 제329조, 제330조, 제331조, 제332조, 범죄수익은닉의 규제 및 처벌 등에 관한 법률 제2조 제1호 [별표], 제2호 (가)목, 제3조 제1항 제1호",
    "reference_court_case": ""
  },
  "Class_info": {
    "class_name": "형사A(생활형)",
    "instance_name": "절도"
  }
}