{
  "info": {
    "id": 41015710,
    "dataType": "판결문",
    "caseNm": "부가가치세등부과처분취소",
    "caseTitle": "대법원 2022. 3. 17. 선고 2017두69908 판결",
    "courtType": "판례(대법원)",
    "courtNm": "대법원",
    "judmnAdjuDe": "2022-03-17",
    "caseNoID": "2017두69908",
    "caseNo": "2017두69908"
  },
  "jdgmn": "부가가치세 면세 여부는 ‘개별적인 재화 또는 용역의 공급’을 기준으로 판단해야 하는지 여부(원칙적 적극)",
  "jdgmnInfo": [
    {
      "question": "부가가치세 면세 여부는 ‘개별적인 재화 또는 용역의 공급’을 기준으로 판단해야 하는가?",
      "answer": "긍정"
    }
  ],
  "Summary": [
    {
      "summ_contxt": "세금계산서 교부 및 부가가치세 거래징수는 부가가치세 면세 여부에 따라 그 의무의 존부가 달라지는데 이는 모두 재화 또는 용역을 공급할 때 이루어지는 점 등의 사정을 보태어 보면, 부가가치세 면세 여부는 원칙적으로 ‘개별적인 재화 또는 용역의 공급’을 기준으로 판단하여야 한다.",
      "summ_pass": "부가가치세 면세 여부는 원칙적으로 ‘개별적인 재화 또는 용역의 공급’을 기준으로 판단하여야 한다."
    }
  ],
  "keyword_tagg": [
    {
      "id": 1,
      "keyword": "의무의 존부"
    },
    {
      "id": 2,
      "keyword": "용역의 공급"
    }
  ],
  "Reference_info": {
    "reference_rules": "구 부가가치세법(2010. 1. 1. 법률 제9915호로 개정되기 전의 것) 제1조 제1항 제1호(현행 제4조 제1호 참조), 제12조 제1항(현행 제26조 제1항 참조)",
    "reference_court_case": ""
  },
  "Class_info": {
    "class_name": "형사A(생활형)",
    "instance_name": "행정처분"
  }
}