{
  "info": {
    "id": 55649225,
    "dataType": "판결문",
    "caseNm": "특정경제범죄가중처벌등에관한법률위반(사기)·업무상횡령",
    "caseTitle": "서울고등법원 2018. 4. 3., 선고, 2017노2805, 판결",
    "courtType": "판례(하급심)",
    "courtNm": "서울고등법원",
    "judmnAdjuDe": "2018-04-03",
    "caseNoID": "2017노2805",
    "caseNo": "2017노2805"
  },
  "jdgmn": "",
  "jdgmnInfo": [
    {
      "question": "법원은 피고인의 방어권 행사에 실질적인 불이익을 초래할 염려가 없다고 인정되는 때에는 공소장이 변경되지 않았더라도 공소사실의 동일성이 인정되는 범위 내에서 직권으로 공소사실과 다른 범죄사실을 인정할 수 있는가?",
      "answer": "긍정"
    }
  ],
  "Summary": [
    {
      "summ_contxt": "법원은 심리의 경과에 비추어 피고인의 방어권 행사에 실질적인 불이익을 초래할 염려가 없다고 인정되는 때에는 공소장이 변경되지 않았더라도 공소사실의 동일성이 인정되는 범위 내에서 직권으로 공소사실과 다른 범죄사실을 인정할 수 있고, 이 같은 경우 공소가 제기된 범죄사실과 대비하여 볼 때 실제로 인정되는 범죄사실의 사안이 중대하여 공소장이 변경되지 않았다는 이유로 이를 처벌하지 않는다면 적정절차에 의한 신속한 실체적 진실의 발견이라는 형사소송의 목적에 비추어 현저히 정의와 형평에 반하는 것으로 인정되는 경우라면 법원으로서는 직권으로 그 범죄사실을 인정하여야 한다.",
      "summ_pass": "법원은 심리의 경과에 비추어 피고인의 방어권 행사에 실질적인 불이익을 초래할 염려가 없다고 인정되는 때에는 공소장이 변경되지 않았더라도 공소사실의 동일성이 인정되는 범위 내에서 직권으로 공소사실과 다른 범죄사실을 인정할 수 있다."
    }
  ],
  "keyword_tagg": [
    {
      "id": 1,
      "keyword": "공소사실의 동일성"
    }
  ],
  "Reference_info": {
    "reference_rules": "",
    "reference_court_case": ""
  },
  "Class_info": {
    "class_name": "형사A(생활형)",
    "instance_name": "특정경제범죄가중처벌등에관한법률위반"
  }
}