{
  "info": {
    "id": 43014090,
    "dataType": "판결문",
    "caseNm": "배임수재·건설산업기본법위반·특정범죄가중처벌등에관한법률위반(허위세금계산서교부등)(피고인2주식회사에대하여인정된죄명:조세범처벌법위반)·조세범처벌법위반[피고인1,3,4에대하여인정된죄명:특정범죄가중처벌등에관한법률위반(허위세금계산서교부등)]·업무상횡령",
    "caseTitle": "대법원 2017. 12. 5. 선고 2017도11564 판결",
    "courtType": "판례(대법원)",
    "courtNm": "대법원",
    "judmnAdjuDe": "2017-12-05",
    "caseNoID": "2017도11564",
    "caseNo": "2017도11564"
  },
  "jdgmn": "[1] 건설산업기본법 제96조 제5호, 제41조 제2항 제1호 위반행위의 주체가 ‘건설업 등록을 하지 않은 건설공사 시공자’와 같은 업무주에 한정되는지 여부(적극)\n[2] 건설산업기본법 제98조 제2항 양벌규정의 취지 및 위 양벌규정에 따라 건설시공자가 아닌 행위자도 업무주인 건설시공자에 대한 벌칙규정의 적용대상이 되는지 여부(적극)\n[3] 배임수재죄의 성립요건 / 타인의 사무를 처리하는 자가 증재자(贈財者)로부터 돈이 입금된 계좌의 예금통장이나 이를 인출할 수 있는 현금카드나 신용카드를 교부받은 경우, 예금된 돈을 취득한 것으로 볼 수 있는지 여부(한정 적극)",
  "jdgmnInfo": [
    {
      "question": "건설산업기본법 제96조 제5호, 제41조 제2항 제1호 위반행위의 주체가 ‘건설업 등록을 하지 않은 건설공사 시공자’와 같은 업무주에 한정되는지?",
      "answer": "긍정"
    }
  ],
  "Summary": [
    {
      "summ_contxt": "건설산업기본법 제98조 제2항은 “법인의 대표자나 법인 또는 개인의 대리인, 사용인, 그 밖의 종업원이 그 법인 또는 개인의 업무에 관하여 제94조, 제95조, 제95조의2, 제96조 또는 제97조 제1호·제2호·제3호의 위반행위를 하면 그 행위자를 벌하는 외에 그 법인 또는 개인에게도 해당 조문의 벌금형을 과한다.”라고 정하고 있다. 위 규정의 취지는 제96조 제5호 등 벌칙규정의 적용대상인 건설공사 시공자가 아니면서 그러한 업무를 실제로 집행하는 자가 있을 때 벌칙규정의 실효성을 확보하기 위하여 적용대상자를 해당 업무를 실제로 집행하는 자까지 확장하여 그 행위자도 아울러 처벌하려는 데 있다. 이러한 양벌규정은 해당 업무를 실제로 집행하는 자에 대한 처벌의 근거 규정이 된다. 결국 위 규정은 해당 법조의 위반행위를 건설시공자인 법인이나 개인이 직접 하지 않는 경우에 그 행위자나 건설시공자 쌍방을 모두 처벌하려는 것이므로, 이 양벌규정에 따라 건설시공자가 아닌 행위자도 업무주인 건설시공자에 대한 벌칙규정의 적용대상이 된다.",
      "summ_pass": "건설산업기본법 제98조 제2항은 제96조 제5호 등 벌칙규정의 적용대상인 건설공사 시공자가 아니면서 그러한 업무를 실제로 집행하는 자가 있을 때 벌칙규정의 실효성을 확보하기 위하여 적용대상자를 해당 업무를 실제로 집행하는 자까지 확장하여 그 행위자도 아울러 처벌하려는 것으로, 이 양벌규정에 따라 건설시공자가 아닌 행위자도 업무주인 건설시공자에 대한 벌칙규정의 적용대상이 된다."
    }
  ],
  "keyword_tagg": [
    {
      "id": 1,
      "keyword": "건설산업기본법"
    },
    {
      "id": 2,
      "keyword": "업무주"
    },
    {
      "id": 3,
      "keyword": "행위자"
    },
    {
      "id": 4,
      "keyword": "양벌규정"
    },
    {
      "id": 5,
      "keyword": "건설시공자"
    }
  ],
  "Reference_info": {
    "reference_rules": "[1] 건설산업기본법 제2조 제7호, 제41조 제2항 제1호, 제96조 제5호 [2] 건설산업기본법 제41조 제2항 제1호, 제96조 제5호, 제98조 제2항 [3] 형법 제357조 제1항",
    "reference_court_case": "[1][2] 대법원 2017. 11. 14. 선고 2017도7492 판결(공2017하, 2413) [1] 대법원 2017. 7. 11. 선고 2017도1539 판결(공2017하, 1689) [2] 대법원 1997. 6. 13. 선고 97도534 판결(공1997하, 2103), 대법원 1999. 7. 15. 선고 95도2870 전원합의체 판결(공1999하, 1696), 대법원 2005. 12. 22. 선고 2003도3984 판결(공2006상, 193)"
  },
  "Class_info": {
    "class_name": "형사A(생활형)",
    "instance_name": "배임"
  }
}