{
  "info": {
    "id": 43014140,
    "dataType": "판결문",
    "caseNm": "상해·성폭력범죄의처벌등에관한특례법위반(비밀준수등)",
    "caseTitle": "대법원 2017. 5. 31. 선고 2017도2566 판결",
    "courtType": "판례(대법원)",
    "courtNm": "대법원",
    "judmnAdjuDe": "2017-05-31",
    "caseNoID": "2017도2566",
    "caseNo": "2017도2566"
  },
  "jdgmn": "신상정보 등록대상자인 피고인이 최초 등록일인 2015. 5. 29.부터 1년마다 관할 경찰관서에 출석하여 사진을 촬영·저장시켜야 할 의무를 이행하여야 함에도 2016. 5. 29.까지 이러한 의무를 이행하지 아니하였다고 하여 성폭력범죄의 처벌 등에 관한 특례법 위반으로 기소된 사안에서, 피고인은 2016. 12. 20. 법률 제14412호로 개정·시행된 같은 법 제43조 제4항, 부칙 제4조에 따라 기본신상정보를 제출한 다음 해인 2016. 1. 1.부터 2016. 12. 31.까지 위와 같은 의무를 부담할 뿐이므로 같은 법 제50조 제3항 제3호, 제43조 제4항을 위반한 행위에 해당하지 않는다고 한 사례",
  "jdgmnInfo": [
    {
      "question": "2016. 12. 20. 법률 제14412호로 개정된 성폭력범죄의 처벌 등에 관한 특례법이 시행되기 전에 최초로 신상정보 등록대상자로 등록된 피고인은 구법이 아닌 개정된 위 법 제43조 제4항, 부칙 제4조에 따라 기본신상정보를 제출한 다음 해부터 관할 경찰관서에 출석하여 사진을 촬영·저장시켜야 할 의무를 부담하는가?",
      "answer": "긍정"
    }
  ],
  "Summary": [
    {
      "summ_contxt": "구 성폭력범죄의 처벌 등에 관한 특례법(2016. 12. 20. 법률 제14412호로 개정되기 전의 것, 이하 ‘구 성폭력처벌법’이라 한다) 제43조 제4항이 2016. 12. 20. 법률 제14412호로 “등록대상자는 제1항에 따라 기본신상정보를 제출한 경우에는 그 다음 해부터 매년 12월 31일까지 주소지를 관할하는 경찰관서에 출석하여 경찰관서의 장으로 하여금 자신의 정면·좌측·우측 상반신 및 전신 컬러사진을 촬영하여 전자기록으로 저장·보관하도록 하여야 한다.”라고 개정된 것은 신상정보 등록대상자로 하여금 관할 경찰관서에 출석하거나 사진을 촬영·저장시켜야 할 의무를 이행하여야 하는 시점의 불명확성에 대한 반성적 고려에 따른 조치로서 위와 같이 개정된 성폭력범죄의 처벌 등에 관한 특례법(이하 ‘개정 성폭력처벌법’이라 한다) 제43조 제4항이 적용되어야 하므로, 이 부분 공소사실은 ‘범죄 후 법률의 변경에 의하여 그 행위가 범죄를 구성하지 않는 경우’에 해당한다.",
      "summ_pass": "구 성폭력처벌법의 제43조 제4항은 2016년 개정으로 신상정보 등록대상자의 출석 및 사진 촬영 의무의 시점을 명확히 하였다. 이 개정은 시점의 불명확성 문제를 해결하기 위한 것이며, 해당 공소사실은 범죄 후 법률 변경으로 인해 범죄를 구성하지 않는 경우에 해당한다."
    }
  ],
  "keyword_tagg": [
    {
      "id": 1,
      "keyword": "신상정보"
    },
    {
      "id": 2,
      "keyword": "성폭력처벌법"
    }
  ],
  "Reference_info": {
    "reference_rules": "형법 제1조 제2항 / 구 성폭력범죄의 처벌 등에 관한 특례법(2016. 12. 20. 법률 제14412호로 개정되기 전의 것) 제43조 제4항, 제50조 제3항 제3호, 성폭력범죄의 처벌 등에 관한 특례법 제43조 제1항, 제4항, 제50조 제3항 제3호, 부칙(2016. 12. 20.) 제4조, 형사소송법 제325조",
    "reference_court_case": ""
  },
  "Class_info": {
    "class_name": "형사A(생활형)",
    "instance_name": "상해"
  }
}