{
  "info": {
    "id": 43014103,
    "dataType": "판결문",
    "caseNm": "특정경제범죄가중처벌등에관한법률위반(사기)·공문서위조·위조공문서행사·뇌물공여의사표시·사문서위조·위조사문서행사·사기",
    "caseTitle": "대법원 2017. 10. 26. 선고 2017도10601 판결",
    "courtType": "판례(대법원)",
    "courtNm": "대법원",
    "judmnAdjuDe": "2017-10-26",
    "caseNoID": "2017도10601",
    "caseNo": "2017도10601"
  },
  "jdgmn": "[1] 항소심이 항소이유에 포함되지 아니한 사유를 직권으로 심리하여 제1심판결을 파기하고 다시 판결하는 경우, 공소사실을 다투는 항소이유에 대한 판단을 따로 설시하지 아니한 것이 위법한지 여부(소극)\n[2] 재물편취를 내용으로 하는 사기죄에서 선이자나 수수료 등의 명목으로 대가가 일부 지급된 경우, 그 편취액(=피해자로부터 교부받은 재물 전부)\n[3] 사기범행의 공소사실에 대하여 형법 제347조 제1항의 죄가 아닌 같은 조 제2항의 죄가 성립한다는 사정이 판결 결과에 영향을 미치는 사유에 해당하는지 여부(소극)",
  "jdgmnInfo": [
    {
      "question": "항소심이 항소이유에 포함되지 아니한 사유를 직권으로 심리하여 제1심판결을 파기하고 다시 판결하는 경우, 공소사실을 다투는 항소이유에 대한 판단을 따로 설시하지 아니한 것이 위법한지?",
      "answer": "부정"
    }
  ],
  "Summary": [
    {
      "summ_contxt": "재물편취를 내용으로 하는 사기죄에서 기망으로 인한 재물의 교부가 있으면 그 자체로 피해자의 재산침해가 되어 이로써 곧 사기죄가 성립한다. 이미 취득한 재물 또는 재산상의 이득을 사후에 변상하였다 하더라도 이는 범죄의 성립에 영향을 미치지 아니하며, 상당한 대가가 지급되었다 하더라도 사기죄의 성립에는 영향이 없다. 따라서 재물을 편취하면서 선이자나 수수료 등의 명목으로 그 대가가 일부 지급된 경우에도, 그 편취액은 피해자로부터 교부받은 재물의 가치로부터 그 대가를 공제한 차액이 아니라 교부받은 재물 전부이다.",
      "summ_pass": "기망으로 인한 재물의 교부가 있으면 이로써 곧 사기죄가 성립하고 상당한 대가가 지급되었다 하더라도 사기죄의 성립에 영향이 없는바, 재물을 편취하면서 선이자나 수수료 등의 명목으로 그 대가가 일부 지급된 경우에도 편취액은 교부받은 재물 전부이다."
    }
  ],
  "keyword_tagg": [
    {
      "id": 1,
      "keyword": "사기"
    },
    {
      "id": 2,
      "keyword": "선이자"
    },
    {
      "id": 3,
      "keyword": "수수료"
    },
    {
      "id": 4,
      "keyword": "재물편취"
    }
  ],
  "Reference_info": {
    "reference_rules": "[1] 형사소송법 제364조, 제369조, 제383조 제1호 [2] 형법 제347조 [3] 형법 제347조, 형사소송법 제383조 제1호",
    "reference_court_case": "[1] 대법원 2006. 6. 27. 선고 2005도4177 판결(공2006하, 1453) [2] 대법원 1995. 3. 24. 선고 95도203 판결(공1995상, 1786), 대법원 2000. 7. 7. 선고 2000도1899 판결(공2000하, 1911) [3] 대법원 2005. 4. 29. 선고 2005도741 판결(공2005상, 897)"
  },
  "Class_info": {
    "class_name": "형사A(생활형)",
    "instance_name": "사기"
  }
}