{
  "info": {
    "id": 51180590,
    "dataType": "판결문",
    "caseNm": "유기치사(선택적죄명:살인)·사기·사기미수",
    "caseTitle": "서울고등법원 2018. 2. 12., 선고, 2017노1950, 판결",
    "courtType": "판례(하급심)",
    "courtNm": "서울고등법원",
    "judmnAdjuDe": "2018-02-12",
    "caseNoID": "2017노1950",
    "caseNo": "2017노1950"
  },
  "jdgmn": "",
  "jdgmnInfo": [
    {
      "question": "보험사고의 우연성과 같은 보험의 본질을 해칠 정도라고 볼 수 있는 특별한 사정이 없는 한, 하자 있는 보험계약을 체결한 행위만으로는 미필적으로라도 보험금을 편취하려는 의사에 의한 기망행위의 실행에 착수한 것으로 볼 수 없는가?",
      "answer": "긍정"
    }
  ],
  "Summary": [
    {
      "summ_contxt": "타인의 사망을 보험사고로 하는 생명보험계약을 체결함에 있어 제3자가 피보험자인 것처럼 가장하여 체결하는 등으로 그 유효 요건이 갖추어지지 못한 경우에도, 그 보험계약 체결 당시에 이미 보험사고가 발생하였음에도 이를 숨겼다거나 보험사고의 구체적 발생 가능성을 예견할 만한 사정을 인식하고 있었던 경우 또는 고의로 보험사고를 일으키려는 의도를 가지고 보험계약을 체결한 경우와 같이 보험사고의 우연성과 같은 보험의 본질을 해칠 정도라고 볼 수 있는 특별한 사정이 없는 한, 그와 같이 하자 있는 보험계약을 체결한 행위만으로는 미필적으로라도 보험금을 편취하려는 의사에 의한 기망행위의 실행에 착수한 것으로 볼 것은 아니다.",
      "summ_pass": "보험사고의 우연성과 같은 보험의 본질을 해칠 정도라고 볼 수 있는 특별한 사정이 없는 한, 그와 같이 하자 있는 보험계약을 체결한 행위만으로는 미필적으로라도 보험금을 편취하려는 의사에 의한 기망행위의 실행에 착수한 것으로 볼 것은 아니다."
    }
  ],
  "keyword_tagg": [
    {
      "id": 1,
      "keyword": "하자 있는 의사"
    }
  ],
  "Reference_info": {
    "reference_rules": "",
    "reference_court_case": ""
  },
  "Class_info": {
    "class_name": "형사A(생활형)",
    "instance_name": "유기치사"
  }
}