{
  "info": {
    "id": 43014057,
    "dataType": "판결문",
    "caseNm": "강도치상·특수강도·절도·주거침입",
    "caseTitle": "대구고등법원 2018. 8. 30. 선고 2018노228 판결 : 상고",
    "courtType": "판례(하급심)",
    "courtNm": "대구고등법원",
    "judmnAdjuDe": "2018-08-30",
    "caseNoID": "2018노228",
    "caseNo": "2018노228"
  },
  "jdgmn": "피고인이 야간에 피해자 甲이 주거지에 있다는 것을 확인하고 출입문 유리창을 깨뜨리고 안으로 침입하였는데, 그 소리를 듣고 안방에서 나오던 甲을 향하여 돌진하자 甲이 그에 놀라 뒤로 넘어져 상해를 입게 되고, 甲이 다시 일어나 바닥에 앉자 甲을 폭행·협박하여 돈을 강취하였다는 내용의 강도치상으로 기소된 사안에서, 피고인이 당시 상해의 고의를 가지고 있지 않았다거나 혹은 甲이 입게 된 상해가 피고인의 직접적인 폭행·협박에 의하여 발생한 것은 아니더라도, 상해는 야간주거침입강도의 기회에 발생한 것으로서 피고인의 강도 범행과 인과관계가 있고, 상해의 결과 발생도 충분히 예견 가능한 범위 내에 있었다는 이유로 강도치상죄가 성립한다고 한 사례",
  "jdgmnInfo": [
    {
      "question": "주거침입을 한 시점에 야간주거침입강도죄의 실행에 착수한 것인지?",
      "answer": "긍정"
    }
  ],
  "Summary": [
    {
      "summ_contxt": "특수강도의 일종인 야간주거침입강도죄는 주거침입과 강도의 결합범으로서 시간적으로 주거침입행위가 선행되므로 주거침입을 한 시점에 야간주거침입강도죄의 실행에 착수한 것으로 볼 것이다.",
      "summ_pass": "야간주거침입강도죄는 시간적으로 주거침입행위가 선행되므로 주거침입을 한 시점에 실행의 착수가 인정된다."
    }
  ],
  "keyword_tagg": [
    {
      "id": 1,
      "keyword": "야간주거침입강도"
    },
    {
      "id": 2,
      "keyword": "결합범"
    }
  ],
  "Reference_info": {
    "reference_rules": "형법 제15조 제2항, 제17조, 제334조 제1항, 제337조",
    "reference_court_case": "대법원 1994. 9. 13. 선고 94도1335 판결, 대법원 1992. 7. 28. 선고 92도917 판결, 대법원 1985. 1. 15. 선고 84도2397 판결"
  },
  "Class_info": {
    "class_name": "형사A(생활형)",
    "instance_name": "강도"
  }
}