{
  "info": {
    "id": 42016992,
    "dataType": "판결문",
    "caseNm": "횡령·전자금융거래법위반",
    "caseTitle": "대법원 2019. 4. 3. 선고 2018도7955 판결",
    "courtType": "판례(대법원)",
    "courtNm": "대법원",
    "judmnAdjuDe": "2019-04-03",
    "caseNoID": "2018도7955",
    "caseNo": "2018도7955"
  },
  "jdgmn": "계좌명의인이 송금·이체의 원인이 되는 법률관계가 존재하지 않음에도 계좌이체에 의하여 예금채권 상당의 돈을 취득한 경우, 그와 같이 송금·이체된 돈에 대하여 송금의뢰인을 위하여 보관하는 지위에 있는지 여부(적극) 및 이때 계좌명의인이 그 돈을 그대로 보관하지 않고 영득할 의사로 인출하면 횡령죄가 성립하는지 여부(적극) / 계좌명의인이 개설한 예금계좌가 사기 범행에 이용되어 그 계좌에 피해자가 사기피해금을 송금·이체한 경우, 계좌명의인이 그 돈을 영득할 의사로 인출하면 피해자에 대한 횡령죄가 성립하는지 여부(적극)",
  "jdgmnInfo": [
    {
      "question": "계좌명의인이 개설한 예금계좌가 사기 범행에 이용되어 그 계좌에 피해자가 사기피해금을 송금·이체한 경우, 계좌명의인이 그 돈을 영득할 의사로 인출하면 피해자에 대한 횡령죄가 성립하는가?",
      "answer": "긍정"
    }
  ],
  "Summary": [
    {
      "summ_contxt": "계좌명의인이 송금·이체의 원인이 되는 법률관계가 존재하지 않음에도 계좌이체에 의하여 취득한 예금채권 상당의 돈은 송금의뢰인에게 반환하여야 할 성격의 것이므로, 계좌명의인은 그와 같이 송금·이체된 돈에 대하여 송금의뢰인을 위하여 보관하는 지위에 있다고 보아야 한다. 따라서 계좌명의인이 그와 같이 송금·이체된 돈을 그대로 보관하지 않고 영득할 의사로 인출하면 횡령죄가 성립한다. 이러한 법리는 계좌명의인이 개설한 예금계좌가 사기 범행에 이용되어 그 계좌에 피해자가 사기피해금을 송금·이체한 경우에도 마찬가지로 적용된다. 계좌명의인이 개설한 예금계좌가 사기 범행에 이용되어 그 계좌에 피해자가 사기피해금을 송금·이체한 경우 계좌명의인은 피해자와 사이에 아무런 법률관계 없이 송금·이체된 사기피해금을 피해자에게 반환하여야 하므로 피해자를 위하여 사기피해금을 보관하는 지위에 있다고 보아야 하고, 만약 계좌명의인이 그 돈을 영득할 의사로 인출하면 피해자에 대한 횡령죄가 성립한다.",
      "summ_pass": "계좌명의인이 개설한 예금계좌가 사기 범행에 이용되어 그 계좌에 피해자가 사기피해금을 송금·이체한 경우 계좌명의인은 피해자와 사이에 아무런 법률관계 없이 송금·이체된 사기피해금을 피해자에게 반환하여야 하므로 피해자를 위하여 사기피해금을 보관하는 지위에 있다고 보아야 하고, 만약 계좌명의인이 그 돈을 영득할 의사로 인출하면 피해자에 대한 횡령죄가 성립한다."
    }
  ],
  "keyword_tagg": [
    {
      "id": 1,
      "keyword": "계좌명의인"
    },
    {
      "id": 2,
      "keyword": "사기피해금"
    }
  ],
  "Reference_info": {
    "reference_rules": "형법 제347조, 제355조 제1항",
    "reference_court_case": "대법원 2018. 7. 19. 선고 2017도17494 전원합의체 판결(공2018하, 1801), 대법원 2018. 7. 26. 선고 2017도21715 판결"
  },
  "Class_info": {
    "class_name": "형사A(생활형)",
    "instance_name": "횡령"
  }
}