{
  "info": {
    "id": 42016998,
    "dataType": "판결문",
    "caseNm": "특정경제범죄가중처벌등에관한법률위반(사기)·유가증권위조(일부인정된죄명:유가증권변조)·위조유가증권행사(일부인정된죄명:변조유가증권행사)·사문서위조(일부인정된죄명:사문서변조)·위조사문서행사(일부인정된죄명:변조사문서행사)·외국환거래법위반",
    "caseTitle": "대법원 2019. 1. 31. 선고 2018도16474 판결",
    "courtType": "판례(대법원)",
    "courtNm": "대법원",
    "judmnAdjuDe": "2019-01-31",
    "caseNoID": "2018도16474",
    "caseNo": "2018도16474"
  },
  "jdgmn": "[1] 외국환거래법 제29조 제1항 제3호, 제18조 제1항 본문에 의하여 처벌 대상이 되는 ‘미신고 자본거래’는 개별적으로 이루어지는 자본거래 금액이 10억 원 이상인 경우를 의미하는지 여부(원칙적 적극)\n[2] 피고인 甲 주식회사의 대표이사 피고인 乙이 거주자로서 지정거래외국환은행의 장에게 신고하지 아니하고 해외에서 비거주자인 해외 금융기관과 예금거래계약을 체결한 후 총 31회에 걸쳐 미화 합계 4,555,785달러(한화 5,217,684,306원 상당)의 외화예금거래를 함으로써 미신고 자본거래를 하였다고 하여 외국환거래법 위반으로 기소되었는데, 미신고 외화예금거래 중 10억 원을 초과하는 거래는 한 건도 없고 일정 거래금액을 합하면 합계액이 10억 원을 초과하는 사안에서, 피고인들의 행위가 같은 법 제29조 제1항 제3호, 제18조 제1항 본문 위반죄의 구성요건을 충족하지 못한다고 한 사례",
  "jdgmnInfo": [
    {
      "question": "외국환거래법 제29조 제1항 제3호, 제18조 제1항 본문에 의하여 처벌 대상이 되는 ‘미신고 자본거래’는 개별적으로 이루어지는 자본거래 금액이 10억 원 이상인 경우를 의미하는가?",
      "answer": "긍정"
    }
  ],
  "Summary": [
    {
      "summ_contxt": "관련 규정의 연혁 및 내용을 형벌법규 해석의 원칙, 포괄일죄에 관한 법리 등에 비추어 살펴보면, 외국환거래법 제29조 제1항 제3호, 제18조 제1항 본문에 의하여 처벌 대상이 되는 미신고 자본거래는, 금액을 일부러 나누어 거래하는 이른바 ‘분할거래 방식’의 자본거래에 해당한다는 등의 특별한 사정이 없는 한, 개별적으로 이루어지는 자본거래 금액이 10억 원 이상인 경우를 의미한다고 보아야 한다.",
      "summ_pass": "외국환거래법 제29조 제1항 제3호, 제18조 제1항 본문에 의하여 처벌 대상이 되는 미신고 자본거래는, 개별적으로 이루어지는 자본거래 금액이 10억 원 이상인 경우를 의미한다고 보아야 한다."
    }
  ],
  "keyword_tagg": [
    {
      "id": 1,
      "keyword": "미신고 자본거래"
    },
    {
      "id": 2,
      "keyword": "분할거래"
    }
  ],
  "Reference_info": {
    "reference_rules": "[1] 헌법 제12조 제1항, 형법 제1조 제1항, 제37조, 구 외국환거래법(2009. 1. 30. 법률 제9351호로 개정되기 전의 것) 제18조 제1항, 제28조 제1항 제4호(현행 제29조 제1항 제3호 참조), 구 외국환거래법(2011. 4. 30. 법률 제10618호로 개정되기 전의 것) 제18조 제1항, 제29조 제1항 제6호(현행 제29조 제1항 제3호 참조), 제32조 제1항 제3호(현행 제32조 제1항 제4호 참조), 구 외국환거래법(2017. 1. 17. 법률 제14525호로 개정되기 전의 것) 제18조 제1항, 제29조 제1항 제6호(현행 제29조 제1항 제3호 참조), 제32조 제1항 제4호, 외국환거래법 제1조, 제3조 제1항 제19호 (가)목, 제18조 제1항, 제29조 제1항 제3호, 제32조 제1항 제4호, 구 외국환거래법 시행령(2011. 7. 25. 대통령령 제23041호로 개정되기 전의 것) 제40조 제2호(현행 제40조 제1항 제2호 참조), 구 외국환거래법 시행령(2016. 3. 22. 대통령령 제27038호로 개정되기 전의 것) 제40조 제2호(현행 제40조 제1항 제2호 참조), 구 외국환거래법 시행령(2016. 5. 31. 대통령령 제27184호로 개정되기 전의 것) 제40조 제2호(현행 제40조 제1항 제2호 참조), 구 외국환거래법 시행령(2017. 6. 27. 대통령령 제28145호로 개정되기 전의 것) 제40조 제1항 제2호, 외국환거래법 시행령 제40조 제1항 제2호 [2] 헌법 제12조 제1항, 형법 제1조 제1항, 제37조, 구 외국환거래법(2017. 1. 17. 법률 제14525호로 개정되기 전의 것) 제18조 제1항, 제29조 제1항 제6호(현행 제29조 제1항 제3호 참조), 제31조, 제32조 제1항 제4호, 외국환거래법 제18조 제1항, 제29조 제1항 제3호, 제31조, 제32조 제1항 제4호, 구 외국환거래법 시행령(2017. 6. 27. 대통령령 제28145호로 개정되기 전의 것) 제40조 제1항 제2호, 외국환거래법 시행령 제40조 제1항 제2호, 형사소송법 제325조",
    "reference_court_case": "[1] 대법원 2015. 12. 23. 선고 2013도15113 판결, 대법원 2016. 3. 10. 선고 2015도17847 판결(공2016상, 596)"
  },
  "Class_info": {
    "class_name": "형사A(생활형)",
    "instance_name": "특정경제범죄가중처벌"
  }
}