{
  "info": {
    "id": 43013927,
    "dataType": "판결문",
    "caseNm": "폭력행위등처벌에관한법률위반(변경된 죄명: 특수감금)[형제복지원 비상상고 사건]",
    "caseTitle": "대법원 2021. 3. 11. 선고 2018오2 판결",
    "courtType": "판례(대법원)",
    "courtNm": "대법원",
    "judmnAdjuDe": "2021-03-11",
    "caseNoID": "2018오2",
    "caseNo": "2018오2"
  },
  "jdgmn": "비상상고 제도의 의의와 기능 / 형사소송법이 정한 비상상고이유인 ‘그 사건의 심판이 법령에 위반한 때’의 의미 및 단순히 법령을 적용하는 과정에서 전제가 되는 사실을 오인함에 따라 법령위반의 결과를 초래한 경우가 여기에 해당하는지 여부(소극)",
  "jdgmnInfo": [
    {
      "question": "형사소송법이 정한 비상상고이유인 ‘그 사건의 심판이 법령에 위반한 때’란 확정판결에서 인정한 사실을 변경하지 않고 이를 전제로 한 실체법의 적용에 관한 위법이나 그 사건에서의 절차법상의 위배가 있을 때를 의미하는가?",
      "answer": "긍정"
    }
  ],
  "Summary": [
    {
      "summ_contxt": "비상상고 제도는 이미 확정된 판결에 대하여 법령 적용의 오류를 시정함으로써 법령의 해석·적용의 통일을 도모하려는 데에 그 목적이 있다. 형사소송법이 확정판결을 시정하는 또 다른 절차인 재심과는 달리, 비상상고의 이유를 심판의 법령위반에, 신청권자를 검찰총장에, 관할법원을 대법원에 각각 한정하여 인정하고(제441조), 비상상고 판결의 효력이 일정한 경우를 제외하고는 피고인에게 미치지 않도록 규정한 것도(제447조) 이러한 제도 본래의 의의와 기능을 고려하였기 때문이다.\n이와 같은 비상상고 제도의 의의와 기능은 적법한 비상상고이유의 의미가 무엇인지, 그 범위가 어디까지인지를 해석·판단하는 때에도 중요한 지침이 된다. 형사소송법이 정한 비상상고이유인 ‘그 사건의 심판이 법령에 위반한 때’란 확정판결에서 인정한 사실을 변경하지 아니하고 이를 전제로 한 실체법의 적용에 관한 위법 또는 그 사건에서의 절차법상의 위배가 있는 경우를 뜻한다.",
      "summ_pass": "비상상고 제도는 이미 확정된 판결에 대하여 법령의 해석·적용의 통일을 도모하려는 데에 그 목적이 있기에 형사소송법이 정한 비상상고이유인 ‘그 사건의 심판이 법령에 위반한 때’란 확정판결에서 인정한 사실을 변경하지 아니하고 이를 전제로 한 실체법의 적용에 관한 위법 또는 그 사건에서의 절차법상의 위배가 있는 경우를 의미한다."
    }
  ],
  "keyword_tagg": [
    {
      "id": 1,
      "keyword": "비상상고"
    },
    {
      "id": 2,
      "keyword": "법령위반"
    },
    {
      "id": 3,
      "keyword": "법령의 해석"
    }
  ],
  "Reference_info": {
    "reference_rules": "형사소송법 제441조, 제447조 [2] 형사소송법 제441조",
    "reference_court_case": "대법원 1962. 9. 27. 선고 62오1 판결, 대법원 2005. 3. 11. 선고 2004오2 판결(공2005상, 629)"
  },
  "Class_info": {
    "class_name": "형사A(생활형)",
    "instance_name": "폭력행위"
  }
}