{
  "info": {
    "id": 42016060,
    "dataType": "판결문",
    "caseNm": "업무상횡령·배임수재·특정경제범죄가중처벌등에관한법률위반(배임)(일부인정된죄명:업무상배임)·업무상배임·뇌물공여·특정경제범죄가중처벌등에관한법률위반(횡령)·특정경제범죄가중처벌등에관한법률위반(사기)·자본시장과금융투자업에관한법률위반",
    "caseTitle": "대법원 2019. 6. 13. 선고 2018도20655 판결",
    "courtType": "판례(대법원)",
    "courtNm": "대법원",
    "judmnAdjuDe": "2019-06-13",
    "caseNoID": "2018도20655",
    "caseNo": "2018도20655"
  },
  "jdgmn": "[1] 배임수증재죄에서 타인의 업무를 처리하는 자에게 공여한 금품에 부정한 청탁의 대가로서의 성질과 그 외의 행위에 대한 사례로서의 성질이 불가분적으로 결합되어 있는 경우, 그 전부가 부정한 청탁의 대가로서의 성질을 갖는지 여부(적극)\n[2] 경영상의 판단과 관련하여 기업의 경영자에게 배임의 고의가 있었는지 판단하는 기준\n[3] 비상장주식을 거래한 경우, 주식의 시가를 평가하는 방법",
  "jdgmnInfo": [
    {
      "question": "배임수증재죄에서 타인의 업무를 처리하는 자에게 공여한 금품에 부정한 청탁의 대가로서의 성질과 그 외의 행위에 대한 사례로서의 성질이 불가분적으로 결합되어 있는 경우, 그 전부가 부정한 청탁의 대가로서의 성질을 갖는가?",
      "answer": "긍정"
    }
  ],
  "Summary": [
    {
      "summ_contxt": "배임수증재죄에 있어서 타인의 업무를 처리하는 자에게 공여한 금품에 부정한 청탁의 대가로서의 성질과 그 외의 행위에 대한 사례로서의 성질이 불가분적으로 결합되어 있는 경우에는 그 전부가 불가분적으로 부정한 청탁의 대가로서의 성질을 갖는 것으로 보아야 한다(대법원 2012. 5. 24. 선고 2012도535 판결 등 참조).",
      "summ_pass": "배임수증재죄에 있어서 타인의 업무를 처리하는 자에게 공여한 금품에 부정한 청탁의 대가로서의 성질과 그 외의 행위에 대한 사례로서의 성질이 불가분적으로 결합되어 있는 경우에는 그 전부가 불가분적으로 부정한 청탁의 대가로서의 성질을 갖는 것으로 보아야 한다."
    }
  ],
  "keyword_tagg": [
    {
      "id": 1,
      "keyword": "부정한 청탁"
    },
    {
      "id": 2,
      "keyword": "대가"
    },
    {
      "id": 3,
      "keyword": "사례"
    }
  ],
  "Reference_info": {
    "reference_rules": "[1] 형법 제357조 제1항, 제2항 [2] 형법 제13조, 제355조 제2항, 제356조, 형사소송법 제308조 [3] 형법 제355조 제2항, 제356조",
    "reference_court_case": "[1] 대법원 2012. 5. 24. 선고 2012도535 판결(공2012하, 1178), 대법원 2015. 7. 23. 선고 2015도3080 판결 [2] 대법원 2010. 1. 14. 선고 2007도10415 판결, 대법원 2014. 11. 27. 선고 2013도2858 판결 [3] 대법원 2005. 4. 29. 선고 2005도856 판결(공2005상, 902), 대법원 2007. 3. 15. 선고 2004도5742 판결(공2007상, 569), 대법원 2014. 2. 27. 선고 2013도12155 판결"
  },
  "Class_info": {
    "class_name": "형사A(생활형)",
    "instance_name": "배임"
  }
}