{
  "info": {
    "id": 43014047,
    "dataType": "판결문",
    "caseNm": "국민체육진흥법위반(도박개장등)·도박공간개설·국민체육진흥법위반(도박등)·상습도박·신용정보의이용및보호에관한법률위반교사·위증",
    "caseTitle": "대법원 2018. 10. 30. 선고 2018도7172 전원합의체 판결",
    "courtType": "판례(대법원)",
    "courtNm": "대법원",
    "judmnAdjuDe": "2018-10-30",
    "caseNoID": "2018도7172",
    "caseNo": "2018도7172"
  },
  "jdgmn": "[1] 2012. 2. 17. 법률 제11309호로 개정된 국민체육진흥법 제26조가 제1항의 ‘유사행위’를 금지하는 외에, 제2항에 제1항 행위와 관련한 제1, 2, 3호 각 행위를 금지하는 조항을 신설한 취지 및 특히 그중에서도 제1호 행위를 금지하고 그 위반행위자를 처벌하도록 한 취지\n[2] 정보통신망을 이용하여 체육진흥투표권 등을 발행하는 시스템에서 경기의 승부에 걸기 위하여 체육진흥투표권 등의 구매에 없어서는 안 되는 게임머니를 그 시스템 운영자를 통하여 미리 확보해 두었다가 이용자들에게서 돈을 받고 이를 충전시켜 주는 행위가 국민체육진흥법 제26조 제2항 제1호 행위 중 위 발행 시스템을 공중이 이용할 수 있도록 제공하는 행위에 해당하는지 여부(적극) 및 위 발행 시스템의 관리 권한을 가진 운영자만이 이를 공중의 이용에 제공할 수 있는지 여부(소극) / 위 제1호 행위 등을 해석할 때 고려하여야 할 사항\n[3] 피고인들이 甲 등과 공모하여, 해외 베팅사이트의 운영업체와 중계계약을 체결하여 중계사이트를 개설한 후 불특정 다수의 내국인들을 회원으로 모집하고 회원들로 하여금 중계사이트를 통해 해외 베팅사이트에서 제공하는 각종 스포츠 경기의 승부에 베팅을 하게 하여 베팅이 적중할 경우 미리 정해진 비율에 따라 환전을 해주고, 적중하지 못하면 베팅금을 자신들이 취득하는 방법으로 중계사이트를 운영함으로써 국민체육진흥법을 위반하였다는 내용으로 기소된 사안에서, 피고인들의 행위가 같은 법 제26조 제2항 제1호에서 규정하는 ‘정보통신망을 이용하여 체육진흥투표권 등을 발행하는 시스템을 공중이 이용할 수 있도록 제공하는 행위’에 해당한다고 한 사례",
  "jdgmnInfo": [
    {
      "question": "정보통신망을 이용하여 체육진흥투표권 등을 발행하는 시스템에서 경기의 승부에 걸기 위하여 체육진흥투표권 등의 구매에 없어서는 안 되는 게임머니를 그 시스템 운영자를 통하여 미리 확보해 두었다가 이용자들에게서 돈을 받고 이를 충전시켜 주는 행위가 국민체육진흥법 제26조 제2항 제1호 행위 중 위 발행 시스템을 공중이 이용할 수 있도록 제공하는 행위에 해당하는지?",
      "answer": "긍정"
    }
  ],
  "Summary": [
    {
      "summ_contxt": "체육진흥투표권 또는 이와 비슷한 것(이하 ‘체육진흥투표권 등’이라고 한다)을 발행(정보통신망에 의한 발행을 포함한다)하여 결과를 적중시킨 자에게 재물이나 재산상의 이익을 제공하는 행위(유사행위, 이하 ‘제1항 행위’라고 한다)의 금지규정인 국민체육진흥법(이하 ‘법’이라고 한다) 제26조 제1항 및 그 위반행위자에 대한 처벌규정인 법 제47조 제2호에 의한 처벌 대상은, 체육진흥투표권 등을 발행하는 시스템이 갖추어져 있는 불법 스포츠 도박 사이트의 운영자 및 그 운영자의 공범이 해당된다.\n제1항 행위에는 ‘체육진흥투표권 등을 발행’하는 것과 ‘결과를 적중시킨 자에게 재물이나 재산상의 이익을 제공’하는 것을 모두 구성요건적 요소로 삼고 있어 체육진흥투표권 등을 발행하기만 하고 결과를 적중시킨 자에게 재물이나 재산상의 이익을 제공하지 않는 경우 또는 체육진흥투표권 등을 발행하지 않은 채 결과를 적중시킨 자에게 재물이나 재산상의 이익을 제공하기만 하는 경우에는 제1항 행위자로 처벌할 수 없다. 결국 위 두 구성요건 모두에 대하여 각기 기능적 행위지배를 하는 경우에만 제1항 행위의 공동정범으로 처벌할 수 있다.",
      "summ_pass": "국민체육진흥법이 금지하는 체육진흥투표권 또는 이와 비슷한 것을 발행하여 결과를 적중시킨 자에게 재물이나 재산상의 이익을 제공하는 행위(유사행위)의 처벌대상은 발행시스템이 갖추어져 있는 불법 스포츠 도박 사이트의 운영자 및 그 운영자의 공범이며, ‘체육진흥투표권 등을 발행’하는 것과 ‘결과를 적중시킨 자에게 재물이나 재산상의 이익을 제공’하는 두 구성요건 모두에 대하여 각기 기능적 행위지배를 하는 경우에만 공동정범으로 처벌할 수 있다."
    }
  ],
  "keyword_tagg": [
    {
      "id": 1,
      "keyword": "국민체육진흥법"
    },
    {
      "id": 2,
      "keyword": "유사행위"
    }
  ],
  "Reference_info": {
    "reference_rules": "[1] 구 국민체육진흥법(2012. 2. 17. 법률 제11309호로 개정되기 전의 것) 제26조(현행 제26조 제1항 참조), 제53조(현행 제47조 제2호 참조), 국민체육진흥법 제26조 제1항, 제2항, 제47조 제2호, 제48조 제4호, 제49조 제1호 [2] 헌법 제12조 제1항, 형법 제1조 제1항, 제30조, 국민체육진흥법 제26조 제1항, 제2항, 제47조 제2호, 제48조 제4호, 제49조 제1호 [3] 헌법 제12조 제1항, 형법 제1조 제1항, 제30조, 국민체육진흥법 제26조 제2항 제1호, 제3호, 제48조 제4호, 제49조 제1호",
    "reference_court_case": "[2] 대법원 2017. 1. 12. 선고 2016도18119 판결(공2017상, 437)"
  },
  "Class_info": {
    "class_name": "형사A(생활형)",
    "instance_name": "도박"
  }
}