{
  "info": {
    "id": 43014032,
    "dataType": "판결문",
    "caseNm": "특수강도·특수강도미수·사기·식품위생법위반·배상명령신청",
    "caseTitle": "서울동부지방법원 2019. 11. 15. 선고 2019고합136 판결 : 항소",
    "courtType": "판례(하급심)",
    "courtNm": "서울동부지방법원",
    "judmnAdjuDe": "2019-11-15",
    "caseNoID": "2019고합136",
    "caseNo": "2019고합136"
  },
  "jdgmn": "피고인들은 모두 유흥주점에서 일하는 자들로서, 피고인 甲은 주점을 총괄하여 운영하는 업주이고, 피고인 乙은 전무, 피고인 丙은 지배인, 피고인 丁은 웨이터, 피고인 戊는 피고인 甲에게 고용되어 호객행위를 하는 속칭 ‘삐끼’인데, 피고인 乙, 丙, 丁, 戊는 합동하여, 피고인 甲은 피고인 乙, 丙, 丁, 戊와 공모하여, 취객을 상대로 호객행위를 하여 주점으로 유인한 다음 손님인 피해자들에게 가짜 양주를 급하게 마시도록 하여 만취상태에 이르게 하고 피해자들의 신용카드 등으로 과다한 금액의 술값을 결제하는 방법으로 피해자들로부터 재산상 이익을 취득하거나 취득하려다가 미수에 그쳤다고 하여 특수강도 및 특수강도미수의 공소사실로 기소된 사안에서, 피고인들에게 유죄를 선고한 사례",
  "jdgmnInfo": [
    {
      "question": "공동정범은 공동가공의 의사와 그 공동의사에 기한 기능적 행위지배를 통한 범죄 실행이라는 주관적·객관적 요건을 충족하면 성립하고, 합동범처럼 현장에서의 실행행위 분담이라는 협동관계는 객관적 요건으로서 필요하지 않은 것인가?",
      "answer": "긍정"
    }
  ],
  "Summary": [
    {
      "summ_contxt": "형법 제30조의 공동정범은 공동가공의 의사와 그 공동의사에 기한 기능적 행위지배를 통한 범죄 실행이라는 주관적·객관적 요건을 충족함으로써 성립하고, 공모자 중 구성요건 행위 일부를 직접 분담하여 실행하지 않은 자라고 하더라도, 전체 범죄에 있어서 그가 차지하는 지위, 역할이나 범죄 경과에 대한 지배 내지 장악력 등을 종합해 볼 때 단순한 공모자에 그치는 것이 아니라 범죄에 대한 본질적 기여를 통한 기능적 행위지배가 존재하는 것으로 인정되는 때에는, 다른 공모자에 의하여 실행된 범행에 대하여 공모공동정범으로서의 죄책을 진다.",
      "summ_pass": "형법 제30조의 공동정범은 공모자 중 직접 범죄행위를 분담하여 실행하지 않은 자라고 하더라도, 전체 범죄에 있어서 그의 지위, 역할이나 장악력 등을 종합해 볼 때 본질적 기여를 통한 기능적 행위지배가 존재하는 것으로 인정되는 때에는, 공모공동정범으로서의 죄책을 진다."
    }
  ],
  "keyword_tagg": [
    {
      "id": 1,
      "keyword": "공동정범"
    },
    {
      "id": 2,
      "keyword": "공모공동정범"
    }
  ],
  "Reference_info": {
    "reference_rules": "형법 제30조, 제333조, 제334조 제2항, 제342조",
    "reference_court_case": ""
  },
  "Class_info": {
    "class_name": "형사A(생활형)",
    "instance_name": "강도"
  }
}