{
  "info": {
    "id": 42016894,
    "dataType": "판결문",
    "caseNm": "특정범죄가중처벌등에관한법률위반(뇌물)·특정범죄가중처벌등에관한법률위반(국고등손실)[일부인정된죄명:특정경제범죄가중처벌등에관한법률위반(횡령)]·업무상횡령[변경된주위적죄명:특정범죄가중처벌등에관한법률위반(국고등손실)·인정된예비적죄명:업무상횡령]",
    "caseTitle": "대법원 2019. 11. 28. 선고 2019도11766 판결",
    "courtType": "판례(대법원)",
    "courtNm": "대법원",
    "judmnAdjuDe": "2019-11-28",
    "caseNoID": "2019도11766",
    "caseNo": "2019도11766"
  },
  "jdgmn": "[1] 횡령 범행으로 취득한 돈을 공범자끼리 수수한 행위가 공동정범들 사이의 범행에 의하여 취득한 돈을 공모에 따라 내부적으로 분배한 것에 지나지 않는 경우, 별도로 그 돈의 수수행위에 관하여 뇌물죄가 성립하는지 여부(소극) 및 그와 같이 수수한 돈의 성격을 뇌물로 볼 것인지 횡령금의 분배로 볼 것인지 판단하는 기준\n[2] 회계관계직원 등의 책임에 관한 법률 제2조에서 정한 ‘회계관계직원’의 의미 / 중앙관서의 장이 소속 공무원에게 회계관계업무를 위임하지 않았거나 또는 법령상 중앙관서의 장이 스스로 회계관계업무를 처리하도록 되어 있는 경우, 중앙관서의 장도 회계관계직원의 범위에 포함되는지 여부(적극)\n[3] 국가정보원장이 특별사업비 집행에 관하여 회계관계직원 등의 책임에 관한 법률 제2조 제1호 (카)목에서 정한 ‘그 밖에 국가의 회계사무를 처리하는 사람’에 해당하여 회계관계직원에 해당하는지 여부(적극)",
  "jdgmnInfo": [
    {
      "question": "횡령 범행으로 취득한 돈을 공범자끼리 수수한 행위가 공동정범들 사이의 범행에 의하여 취득한 돈을 공모에 따라 내부적으로 분배한 것에 지나지 않는 경우, 별도로 그 돈의 수수행위에 관하여 뇌물죄가 성립하는가?",
      "answer": "부정"
    }
  ],
  "Summary": [
    {
      "summ_contxt": "횡령 범행으로 취득한 돈을 공범자끼리 수수한 행위가 공동정범들 사이의 범행에 의하여 취득한 돈을 공모에 따라 내부적으로 분배한 것에 지나지 않는다면 별도로 그 돈의 수수행위에 관하여 뇌물죄가 성립하는 것은 아니다. 그와 같이 수수한 돈의 성격을 뇌물로 볼 것인지 횡령금의 분배로 볼 것인지 여부는 돈을 공여하고 수수한 당사자들의 의사, 수수된 돈의 액수, 횡령 범행과 수수행위의 시간적 간격, 수수한 돈이 횡령한 그 돈인지 여부, 수수한 장소와 방법 등을 종합적으로 고려하여 객관적으로 평가하여 판단하여야 한다.",
      "summ_pass": "횡령 범행으로 취득한 돈을 공범자끼리 수수한 행위가 공동정범들 사이의 범행에 의하여 취득한 돈을 공모에 따라 내부적으로 분배한 것에 지나지 않는다면 별도로 그 돈의 수수행위에 관하여 뇌물죄가 성립하는 것은 아니다."
    }
  ],
  "keyword_tagg": [
    {
      "id": 1,
      "keyword": "공동정범"
    },
    {
      "id": 2,
      "keyword": "수수행위"
    }
  ],
  "Reference_info": {
    "reference_rules": "[1] 형법 제30조, 제129조 제1항, 제355조 제1항 [2] 회계관계직원 등의 책임에 관한 법률 제1조, 제2조 제1호, 제4호, 국고금 관리법 제2조 제4호, 제6조, 제9조 제1항, 제19조, 제21조 제1항, 국가회계법 제6조 제1항 [3] 특정범죄 가중처벌 등에 관한 법률 제5조, 형법 제355조 제1항, 회계관계직원 등의 책임에 관한 법률 제2조 제1호 (카)목, 국고금 관리법 제2조 제4호, 제6조, 제19조, 국가회계법 제6조 제1항, 정부조직법 제2조, 제17조, 국가정보원법 제7조",
    "reference_court_case": "[1] 대법원 1997. 2. 25. 선고 94도3346 판결(공1997상, 1017), 대법원 2007. 10. 12. 선고 2005도7112 판결(공2007하, 1796) [2] 대법원 2001. 2. 23. 선고 99두5498 판결(공2001상, 780), 대법원 2004. 10. 27. 선고 2003도6534 판결, 대법원 2004. 10. 27. 선고 2003도6738 판결"
  },
  "Class_info": {
    "class_name": "형사A(생활형)",
    "instance_name": "특정범죄가중처벌"
  }
}