{
  "info": {
    "id": 42017321,
    "dataType": "판결문",
    "caseNm": "폭력행위등처벌에관한법률위반(공동주거침입)",
    "caseTitle": "대법원 2020. 3. 12. 선고 2019도16484 판결",
    "courtType": "판례(대법원)",
    "courtNm": "대법원",
    "judmnAdjuDe": "2020-03-12",
    "caseNoID": "2019도16484",
    "caseNo": "2019도16484"
  },
  "jdgmn": "[1] 건조물침입죄의 객체인 ‘건조물’의 개념 및 이에 포함되는 ‘위요지’의 의미\n[2] 피고인들이 골프장 부지에 설치된 사드(THAAD)기지 외곽 철조망을 미리 준비한 각목과 장갑을 이용해 통과하여 300m 정도 진행하다가 내곽 철조망에 도착하자 미리 준비한 모포와 장갑을 이용해 통과하여 사드기지 내부 1km 지점까지 진입함으로써 대한민국 육군과 주한미군이 관리하는 건조물에 침입하였다고 하여 폭력행위 등 처벌에 관한 법률 위반(공동주거침입)으로 기소된 사안에서, 위 사드기지의 부지는 기지 내 건물의 위요지에 해당한다는 이유로, 이와 달리 본 원심판결에 주거침입죄의 위요지에 관한 법리오해의 잘못이 있다고 한 사례",
  "jdgmnInfo": [
    {
      "question": "위요지란 건조물에 직접 부속한 토지로서 그 경계가 장벽 등에 의하여 물리적으로 명확하게 구획되어 있는 장소를 말하는가?",
      "answer": "긍정"
    }
  ],
  "Summary": [
    {
      "summ_contxt": "건조물침입죄에서 건조물이란 단순히 건조물 그 자체만을 말하는 것이 아니고 위요지를 포함하는 개념이다. 위요지란 건조물에 직접 부속한 토지로서 그 경계가 장벽 등에 의하여 물리적으로 명확하게 구획되어 있는 장소를 말한다.",
      "summ_pass": "위요지란 건조물에 직접 부속한 토지로서 그 경계가 장벽 등에 의하여 물리적으로 명확하게 구획되어 있는 장소를 말한다."
    }
  ],
  "keyword_tagg": [
    {
      "id": 1,
      "keyword": "건조물"
    },
    {
      "id": 2,
      "keyword": "위요지"
    }
  ],
  "Reference_info": {
    "reference_rules": "[1] 형법 제319조 제1항 [2] 형법 제319조 제1항, 폭력행위 등 처벌에 관한 법률 제2조 제2항 제1호",
    "reference_court_case": "[1] 대법원 2004. 6. 10. 선고 2003도6133 판결"
  },
  "Class_info": {
    "class_name": "형사A(생활형)",
    "instance_name": "폭력행위"
  }
}