{
  "info": {
    "id": 42017302,
    "dataType": "판결문",
    "caseNm": "특정범죄가중처벌등에관한법률위반(절도)·주거침입",
    "caseTitle": "대법원 2020. 5. 14. 선고 2019도18947 판결",
    "courtType": "판례(대법원)",
    "courtNm": "대법원",
    "judmnAdjuDe": "2020-05-14",
    "caseNoID": "2019도18947",
    "caseNo": "2019도18947"
  },
  "jdgmn": "2016. 1. 6. 법률 제13717호로 개정·시행된 특정범죄 가중처벌 등에 관한 법률 제5조의4 제5항 제1호가 형법 제35조(누범)와는 별개로 새로운 구성요건을 창설한 것인지 여부(적극) 및 위 처벌 규정에 정한 형에 다시 형법 제35조의 누범가중한 형기범위 내에서 처단형을 정하여야 하는지 여부(적극)",
  "jdgmnInfo": [
    {
      "question": "2016. 1. 6. 법률 제13717호로 개정·시행된 특정범죄 가중처벌 등에 관한 법률 제5조의4 제5항 제1호가 형법 제35조(누범)와는 별개로 새로운 구성요건을 창설한 것인가?",
      "answer": "긍정"
    }
  ],
  "Summary": [
    {
      "summ_contxt": "2016. 1. 6. 법률 제13717호로 개정·시행된 특정범죄 가중처벌 등에 관한 법률 제5조의4 제5항 제1호는 입법 취지가 반복적으로 범행을 저지르는 절도 사범에 관한 법정형을 강화하기 위한 데 있고, 조문의 체계가 일정한 구성요건을 규정하는 형식으로 되어 있으며, 적용요건이나 효과도 형법 제35조와 달리 규정되어 있다. 이러한 처벌 규정의 입법 취지, 형식 및 형법 제35조와의 차이점 등에 비추어 보면, 처벌 규정은 형법 제35조(누범) 규정과는 별개로 ‘형법 제329조부터 제331조까지의 죄(미수범 포함)를 범하여 세 번 이상 징역형을 받은 사람이 그 누범 기간 중에 다시 해당 범죄를 저지른 경우에 형법보다 무거운 법정형으로 처벌한다’는 내용의 새로운 구성요건을 창설한 것으로 해석해야 한다. 따라서 처벌 규정에 정한 형에 다시 형법 제35조의 누범가중한 형기범위 내에서 처단형을 정하여야 한다.",
      "summ_pass": "2016. 1. 6. 법률 제13717호로 개정·시행된 특정범죄 가중처벌 등에 관한 법률 제5조의4 제5항은 형법 제35조(누범) 규정과는 별개로 ‘형법 제329조부터 제331조까지의 죄(미수범 포함)를 범하여 세 번 이상 징역형을 받은 사람이 그 누범 기간 중에 다시 해당 범죄를 저지른 경우에 형법보다 무거운 법정형으로 처벌한다’는 내용의 새로운 구성요건을 창설한 것으로 해석해야 한다."
    }
  ],
  "keyword_tagg": [
    {
      "id": 1,
      "keyword": "누범"
    },
    {
      "id": 2,
      "keyword": "구성요건"
    },
    {
      "id": 3,
      "keyword": "누범가중"
    }
  ],
  "Reference_info": {
    "reference_rules": "특정범죄 가중처벌 등에 관한 법률 제5조의4 제5항 제1호, 형법 제35조, 제329조, 제330조, 제331조, 제342조",
    "reference_court_case": "대법원 1994. 9. 27. 선고 94도1391 판결(공1994하, 2915), 대법원 2006. 4. 28. 선고 2006도1296 판결, 대법원 2006. 12. 8. 선고 2006도6886 판결(공2007상, 171)"
  },
  "Class_info": {
    "class_name": "형사A(생활형)",
    "instance_name": "특정범죄가중처벌"
  }
}