{
  "info": {
    "id": 38016777,
    "dataType": "판결문",
    "caseNm": "강제추행",
    "caseTitle": "대전지방법원 2022. 1. 26. 선고 2021노3495 판결",
    "courtType": "판례(하급심)",
    "courtNm": "대전지방법원",
    "judmnAdjuDe": "2022-01-26",
    "caseNoID": "2021노3495",
    "caseNo": "2021노3495"
  },
  "jdgmn": "",
  "jdgmnInfo": [
    {
      "question": "행위 당시에 피해자가 이를 인식하지 못하였다고 하여 추행에 해당하지 않는다고 볼 수 있는가?",
      "answer": "부정"
    }
  ],
  "Summary": [
    {
      "summ_contxt": "피고인은 차량을 운전하여 이동하다가 차량을 일시 정차하고 전조등과 비상등을 켜둔 상태로 내린 후 아무런 이유 없이 이 사건 아파트 인근 사거리 횡단보도에서 신호를 기다리고 있던 피해자의 뒤를 따라갔다. 피해자는 아파트 놀이터에 이르러 의자에 앉아 이어폰을 끼고 친구와 전화통화를 하면서 담배를 피우고 있었는데, 피고인은 피해자의 등 뒤에 공소사실 기재와 같이 소변을 보았다. 어린 여성(16세)의 뒤로 접근하여 가방을 잡아당기면서 침을 뱉는 행위를 하여 폭행죄로 입건되었다가 피해자가 처벌의사를 철회하여 공소기각판결이 선고되었다.\n다. 위 사실관계에 따르면, 피고인은 처음 보는 여성인 피해자의 뒤로 몰래 접근하여 성기를 드러내고 피해자를 향한 자세에서 피해자의 등 쪽에 소변을 보았다고 할 것인바, 그 행위를 앞서 본 법리에 비추어 평가하면 객관적으로 일반인에게 성적 수치심이나 혐오감을 일으키게 하고 선량한 성적 도덕관념에 반하는 행위로서 피해자의 성적 자기결정권을 침해하는 추행행위에 해당한다. 피고인의 행위가 객관적으로 추행행위에 해당한다면 그로써 행위의 대상이 된 피해자의 성적 자기결정권은 침해되었다고 보아야 할 것이고, 행위 당시에 피해자가 이를 인식하지 못하였다고 하여 추행에 해당하지 않는다고 볼 것은 아니다. 이 점을 지적하는 검사의 주장은 이유 있다.\n원심판결 중 강제추행에 무죄를 선고한 부분을 파기한다.",
      "summ_pass": "피고인은 처음 보는 여성인 피해자의 뒤로 몰래 접근하여 성기를 드러내고 피해자를 향한 자세에서 피해자의 등 쪽에 소변을 보았다고 할 것인바, 그 행위를 앞서 본 법리에 비추어 평가하면 객관적으로 일반인에게 성적 수치심이나 혐오감을 일으키게 하고 선량한 성적 도덕관념에 반하는 행위로서 피해자의 성적 자기결정권을 침해하는 추행행위에 해당한다. 피고인의 행위가 객관적으로 추행행위에 해당한다면 그로써 행위의 대상이 된 피해자의 성적 자기결정권은 침해되었다고 보아야 할 것이고, 행위 당시에 피해자가 이를 인식하지 못하였다고 하여 추행에 해당하지 않는다고 볼 것은 아니다.\n원심판결 중 강제추행에 무죄를 선고한 부분을 파기한다."
    }
  ],
  "keyword_tagg": [
    {
      "id": 1,
      "keyword": "강제추행"
    }
  ],
  "Reference_info": {
    "reference_rules": "성폭력범죄의 처벌 등에 관한 특례법 제47조 제1항, 제49조 제1항, 아동·청소년의 성보호에 관한 법률 제49조 제1항",
    "reference_court_case": ""
  },
  "Class_info": {
    "class_name": "형사A(생활형)",
    "instance_name": "추행"
  }
}