{
  "info": {
    "id": 43013991,
    "dataType": "판결문",
    "caseNm": "성폭력범죄의처벌등에관한특례법위반(주거침입강제추행)",
    "caseTitle": "대법원 2023. 4. 13. 선고 2023도162 판결",
    "courtType": "판례(대법원)",
    "courtNm": "대법원",
    "judmnAdjuDe": "2023-04-13",
    "caseNoID": "2023도162",
    "caseNo": "2023도162"
  },
  "jdgmn": "피고인이 모텔 객실에 침입한 후 불을 끈 상태로 침대에 누워 있던 甲(女)의 가슴 등을 만져 甲을 강제추행하였다는 성폭력범죄의 처벌 등에 관한 특례법 위반(주거침입강제추행)의 공소사실에 대하여, 원심이 같은 법 제3조 제1항, 형법 제319조 제1항, 제298조를 적용하여 유죄로 인정하였는데, 원심판결 선고 후 헌법재판소가 성폭력범죄의 처벌 등에 관한 특례법 제3조 제1항 중 ‘형법 제319조 제1항(주거침입)의 죄를 범한 사람이 같은 법 제298조(강제추행) 등의 죄를 범한 경우에는 무기징역 또는 7년 이상의 징역에 처한다.’는 부분에 대하여 위헌결정을 선고한 사안에서, 위 법률조항 부분은 소급하여 효력을 상실하였으므로 원심판결은 그대로 유지될 수 없게 되었다고 한 사례",
  "jdgmnInfo": [
    {
      "question": "위헌결정으로 인하여 형벌에 관한 법률 또는 법률조항이 소급하여 효력을 상실한 경우 해당 법조를 적용하여 기소한 피고사건은 범죄로 되지 아니한 때에 해당하는가?",
      "answer": "긍정"
    }
  ],
  "Summary": [
    {
      "summ_contxt": "원심판결 선고 후 헌법재판소가 성폭력처벌법(2020. 5. 19. 법률 제17264호로 개정된 것) 제3조 제1항 중 ‘형법 제319조 제1항(주거침입)의 죄를 범한 사람이 같은 법 제298조(강제추행), 제299조(준강제추행) 가운데 제298조의 예에 의하는 부분의 죄를 범한 경우에는 무기징역 또는 7년 이상의 징역에 처한다.’는 부분에 대하여 위헌결정을 선고한 사안에서, 위 법률조항 부분은 헌법재판소법 제47조 제3항 본문에 따라 소급하여 효력을 상실하였고, 위헌결정으로 인하여 형벌에 관한 법률 또는 법률조항이 소급하여 효력을 상실한 경우 해당 법조를 적용하여 기소한 피고사건은 범죄로 되지 아니하는 때에 해당하므로, 공소사실을 유죄로 인정한 원심판결은 그대로 유지될 수 없게 되었다.",
      "summ_pass": "위헌결정으로 인하여 형벌에 관한 법률 또는 법률조항이 소급하여 효력을 상실한 경우 해당 법조를 적용하여 기소한 피고사건은 범죄로 되지 아니하는 때에 해당하므로, 공소사실을 유죄로 인정한 원심판결은 그대로 유지될 수 없다."
    }
  ],
  "keyword_tagg": [
    {
      "id": 1,
      "keyword": "주거침입"
    },
    {
      "id": 2,
      "keyword": "강제추행"
    },
    {
      "id": 3,
      "keyword": "준강제추행"
    },
    {
      "id": 4,
      "keyword": "위헌결정"
    }
  ],
  "Reference_info": {
    "reference_rules": "성폭력범죄의 처벌 등에 관한 특례법 제3조 제1항, 형법 제298조, 제319조 제1항 / 헌법재판소법 제47조 제3항",
    "reference_court_case": ""
  },
  "Class_info": {
    "class_name": "형사A(생활형)",
    "instance_name": "성폭력"
  }
}