{
  "info": {
    "id": 50879358,
    "dataType": "판결문",
    "caseNm": "배임·업무상횡령·업무방해",
    "caseTitle": "대법원 1979. 11. 27., 선고, 76도3962, 판결",
    "courtType": "판례(대법원)",
    "courtNm": "대법원",
    "judmnAdjuDe": "1979-11-27",
    "caseNoID": "76도3962",
    "caseNo": "76도3962"
  },
  "jdgmn": "가. 검찰 또는 경찰에서 진술한 내용이 틀림없다는 취지의 증언으로 동인에 대한 진술조서의 진정성립이 인정되는지 여부\n나. 주류제조면허의 양도자가 타인의 사무를 처리하는 자가 되는지 여부",
  "jdgmnInfo": [
    {
      "question": "주류제조면허의 양도자가 타인의 사무를 처리하는 자가 되는가?",
      "answer": "긍정"
    }
  ],
  "Summary": [
    {
      "summ_contxt": "주류제조면허의 양도계약은 양도인이 면허취소신청을 함과 동시에 양수인이 면허신청을 하는 방법으로 일반적으로 널리 행하여 지고 있으므로 이를 무효라 할 수 없으며 양도인의 면허취소신청은 양수인의 면허획득에 중요한 요소가 되는 것이므로 자기 자신의 사무인 동시에 양수인이 면허신청을 하여 면허를 얻는 사무의 일부를 이룩하고 있는 양수인의 사무라고 할 것이므로 그 의무불이행은 배임죄가 성립한다.",
      "summ_pass": "자기 자신의 사무인 동시에 양수인이 면허신청을 하여 면허를 얻는 사무의 일부를 이룩하고 있는 양수인의 사무라고 할 것이므로 그 의무불이행은 배임죄가 성립한다."
    }
  ],
  "keyword_tagg": [
    {
      "id": 1,
      "keyword": "배임"
    },
    {
      "id": 2,
      "keyword": "업무상횡령"
    },
    {
      "id": 3,
      "keyword": "업무방해"
    }
  ],
  "Reference_info": {
    "reference_rules": "형사소송법 제312조, 형법 제355조",
    "reference_court_case": "대법원 1976.9.28. 선고 76도2118 판결"
  },
  "Class_info": {
    "class_name": "형사A(생활형)",
    "instance_name": "배임"
  }
}