{
  "info": {
    "id": 50528646,
    "dataType": "판결문",
    "caseNm": "음란물건제조·약사법위반",
    "caseTitle": "대법원 1978. 11. 14., 선고, 78도2327, 판결",
    "courtType": "판례(대법원)",
    "courtNm": "대법원",
    "judmnAdjuDe": "1978-11-14",
    "caseNoID": "78도2327",
    "caseNo": "78도2327"
  },
  "jdgmn": "성기확대기가 음란물건인지 여부",
  "jdgmnInfo": [
    {
      "question": "성기확대기가 음란물건인가?",
      "answer": "부정"
    }
  ],
  "Summary": [
    {
      "summ_contxt": "원판결이 확정한 사실에 의하면 본건에서 문제가 된 “해면체비대기”는 그 구조와 작용방법으로 미루어 보면 남자의 성기(음경)를 크게 늘구는 데에 쓰려고 만든 도구(장치)라는 것이고, 이에 대한 원심판단은 음란한 물건으로 볼 수 없다는 취지의 설시이다. 기록과 증거물에 의하여 보면 해면체비대기는 일부에 음경을 넣게는 되어 있으나 원통으로 되어 있어 음경을 연상케 함도 없고, 그 전체에서 성에 관련된 어떤 뜻이 나온다고도 인정될 수 없으니, 그 기구자체가 성욕을 자극, 흥분 혹은 만족시키게 하는 음란물건이라고 할 수 없다 하리니 원판결이 음란물건으로 볼 수 없다고 판단한 조치는 짐짓 옳다. 그리고 피고인 3에 대한 논지는 원심법관의 전권행사를 비의하는데 불과하다.",
      "summ_pass": "기록과 증거물에 의하여 보면 해면체비대기는 일부에 음경을 넣게는 되어있으나 원통으로 되어 있어 음경을 연상케 함도 없고, 그 전체에서 성에 관련된 어떤 뜻이 나온다고도 인정될 수 없으니, 그 기구자체가 성욕을 자극, 흥분 혹은 만족시키게 하는 음란물건이라고 할 수 없다."
    }
  ],
  "keyword_tagg": [
    {
      "id": 1,
      "keyword": "음란물건"
    }
  ],
  "Reference_info": {
    "reference_rules": "형법 제244조",
    "reference_court_case": ""
  },
  "Class_info": {
    "class_name": "형사A(생활형)",
    "instance_name": "음란물건제조"
  }
}