{
  "info": {
    "id": 52311184,
    "dataType": "판결문",
    "caseNm": "외국환관리법위반",
    "caseTitle": "대법원 1979. 1. 23., 선고, 78도3039, 판결",
    "courtType": "판례(대법원)",
    "courtNm": "대법원",
    "judmnAdjuDe": "1979-01-23",
    "caseNoID": "78도3039",
    "caseNo": "78도3039"
  },
  "jdgmn": "외국에서의 체재비충당을 위한 금전차용이 외국환관리법 위반인지 여부",
  "jdgmnInfo": [
    {
      "question": "외국에서의 체재비충당을 위한 금전차용이 외국환관리법 위반인가?",
      "answer": "긍정"
    }
  ],
  "Summary": [
    {
      "summ_contxt": "외국에 있어서의 체재비 부족으로 인한 채권·채무의 당사자가 되는 것도 그것이 외국환 관리법시행령 제1항 제3호 단서의 규정에 의한 당국의 허가, 승인 또는 인증이 없는 한 외국환관리법의 규정에 저촉된다.",
      "summ_pass": "당국의 허가, 승인 또는 인증이 없는 한 외국환관리법의 규정에 저촉된다."
    }
  ],
  "keyword_tagg": [
    {
      "id": 1,
      "keyword": "외국환관리법위반"
    }
  ],
  "Reference_info": {
    "reference_rules": "외국환관리법시행령 제33조 제1항 제3호",
    "reference_court_case": ""
  },
  "Class_info": {
    "class_name": "형사A(생활형)",
    "instance_name": "외국환관리법위반"
  }
}