{
  "info": {
    "id": 56759677,
    "dataType": "판결문",
    "caseNm": "상습특수절도·상습강도·절도·특정외래품판매금지법위반",
    "caseTitle": "대법원 1979. 9. 25., 선고, 79도1735, 판결",
    "courtType": "판례(대법원)",
    "courtNm": "대법원",
    "judmnAdjuDe": "1979-09-25",
    "caseNoID": "79도1735",
    "caseNo": "79도1735"
  },
  "jdgmn": "약물로써 졸음에 빠지게 하는 것이 강도죄에 있어서의 폭행에 해당되는지 여부",
  "jdgmnInfo": [
    {
      "question": "약물로써 졸음에 빠지게 하는 것이 강도죄에 있어서의 폭행에 해당되는가?",
      "answer": "긍정"
    }
  ],
  "Summary": [
    {
      "summ_contxt": "\"아리반\"(신경안정제) 4알을 탄 우유나 사와가 들어 있는 갑을 휴대하고 다니다가 사람에게 마시게 하여 졸음에 빠지게 하고 그 틈에 그 사람의 돈이나 물건을 빼앗은 경우에 그 수단은 강도죄에서 요구하는 남의 항거를 억압할 정도의 폭행에 해당된다.",
      "summ_pass": "사람에게 마시게 하여 졸음에 빠지게 하고 그 틈에 그 사람의 돈이나 물건을 빼앗은 경우에 그 수단은 강도죄에서 요구하는 남의 항거를 억압할 정도의 폭행에 해당된다."
    }
  ],
  "keyword_tagg": [
    {
      "id": 1,
      "keyword": "상습특수절도"
    },
    {
      "id": 2,
      "keyword": "상습강도"
    },
    {
      "id": 3,
      "keyword": "절도"
    },
    {
      "id": 4,
      "keyword": "특정외래품판매금지법위반"
    }
  ],
  "Reference_info": {
    "reference_rules": "형법 제333조",
    "reference_court_case": "대법원 1962.2.15. 선고 4294형상700 판결"
  },
  "Class_info": {
    "class_name": "형사A(생활형)",
    "instance_name": "상습특수절도"
  }
}