{
  "info": {
    "id": 53781841,
    "dataType": "판결문",
    "caseNm": "간통",
    "caseTitle": "대법원 1980. 8. 26., 선고, 80도1310, 판결",
    "courtType": "판례(대법원)",
    "courtNm": "대법원",
    "judmnAdjuDe": "1980-08-26",
    "caseNoID": "80도1310",
    "caseNo": "80도1310"
  },
  "jdgmn": "간통죄에 있어서의 고소와 고소취소의 효력",
  "jdgmnInfo": [
    {
      "question": "간통죄는 각 성교행위 마다 1개의 간통죄가 성립하므로 배우자의 고소 또는 고소의 취소는 당해 간통사실에만 그 효력이 미치는가?",
      "answer": "긍정"
    }
  ],
  "Summary": [
    {
      "summ_contxt": "간통죄는 각 성교행위 마다 1개의 간통죄가 성립하므로 배우자의 고소 또는 고소의 취소는 당해 간통사실에만 그 효력이 미치고 일부의 간통행위에 대하여 배우자의 고소 또는 고소의 취소가 있는 경우에도 그 고소 또는 고소의 취소는 다른 간통행위에는 그 효력이 미치지 아니하는 것이며 상간자를 달리하여 간통행위를 한 경우에도 고소 및 고소의 취소는 다른 상간자에게는 그 효력이 미치지 않는다.",
      "summ_pass": "미치고 일부의 간통행위에 대하여 배우자의 고소 또는 고소의 취소가 있는 경우에도 그 고소 또는 고소의 취소는 다른 간통행위에는 그 효력이 미치지 아니하는 것이며 상간자를 달리하여 간통행위를 한 경우에도 고소 및 고소의 취소는 다른 상간자에게는 그 효력이 미치지 않는다."
    }
  ],
  "keyword_tagg": [
    {
      "id": 1,
      "keyword": "고소의 취소"
    }
  ],
  "Reference_info": {
    "reference_rules": "형사소송법 제229조, 제232조",
    "reference_court_case": "대법원 1969.10.14. 선고 69도1337 판결, 1971.2.23. 선고 71도68 판결"
  },
  "Class_info": {
    "class_name": "형사A(생활형)",
    "instance_name": "간통"
  }
}