{
  "info": {
    "id": 53024620,
    "dataType": "판결문",
    "caseNm": "석유사업법위반등·소방법위반·사기·계량법위반·전파관리법위반·폭력행위등처벌에관한법률위반·업무상배임",
    "caseTitle": "대법원 1980. 5. 13., 선고, 80도716, 판결",
    "courtType": "판례(대법원)",
    "courtNm": "대법원",
    "judmnAdjuDe": "1980-05-13",
    "caseNoID": "80도716",
    "caseNo": "80도716"
  },
  "jdgmn": "석유사업법 위반행위나 계량법 위반행위와 사기죄",
  "jdgmnInfo": [
    {
      "question": "방카씨(C)유에 저질유를 혼합하거나 감량하는 석유사업법 위반행위나 계량법 위반행위가 타인으로부터 금원을 편취하기 위한 목적이 있었다 하더라도 그 각 위반행위가 사기죄에 당연히 흡수되지 아니하며 위 두 죄는 서로 경합범 관계인가?",
      "answer": "긍정"
    }
  ],
  "Summary": [
    {
      "summ_contxt": "방카씨(C)유에 저질유를 혼합하거나 감량하는 석유사업법 위반행위나 계량법 위반행위가 타인으로부터 금원을 편취하기 위한 목적이 있었다 하더라도 그 각 위반행위가 사기죄에 당연히 흡수되지 아니하며 위 두 죄는 서로 경합범 관계에 있다.",
      "summ_pass": "법 위반행위가 타인으로부터 금원을 편취하기 위한 목적이 있었다 하더라도 그 각 위반행위가 사기죄에 당연히 흡수되지 아니하며 위 두 죄는 서로 경합범 관계에 있다."
    }
  ],
  "keyword_tagg": [
    {
      "id": 1,
      "keyword": "경합범 관계"
    }
  ],
  "Reference_info": {
    "reference_rules": "석유사업법 제22조, 형법 제347조, 제38조, 제40조",
    "reference_court_case": ""
  },
  "Class_info": {
    "class_name": "형사A(생활형)",
    "instance_name": "석유사업법위반"
  }
}