{
  "info": {
    "id": 57387865,
    "dataType": "판결문",
    "caseNm": "특정범죄가중처벌에관한법률위반·관세법위반·방위세법위반·습관성의약품관리법위반",
    "caseTitle": "대법원 1980. 11. 25., 선고, 80도2224, 판결",
    "courtType": "판례(대법원)",
    "courtNm": "대법원",
    "judmnAdjuDe": "1980-11-25",
    "caseNoID": "80도2224",
    "caseNo": "80도2224"
  },
  "jdgmn": "가. 범인중의 1인 또는 2인 이상을 통하여 릴레이식으로 범의의 연락이 있는 경우와 공모공동정범\n나. 자수의 주장과 형사소송법 제323조 제2항\n다. 항소심에서 징역형의 형기와 벌금액은 감경되었으나 환형유치기간이 길어진 경우와 불이익변경금지의 원칙",
  "jdgmnInfo": [
    {
      "question": "공동정범 또는 공모 공동정범의 경우에 범인 전원이 일정한 시간과 장소에 집합하여 모의하지 아니하고 그 중의 1인 또는 2인 이상을 통하여 릴레이식으로 범의의 연락이 있고 그 범의 내용에 대하여 포괄적 또는 개별적인 의사연락이나 인식이 있었다면 그들 전원이 공모관계가 있다고 보아야 하는가?",
      "answer": "긍정"
    }
  ],
  "Summary": [
    {
      "summ_contxt": "공동정범 내지는 공모 공동정범의 경우에 있어서는 범인전원이 일정한 일시, 장소에 집합하여 모의하지 아니하고 그중의 1인 또는 2인 이상을 통하여 릴레이식으로 하여진 범의의 연락이 있고, 그 범의내용에 대하여 포괄적 또는 개별적인 의사연락이나 그 인식이 있었으면 그들 전원이 공모관계가 있다고 보아야 할 것이고, 이와 같이 공모한 후에 그 실행행위에 직접 가담하지 않았다고 하더라도 다른 공모자가 분담 실행한 행위에 대하여 공동정범의 죄책을 지는 것이라고 할 것이니(대법원 1959.6.12 선고 4290년 형상 380, 1967.9.19 선고 67도1027 각 판결참조) 같은 취지에서 위 피고인들에 대하여 각 그 본건 범행사실을 유죄로 의율 처단한 원심의 조처는 정당하고, 동 피고인들에 대한 원판결에 관세법 내지는 특정범죄가중처벌등에 관한 법률의 법리오해, 관세포탈의 범의에 관한 법리오해 의율착오, 공동정범의 법리오해, 형사책임주의에 관한 법리오해, 형법 제13조의 범의나 같은 법 제15조의 사실의 착오에 관한 법리오해, 이유모순 등의 위법이 없고, 또 몰수에 관한 위법사유도 없다. 논지는 모두 이유 없다.",
      "summ_pass": "공동정범 내지는 공모 공동정범의 경우에 있어서는 범인전원이 일정한 일시, 장소에 집합하여 모의하지 아니하고 그중의 1인 또는 2인 이상을 통하여 릴레이식으로 하여진 범의의 연락이 있고, 그 범의내용에 대하여 포괄적 또는 개별적인 의사연락이나 그 인식이 있었으면 그들 전원이 공모관계가 있다고 보아야 할 것이고, 이와 같이 공모한 후에 그 실행행위에 직접 가담하지 않았다고 하더라도 다른 공모자가 분담 실행한 행위에 대하여 공동정범의 죄책을 지는 것이라고 할 것이다."
    }
  ],
  "keyword_tagg": [
    {
      "id": 1,
      "keyword": "공동정범"
    }
  ],
  "Reference_info": {
    "reference_rules": "형법 제30조 / 형사소송법 제368조",
    "reference_court_case": "대법원 1977.3.22. 선고 77도67 판결, 1977.9.13. 선고 77도2114 판결"
  },
  "Class_info": {
    "class_name": "형사A(생활형)",
    "instance_name": "특정범죄가중처벌에관한법률위반"
  }
}