{
  "info": {
    "id": 53470872,
    "dataType": "판결문",
    "caseNm": "재물손괴",
    "caseTitle": "대법원 1980. 3. 25., 선고, 80도307, 판결",
    "courtType": "판례(대법원)",
    "courtNm": "대법원",
    "judmnAdjuDe": "1980-03-25",
    "caseNoID": "80도307",
    "caseNo": "80도307"
  },
  "jdgmn": "항소이유서를 상고이유로 원용할 수 없다",
  "jdgmnInfo": [
    {
      "question": "상고이유로서 원심에 제출한 항소이유서를 원용하는 것은 허용되지 않는가?",
      "answer": "긍정"
    }
  ],
  "Summary": [
    {
      "summ_contxt": "상고이유로서 원심에 제제출한 항소이유서를 원용하는 것은 허용되지 아니하므로 이점에 관한 논지 이유 없이고 나머지 논지들은 피고인이 자기의 범행을 변명하고 부인하는데 불과하여 적법한 상고이유가 된다 할수 없다. 범행당시 술에 취하여 심신상실의 상태에 있었다고 한 주장은 원심에서 주장한바 없는 새로운 것으로서 또한 적법한 상고이유가 되지 아니한다. 이리하여 상고는 이유 없으므로 이를 기각하고 형법 제57조에 의하여 판결선고 전의 당심 구금일수중 50일을 본형에 산입키로 하여 관여법관의 일치된 의견으로 주문과 같이 판결한다.",
      "summ_pass": "상고이유로서 원심에 제제출한 항소이유서를 원용하는 것은 허용되지 아니하므로 이점에 관한 논지 이유 없이고 나머지 논지들은 피고인이 자기의 범행을 변명하고 부인하는데 불과하여 적법한 상고이유가 된다 할수 없다."
    }
  ],
  "keyword_tagg": [
    {
      "id": 1,
      "keyword": "적법한 상고이유"
    }
  ],
  "Reference_info": {
    "reference_rules": "형사소송법 제379조",
    "reference_court_case": "대법원 1976.1.13. 선고 75도1882 판결"
  },
  "Class_info": {
    "class_name": "형사A(생활형)",
    "instance_name": "재물손괴"
  }
}