{
  "info": {
    "id": 56118705,
    "dataType": "판결문",
    "caseNm": "살인피고사건",
    "caseTitle": "대구고법 1980. 9. 4., 선고, 80노632, 형사부판결 : 확정",
    "courtType": "판례(하급심)",
    "courtNm": "대구고등법원",
    "judmnAdjuDe": "1980-09-04",
    "caseNoID": "80노632",
    "caseNo": "80노632"
  },
  "jdgmn": "사형, 무기징역, 5년 이상의 징역의 법정형중 무기징역을 선택, 감경하여 유기형으로 처단하는 경우와 부정기형의 선고",
  "jdgmnInfo": [
    {
      "question": "소년법 제54조는 사형, 무기징역과 장기 2년 이상의 유기징역으로 규정된 법정형중 유기징역형을 선택하였을 경우에만 적용될 규정이라고 해석함이 타당한가?",
      "answer": "긍정"
    }
  ],
  "Summary": [
    {
      "summ_contxt": "소년법 제54조는 사형, 무기징역과 장기 2년 이상의 유기징역으로 규정된 법정형중 유기징역형을 선택하였을 경우에만 적용될 규정이라고 해석할 것이니 만큼 본건과 같이 사형, 무기징역, 또는 5년 이상의 징역이 법정되어 있는 살인죄를 인정하고, 그 법정형중 무기징역형을 선택한 후 작량감경한 결과 피고인에게 유기징역형을 선고하게 되었을 경우에는 이를 적용할 여지가 없다.",
      "summ_pass": "만 적용될 규정이라고 해석할 것이니 만큼 본건과 같이 사형, 무기징역, 또는 5년 이상의 징역이 법정되어 있는 살인죄를 인정하고, 그 법정형중 무기징역형을 선택한 후 작량감경한 결과 피고인에게 유기징역형을 선고하게 되었을 경우에는 이를 적용할 여지가 없다."
    }
  ],
  "keyword_tagg": [
    {
      "id": 1,
      "keyword": "유기징역형"
    }
  ],
  "Reference_info": {
    "reference_rules": "소년법 제54조",
    "reference_court_case": "1965. 12. 7. 선고, 65도967 판결(판례카아드 3858호, 판결요지집 소년법 제54조(3)1513면, 관보소년법 제2조)"
  },
  "Class_info": {
    "class_name": "형사A(생활형)",
    "instance_name": "살인피고사건"
  }
}