{
  "info": {
    "id": 59355359,
    "dataType": "판결문",
    "caseNm": "농업협동조합법위반",
    "caseTitle": "대법원 1981. 1. 13., 선고, 80도405, 판결",
    "courtType": "판례(대법원)",
    "courtNm": "대법원",
    "judmnAdjuDe": "1981-01-13",
    "caseNoID": "80도405",
    "caseNo": "80도405"
  },
  "jdgmn": "조합원과 동일세대에 속하는 자에 대한 농협신용자금 대출의 적법여부",
  "jdgmnInfo": [
    {
      "question": "조합원과 동일세대에 속하는 자에 대한 농협신용자금 대출이 적법한가?",
      "answer": "부정"
    }
  ],
  "Summary": [
    {
      "summ_contxt": "농업협동조합법 제58조 제1항과 제59조 제1, 2항을 종합하여 볼 때 위 제59조 제2항에서 말하는 '조합원과 동일한 세대에속하는 자'는 같은 1항에서 규정한 자금의 대출을 제외하고는 조합원과 똑같이 조합의 사업을 이용할 수 있다는 것을 규정한 취지임을 알 수 있어 결국 조합의 신용자금의 대출은 오직 조합원에 한 한다고 할 것이요, 조합원과 동일한 세대에 속하는 자에게는 이를 대출할 수 없다고 해석할 것이므로 (1980.5.13 자 80도685 판결) 원심은 이 점에 있어서 농업협동조합법 제58조 제1항과 같은 제59조 제1, 2항에서 정한 조합원과 동일한 세대에 속하는 자에 대한 조합자금의 대출에 관한 법리를 오해하였고 이는 판결에 영향을 미쳤다고 할 것이다.",
      "summ_pass": "농업협동조합법 제58조 제1항과 제59조 제1, 2항을 종합하여 볼 때 위 제59조 제2항에서 말하는 '조합원과 동일한 세대에속하는 자'는 같은 1항에서 규정한 자금의 대출을 제외하고는 조합원과 똑같이 조합의 사업을 이용할 수 있다는 것을 규정한 취지임을 알 수 있어 결국 조합의 신용자금의 대출은 오직 조합원에 한 한다고 할 것이다."
    }
  ],
  "keyword_tagg": [
    {
      "id": 1,
      "keyword": "농업협동조합법위반"
    }
  ],
  "Reference_info": {
    "reference_rules": "농업협동조합법 제58조, 제59조",
    "reference_court_case": "대법원 1980.5.13. 선고 80도685 판결"
  },
  "Class_info": {
    "class_name": "형사A(생활형)",
    "instance_name": "농업협동조합법위반"
  }
}