{
  "info": {
    "id": 54432124,
    "dataType": "판결문",
    "caseNm": "간첩·간첩방조·반공법위반·국가보안법위반",
    "caseTitle": "대법원 1982. 2. 9., 선고, 81도3040, 판결",
    "courtType": "판례(대법원)",
    "courtNm": "대법원",
    "judmnAdjuDe": "1982-02-09",
    "caseNoID": "81도3040",
    "caseNo": "81도3040"
  },
  "jdgmn": "가. 국가기밀누설죄에 있어서 누설의 상대방\n나. 국가기밀누설죄에 있어서 국가기밀의 의미\n다. 몰수대상인지의 여부에 대한 증명방법\n라. 무기 등 이동죄에 있어서 “무기”의 개념",
  "jdgmnInfo": [
    {
      "question": "구 국가보안법 (1980.12.31 법률 제3318호로 개정되기 전의 법률) 제3조 제1호 소정의 국가기밀누설죄에 있어서 그 누설의 상대방은 반국가단체의 구성원 또는 그 지령을 받은 자임이 구성요건상 당연히 예상되므로, 반국가단체의 구성원이나 그 지령을 받은 자 상호간에 국가기밀을 누설하여도 위 죄가 성립하는가?",
      "answer": "긍정"
    }
  ],
  "Summary": [
    {
      "summ_contxt": "구 국가보안법 (1980.12.31 법률 제3318호로 개정되기 전의 법률) 제3조 제1호 소정의 국가기밀누설죄에 있어서 그 누설의 상대방은 반국가단체의 구성원 또는 그 지령을 받은 자임이 구성요건상 당연히 예상되므로, 반국가단체의 구성원이나 그 지령을 받은 자 상호간에 국가기밀을 누설하여도 위 죄가 성립하지 아니한다고 할 수 없다.",
      "summ_pass": "반국가단체의 구성원이나 그 지령을 받은 자 상호간에 국가기밀을 누설하여도 위 죄가 성립하지 아니한다고 할 수 없다."
    }
  ],
  "keyword_tagg": [
    {
      "id": 1,
      "keyword": "간첩"
    },
    {
      "id": 2,
      "keyword": "간첩방조"
    },
    {
      "id": 3,
      "keyword": "반공법위반"
    },
    {
      "id": 4,
      "keyword": "국가보안법위반"
    }
  ],
  "Reference_info": {
    "reference_rules": "가.나. 라. 국가보안법(1980. 12. 31. 법률 제 3318호로 개정되기 전의 법률) 제3조 다. 형법 제48조 / 형사소송법 제307조",
    "reference_court_case": ""
  },
  "Class_info": {
    "class_name": "형사A(생활형)",
    "instance_name": "간첩"
  }
}