{
  "info": {
    "id": 52532198,
    "dataType": "판결문",
    "caseNm": "폭행치상",
    "caseTitle": "대법원 1981. 3. 24., 선고, 81도415, 판결",
    "courtType": "판례(대법원)",
    "courtNm": "대법원",
    "judmnAdjuDe": "1981-03-24",
    "caseNoID": "81도415",
    "caseNo": "81도415"
  },
  "jdgmn": "폭행치상의 범죄에 대하여 폭력행위등처벌에관한법률 제2조 제2항을 적용할 수 있는지 여부",
  "jdgmnInfo": [
    {
      "question": "폭행치상의 범죄에 대하여 폭력행위등처벌에관한법률 제2조 제2항을 적용할 수 있는가?",
      "answer": "긍정"
    }
  ],
  "Summary": [
    {
      "summ_contxt": "피고인 및 국선변호인의 상고이유를 판단한다. 국선변호인의 상고이유 요지는 피고인에 대한 이 사건 폭행치상의 범행일시는 1980. 7. 8. 23:00경으로서 야간임이 분명하므로 원심으로서는 군법회의 검찰관이 그 적용 법조를 형법 제262조로 하여 공소를 제기하였다고 하더라도 그 법률을 적용함에 있어서는 폭력행위등처벌에관한법률 제2조 제2항 제1항을 적용하여 처단하였어야 함에도 불구하고 형법 제262조만을 적용 처단하였으니 이는 법률의 적용을 잘못한 위법이 있다는 것이다. 그러나 폭력행위등처벌에관한법률 제2조 제2항의 규정은 동조 제1항에 열거된 죄의 하나를 비상습적으로 야간 또는 2인 이상이 공동하여 범한 경우에는 적용된다 할 것인바, 형법 제262조의 소정의 폭행치상죄는 동 법률 제2조 제1항에 열거된 범죄가 아님이 분명하여 원심이 이사건 폭행치상의 범행에 대하여 폭력행위등 처벌에 관한 법률을 적용하지 아니하였음은 정당하다.",
      "summ_pass": "폭력행위등처벌에관한법률 제2조 제2항의 규정은 동조 제1항에 열거된 죄의 하나를 비상습적으로 야간 또는 2인 이상이 공동하여 범한 경우에는 적용된다 할 것인 바, 형법 제262조의 소정의 폭행치상죄는 동 법률 제2조 제1항에 열거된 범죄가 아님이 분명하여 원심이 이사건 폭행치상의 범행에 대하여 폭력행위등 처벌에 관한 법률을 적용하지 아니하였음은 정당하다."
    }
  ],
  "keyword_tagg": [
    {
      "id": 1,
      "keyword": "폭행치상"
    }
  ],
  "Reference_info": {
    "reference_rules": "폭력행위등처벌에관한법률 제2조 제1항, 형법 제262조",
    "reference_court_case": ""
  },
  "Class_info": {
    "class_name": "형사A(생활형)",
    "instance_name": "폭행치상"
  }
}