{
  "info": {
    "id": 59796005,
    "dataType": "판결문",
    "caseNm": "간통",
    "caseTitle": "대법원 1981. 12. 8., 선고, 81도2391, 판결",
    "courtType": "판례(대법원)",
    "courtNm": "대법원",
    "judmnAdjuDe": "1981-12-08",
    "caseNoID": "81도2391",
    "caseNo": "81도2391"
  },
  "jdgmn": "이혼심판청구가 각하되었다가 다시 제기된 경우 간통 공소제기 요건의 보정 여부(소극)",
  "jdgmnInfo": [
    {
      "question": "이혼심판청구가 각하되었다가 다시 제기된 경우 간통 공소제기 요건의 보정인가?",
      "answer": "부정"
    }
  ],
  "Summary": [
    {
      "summ_contxt": "간통고소당시 이혼심판청구를 제기하였다고 하더라도 그 심판청구가 각하된 경우에는 최초부터 이혼심판청구를 제기하지 아니한 것과 같으며, 위 각하 후에 다시 동일한 원인으로 이혼심판청구를 제기하였다고 하더라도 친고죄(간통죄)의 공소제기요건에 생긴 흠결은 보정될 수 없다.",
      "summ_pass": "위 각하 후에 다시 동일한 원인으로 이혼심판청구를 제기하였다고 하더라도 친고죄(간통죄)의 공소제기요건에 생긴 흠결은 보정될 수 없다."
    }
  ],
  "keyword_tagg": [
    {
      "id": 1,
      "keyword": "간통"
    }
  ],
  "Reference_info": {
    "reference_rules": "형법 제241조 / 형사소송법 제229조, 제327조",
    "reference_court_case": "대법원 1975.10.7. 선고 75도1489 판결, 1975.11.25. 선고 74도2577 판결"
  },
  "Class_info": {
    "class_name": "형사A(생활형)",
    "instance_name": "간통"
  }
}