{
  "info": {
    "id": 58722829,
    "dataType": "판결문",
    "caseNm": "도시계획법위반",
    "caseTitle": "대법원 1981. 3. 24., 선고, 81도291, 판결",
    "courtType": "판례(대법원)",
    "courtNm": "대법원",
    "judmnAdjuDe": "1981-03-24",
    "caseNoID": "81도291",
    "caseNo": "81도291"
  },
  "jdgmn": "피고인이 자기 소유 과수원내의 배나무를 뽑아내고 대신 사과나무를 심은 행위가 토지의 형질을 변경한 것이라고 볼 수 있는지 여부",
  "jdgmnInfo": [
    {
      "question": "피고인이 자기 소유 과수원내의 배나무를 뽑아내고 대신 사과나무를 심은 행위가 토지의 형질을 변경한 것이라고 볼 수 있는가?",
      "answer": "부정"
    }
  ],
  "Summary": [
    {
      "summ_contxt": "피고인은 자기 과수원인 이 사건 토지 위의 배나무가 고목이어서 이를 뽑아내고 대신 사과나무를 심었다는 것이니, 사실관계가 위와 같다면 이를 들어 위 법조에서 말하는 토지의 형질을 변경한 것이라고 볼 수도 없을 것이다.",
      "summ_pass": "사실관계가 위와 같다면 이를 들어 위 법조에서 말하는 토지의 형질을 변경한 것이라고 볼 수도 없을 것이다."
    }
  ],
  "keyword_tagg": [
    {
      "id": 1,
      "keyword": "도시계획법위반"
    }
  ],
  "Reference_info": {
    "reference_rules": "도시계획법 제21조 제2항",
    "reference_court_case": ""
  },
  "Class_info": {
    "class_name": "형사A(생활형)",
    "instance_name": "도시계획법위반"
  }
}