{
  "info": {
    "id": 51213186,
    "dataType": "판결문",
    "caseNm": "간첩·간첩방조·국가보안법위반·반공법위반",
    "caseTitle": "대법원 1981. 9. 22., 선고, 81도1944, 판결",
    "courtType": "판례(대법원)",
    "courtNm": "대법원",
    "judmnAdjuDe": "1981-09-22",
    "caseNoID": "81도1944",
    "caseNo": "81도1944"
  },
  "jdgmn": "간첩의 개념(이미 수집하거나 지득하고 있는 사항을 제보하거나 누설하는 행위가 간첩행위인지의 여부 - 소극)",
  "jdgmnInfo": [
    {
      "question": "이미 수집하거나 지득하고 있는 사항을 제보하거나 누설하는 행위가 간첩행위인지?",
      "answer": "부정"
    }
  ],
  "Summary": [
    {
      "summ_contxt": "형법 제98조 제1항의 간첩행위는 적국에 제보하기 위하여 은밀히 또는 묘계로써 우리나라의 군사상은 물론 정치, 경제, 사회, 문화, 사상 등 기밀에 속한 사항 또는 도서 물건을 탐지 모집함을 말한다. 따라서 이미 모집하거나 지득하고 있는 사항을 제보 또는 누설하는 행위 자체는 간첩행위에 해당하지 아니한다.",
      "summ_pass": "따라서 이미 모집하거나 지득하고 있는 사항을 제보 또는 누설하는 행위 자체는 간첩행위에 해당하지 아니한다."
    }
  ],
  "keyword_tagg": [
    {
      "id": 1,
      "keyword": "간첩"
    },
    {
      "id": 2,
      "keyword": "간첩방조"
    },
    {
      "id": 3,
      "keyword": "국가보안법위반"
    },
    {
      "id": 4,
      "keyword": "반공법위반"
    }
  ],
  "Reference_info": {
    "reference_rules": "가. 국가보안법 제4조 제1항 제1호형법 제98조 제1항 나. 형사소송법 제221조의2 제2항",
    "reference_court_case": "대법원 1975.5.13. 선고 75도862 판결"
  },
  "Class_info": {
    "class_name": "형사A(생활형)",
    "instance_name": "간첩"
  }
}