{
  "info": {
    "id": 57821134,
    "dataType": "판결문",
    "caseNm": "사문서위조·동행사·배임등피고사건",
    "caseTitle": "대구고법 1981. 8. 3., 선고, 81노507, 형사부판결 : 상고",
    "courtType": "판례(하급심)",
    "courtNm": "대구고등법원",
    "judmnAdjuDe": "1981-08-03",
    "caseNoID": "81노507",
    "caseNo": "81노507"
  },
  "jdgmn": "위임의 취지에 반하는 문서를 작성하여 위임된 것보다 후순위의 근저당권설정등기를 경료한 자의 죄책",
  "jdgmnInfo": [
    {
      "question": "위임의 취지에 반하는 문서를 작성하여 위임된 것보다 후순위의 근저당권설정등기를 경료한 경우 문서위조죄가 성립하는가?",
      "answer": "긍정"
    }
  ],
  "Summary": [
    {
      "summ_contxt": "근저당권의 순위는 경제적으로 큰 의미를 가지고 있어 당사자로서는 그 순위여하에 따라서는 근저당권설정등기신청을 하지 아니할 수도 있는 문제이므로 부동산등기부상의 근저당권설정등기 순위가 비록 등기공무원에 의하여 등기부의 순위에 따라 등재되는 것이라 하나 등기신청대리인인 사법서사나 보조원인 그 사무원으로서는 당사자의 위임내용과는 상관없이 등기부에 의한 순위에 따른 순위를 기재하여 근저당권설정등기 신청을 할 수는 없는 것이며 등기부에 의하여 당사자가 원하는 순위의 근저당권을 설정할 수 없는 경우에는 의당 당사자에게 사전에 이를 알려 그로 하여금 등기부의 순위에 따른 근저당권이라도 설정할 것인지 여부를 재고할 기회를 준 후에 그 뜻에 따라 등기신청을 할 업무상의 임무가 있다 할 것이므로 이에 위반하는 내용의 문서를 작성하여 후순위 근저당권설정등기를 경료하였다면 이는 문서위조죄 및 배임죄를 구성한다.",
      "summ_pass": "등기신청대리인인 사법서사나 보조원인 그 사무원으로서는 당사자의 위임내용과는 상관없이 등기부에 의한 순위에 따른 순위를 기재하여 근저당권설정등기 신청을 할 수는 없는 것이며 등기부에 의하여 당사자가 원하는 순위의 근저당권을 설정할 수 없는 경우에는 의당 당사자에게 사전에 이를 알려 그로 하여금 등기부의 순위에 따른 근저당권이라도 설정할 것인지 여부를 재고할 기회를 준 후에 그 뜻에 따라 등기신청을 할 업무상의 임무가 있다 할 것이므로 이에 위반하는 내용의 문서를 작성하여 후순위 근저당권설정등기를 경료하였다면 이는 문서위조죄 및 배임죄를 구성한다."
    }
  ],
  "keyword_tagg": [
    {
      "id": 1,
      "keyword": "근저당권설정등기"
    }
  ],
  "Reference_info": {
    "reference_rules": "형법 제231조, 형법 제355조 제1항",
    "reference_court_case": "1982. 11. 9. 선고, 81도2501 판결"
  },
  "Class_info": {
    "class_name": "형사A(생활형)",
    "instance_name": "사문서위조"
  }
}