{
  "info": {
    "id": 50170616,
    "dataType": "판결문",
    "caseNm": "강간",
    "caseTitle": "대법원 1981. 10. 6., 선고, 81도1968, 판결",
    "courtType": "판례(대법원)",
    "courtNm": "대법원",
    "judmnAdjuDe": "1981-10-06",
    "caseNoID": "81도1968",
    "caseNo": "81도1968"
  },
  "jdgmn": "강간피해자와 가해자 사이의 합의서가 고소취하서인지의 여부(소극)",
  "jdgmnInfo": [
    {
      "question": "강간피해자와 가해자 사이의 합의서가 고소취하서인지?",
      "answer": "부정"
    }
  ],
  "Summary": [
    {
      "summ_contxt": "고소인(강간피해자)과 피고인(가해자)사이에 작성된, “상호간에 원만히 해결되었으므로 이후에 민·형사간 어떠한 이의도 제기하지 아니할 것을 합의한다”는 취지의 합의서가 제1심 법원에 제출되었으나 고소인이 제1심에서 고소취소의 의사가 없다고 증언하였다면 위 합의서의 제출로 고소취소의 효력이 발생하지 아니한다.",
      "summ_pass": "고소인이 제1심에서 고소취소의 의사가 없다고 증언하였다면 위 합의서의 제출로 고소취소의 효력이 발생하지 아니한다."
    }
  ],
  "keyword_tagg": [
    {
      "id": 1,
      "keyword": "강간"
    }
  ],
  "Reference_info": {
    "reference_rules": "형법 제306조 / 형사소송법 제232조, 제239조",
    "reference_court_case": ""
  },
  "Class_info": {
    "class_name": "형사A(생활형)",
    "instance_name": "강간"
  }
}