{
  "info": {
    "id": 58467052,
    "dataType": "판결문",
    "caseNm": "보호감호·특정범죄가중처벌등에관한법률위반",
    "caseTitle": "대법원 1982. 2. 23., 선고, 81도3282, 판결",
    "courtType": "판례(대법원)",
    "courtNm": "대법원",
    "judmnAdjuDe": "1982-02-23",
    "caseNoID": "81도3282",
    "caseNo": "81도3282"
  },
  "jdgmn": "사회보호법 제5조 제1항단서에서의 '보호 대상자가 50세이상'의 판단기준시기",
  "jdgmnInfo": [
    {
      "question": "사회보호법 제5조 제1항단서 소정의 '보호 대상자가 50세 이상인 때' 라 함은 판결선고시를 기준으로 하여 50세 이상인 경우를 말하는가?",
      "answer": "긍정"
    }
  ],
  "Summary": [
    {
      "summ_contxt": "사회보호법 제5조 제1항에 의하면 \"보호대상자가 다음 각 호의 1에 해당하는 때에는 10년의 보호감호에 처한다. 다만, 보호대상자가 50세 이상인 때에는 7년의 보호에 처한다\"고 규정되어 있는 바, 위 단서의 보호대상자가 50세 이상인 때라 함은 원심판결 선고할 때를 기준으로 하여 50세 이상인 경우를 말한다 할 것이며, 같은 법 제23조 제1항에 의하여 병과된 형을 집행한 후보호감호가 시작되는 때를 기준으로 한다고는 해석할 수 없다 할 것인바, 왜냐하면 판결선고 당시로서는 형의 집행이 끝나고 보호감호가 시작되는 때를 예측할 수 없기 때문이다. 그러므로 이와 견해를 달리하여 피고인이 형의 집행을 마치고 보호감호의 대상이 되는 때에는 50세가 넘는다는 이유로 원심판결이 피고인을 보호감호 10년에 처한 것은 같은 법 제5조 제1항에 위배된다는 논지는 이유 없다. 다음, 피고인의 상고이유를 살피건대, 요컨대 양형이 과중하다는 논지인바, 이는 징역 10년 미만의 형을 선고받은 이 사건에 있어서는 적법한 상고이유로 삼을 수 없으므로 논지 이유 없다.",
      "summ_pass": "사회보호법 제5조 제1항에 의하면 \"보호대상자가 다음 각 호의 1에 해당하는 때에는 10년의 보호감호에 처한다. 다만, 보호대상자가 50세 이상인 때에는 7년의 보호에 처한다\"고 규정되어 있는 바, 위 단서의 보호대상자가 50세 이상인 때라 함은 원심판결 선고할 때를 기준으로 하여 50세 이상인 경우를 말한다 할 것이다."
    }
  ],
  "keyword_tagg": [
    {
      "id": 1,
      "keyword": "적법한 상고이유"
    }
  ],
  "Reference_info": {
    "reference_rules": "사회보호법 제5조 제1항, 제23조 제1항",
    "reference_court_case": ""
  },
  "Class_info": {
    "class_name": "형사A(생활형)",
    "instance_name": "보호감호"
  }
}