{
  "info": {
    "id": 51906066,
    "dataType": "판결문",
    "caseNm": "국민주택채권반환",
    "caseTitle": "대법원 1983. 12. 27., 선고, 81다카600, 판결",
    "courtType": "판례(대법원)",
    "courtNm": "대법원",
    "judmnAdjuDe": "1983-12-27",
    "caseNoID": "81다카600",
    "caseNo": "81다카600"
  },
  "jdgmn": "영업장소 외에서 거액의 채권을 일반인으로부터 매수하는 경우 전문 채권상의 장물성 조사의무 및 이를 태만히 한 과실정도(=중과실)",
  "jdgmnInfo": [
    {
      "question": "영업장소 외에서 거액의 채권을 일반인으로부터 매수하는 경우 전문 채권상의 장물성 조사의무를 태만히 한 경우 중과실에 해당하는가?",
      "answer": "긍정"
    }
  ],
  "Summary": [
    {
      "summ_contxt": "전문채권상이 부지의 비전문상으로부터 3일 동안에 5회에 걸쳐 모두 8천여만원의 국민채권을 영업장소 아닌 음식점, 다방에서 매수하는데 그 채권중에는 이미 상환기일이 도래하여 누구라도 발행은행에 가면 곧 현금으로 상환받을 수 있는 채권이 상당수 포함되어 있다면, 전문채권상으로서는 매각채권이 장물인 여부를 명확히 하기 위해서 그 채권의 출처, 소지하게 된 경위, 매도인이 이를 소지함에 적법한 신분인지 여부를 알아 보아야 할 주의의무가 있다고 할 것이고, 이를 게을리 함으로써 의심없이 매입한 경우에는 거래상 주의의무를 현저히 태만히 한 중대한 과실로 보아야 할 것이다.",
      "summ_pass": "누구라도 발행은행에 가면 곧 현금으로 상환받을 수 있는 채권이 상당수 포함되어 있다면, 전문채권상으로서는 매각채권이 장물인 여부를 명확히 하기 위해서 그 채권의 출처, 소지하게 된 경위, 매도인이 이를 소지함에 적법한 신분인지 여부를 알아 보아야 할 주의의무가 있다고 할 것이고, 이를 게을리 함으로써 의심없이 매입한 경우에는 거래상 주의의무를 현저히 태만히 한 중대한 과실로 보아야 할 것이다."
    }
  ],
  "keyword_tagg": [
    {
      "id": 1,
      "keyword": "주의의무 태만"
    }
  ],
  "Reference_info": {
    "reference_rules": "민법 제514조, 제524조, 형법 제364조",
    "reference_court_case": ""
  },
  "Class_info": {
    "class_name": "형사A(생활형)",
    "instance_name": "국민주택채권반환"
  }
}