{
  "info": {
    "id": 55154898,
    "dataType": "판결문",
    "caseNm": "특정범죄가중처벌등에관한법률위반피고사건",
    "caseTitle": "서울고법 1981. 6. 17., 선고, 81노803, 제1형사부판결 : 상고",
    "courtType": "판례(하급심)",
    "courtNm": "서울고법",
    "judmnAdjuDe": "1981-06-17",
    "caseNoID": "81노803",
    "caseNo": "81노803"
  },
  "jdgmn": "관세포탈을 이유로 한 특정범죄가중처벌등에 관한 법률위반죄의 경합범의 경우 벌금형을 선고함에 있어서 그 벌금액을 각 죄별로 산정하여야 하는지의 여부",
  "jdgmnInfo": [
    {
      "question": "관세포탈을 이유로 한 특정범죄가중처벌등에 관한 법률위반죄의 경합범의 경우 벌금형을 선고함에 있어서 그 벌금액을 각 죄별로 산정하여야 하는가?",
      "answer": "긍정"
    }
  ],
  "Summary": [
    {
      "summ_contxt": "관세사범에 대하여 벌금형을 선고할 경우에는형법 제38조 제1항 제2호의 규정은관세법 제194조 제1항에 의하여 그 적용이 배제되며, 관세포탈을 이유로 특정범죄가중처벌등에 관한 법률을 적용하는 경우에도 위 관세법규정이 적용된다 할 것이므로 관세포탈을 이유로 한 특정범죄가중처벌등에 관한 법률위반죄의 경합범의 경우 벌금형을 선고함에 있어서는 각 죄별로 벌금액을 산정한 후에 이를 합산하여야 한다.",
      "summ_pass": "관세포탈을 이유로 특정범죄가중처벌등에 관한 법률을 적용하는 경우에도 위 관세법규정이 적용된다 할 것이므로 관세포탈을 이유로 한 특정범죄가중처벌등에 관한 법률위반죄의 경합범의 경우 벌금형을 선고함에 있어서는 각 죄별로 벌금액을 산정한 후에 이를 합산하여야 한다."
    }
  ],
  "keyword_tagg": [
    {
      "id": 1,
      "keyword": "특정범죄 가중처벌"
    }
  ],
  "Reference_info": {
    "reference_rules": "관세법 제194조 제1항, 특정범죄가중처벌등에 관한 법률 제6조 제3항, 형법 제38조 제1항 제2호",
    "reference_court_case": ""
  },
  "Class_info": {
    "class_name": "형사A(생활형)",
    "instance_name": "특정범죄가중처벌등에관한법률위반피고사건"
  }
}