{
  "info": {
    "id": 50193008,
    "dataType": "판결문",
    "caseNm": "양곡관리법위반(변경된죄명:식품위생법위반)",
    "caseTitle": "대법원 1983. 2. 22., 선고, 81도2763, 판결",
    "courtType": "판례(대법원)",
    "courtNm": "대법원",
    "judmnAdjuDe": "1983-02-22",
    "caseNoID": "81도2763",
    "caseNo": "81도2763"
  },
  "jdgmn": "가. 최종 소비자들이 가져온 볶은 쌀등을 빻아서 미싯가루를 만들어 준 행위가 식품위생법 제22조 소정의 식품가공업에 해당하는지 여부(적극)\n나. 형법 제16조 소정의 정당한 이유가 있다고 본 사례",
  "jdgmnInfo": [
    {
      "question": "최종 소비자들이 가져온 볶은 쌀등을 빻아서 미싯가루를 만들어 준 행위가 식품위생법 제22조 소정의 식품가공업에 해당하는가?",
      "answer": "긍정"
    }
  ],
  "Summary": [
    {
      "summ_contxt": "식품위생법 제1조, 제2조 제1항 및 동법의 기타 규정취지를 종합고찰하여 보면 동법 제44조 제1항, 제23조 제1항, 제22조, 동법시행령(1981.4.2. 대통령령 제10268호로 개정되기 전의 것) 제9조 제36호 등에서 가리키는 식품이란 의약으로 섭취하는 것을 제외한 모든 음식물을 말한다고 해석하여야 할 것인바, 미싯가루를 만들어서 소비하고자 하는 사람들이 물에 씻어 오거나 볶아온 쌀, 보리, 콩 등을 빻아서 미싯가루를 만들어 준 피고인의 소위는 식품위생법 제22조 제1항 및 동법시행령 제9조 제36호 소정의 식품가공업에 해당한다.",
      "summ_pass": "미싯가루를 만들어서 소비하고자 하는 사람들이 물에 씻어 오거나 볶아온 쌀, 보리, 콩 등을 빻아서 미싯가루를 만들어 준 피고인의 소위는 식품위생법 제22조 제1항 및 동법시행령 제9조 제36호 소정의 식품가공업에 해당한다."
    }
  ],
  "keyword_tagg": [
    {
      "id": 1,
      "keyword": "양곡관리법"
    },
    {
      "id": 2,
      "keyword": "식품위생법"
    }
  ],
  "Reference_info": {
    "reference_rules": "가. 식품위생법 제22조, 제23조, 식품위생법시행령(1981. 4. 2. 대통령령 제10268호로 개정되기 전의 것) 제9조 제36호 나. 형법 제16조",
    "reference_court_case": "대법원 1982.12.14. 선고 81도169 판결"
  },
  "Class_info": {
    "class_name": "형사A(생활형)",
    "instance_name": "양곡관리법위반"
  }
}