{
  "info": {
    "id": 51288936,
    "dataType": "판결문",
    "caseNm": "계엄법위반",
    "caseTitle": "대법원 1981. 4. 28., 선고, 81도874, 판결",
    "courtType": "판례(대법원)",
    "courtNm": "대법원",
    "judmnAdjuDe": "1981-04-28",
    "caseNoID": "81도874",
    "caseNo": "81도874"
  },
  "jdgmn": "계엄선포의 요건의 구비여부나 선포의 당,부당을 법원이 심사할 수 있는지 여부(소극)",
  "jdgmnInfo": [
    {
      "question": "계엄선포의 요건의 구비여부나 선포의 당,부당을 법원이 심사할 수 있는가?",
      "answer": "부정"
    }
  ],
  "Summary": [
    {
      "summ_contxt": "계엄선포가 당연무효의 경우라면 몰라도, 사법기관인 법원이 계엄의 선포요건의 구비여부나 선포의 당, 부당을 심사하는 것은 사법권의 내재적인 본질적 한계를 넘어서는 것이 되어 적절치 못하다고 함이 당원의 견해이므로(1979.12.7. 자 79초70 결정 참조) 이와 배치되는 견해를 전제로 한 논지는 이유 없고, 원심판결에 그밖의 소론 위법이 없으므로 논지는 모두 이유 없다.",
      "summ_pass": "사법기관인 법원이 계엄의 선포요건의 구비여부나 선포의 당, 부당을 심사하는 것은 사법권의 내재적인 본질적 한계를 넘어서는 것이 되어 적절치 못하다."
    }
  ],
  "keyword_tagg": [
    {
      "id": 1,
      "keyword": "계엄법위반"
    }
  ],
  "Reference_info": {
    "reference_rules": "헌법 제52조, 계엄법 제1조",
    "reference_court_case": "대법원 1979.12.7. 자 79초70 결정"
  },
  "Class_info": {
    "class_name": "형사A(생활형)",
    "instance_name": "계엄법위반"
  }
}