{
  "info": {
    "id": 59169048,
    "dataType": "판결문",
    "caseNm": "명예훼손·모욕",
    "caseTitle": "대법원 1981. 6. 23., 선고, 81도1250, 판결",
    "courtType": "판례(대법원)",
    "courtNm": "대법원",
    "judmnAdjuDe": "1981-06-23",
    "caseNoID": "81도1250",
    "caseNo": "81도1250"
  },
  "jdgmn": "고소가 어떠한 사항에 관한 것인가의 여부는 고소인이 고소장에 붙인 죄명이나 그 죄에 기재한 사실에 구애 되는지 여부(소극)",
  "jdgmnInfo": [
    {
      "question": "고소가 어떠한 사항에 관한 것인가의 여부는 고소인이 고소장에 붙인 죄명이나 그 죄에 기재한 사실에 구애 되는지?",
      "answer": "부정"
    }
  ],
  "Summary": [
    {
      "summ_contxt": "고소가 어떠한 사항에 관한 것인가의 여부는 고소장에 붙인 죄명에 구애될 것이 아니라 고소의 내용에 의하여 결정하여야 할 것이므로 고소장에 명예훼손죄의 죄명을 붙이고 그 죄에 관한 사실을 적었으나 그 사실이 명예훼손죄를 구성하지 않고 모욕죄를 구성하는 경우에는 위 고소는 모욕죄에 대한 고소로서의 효력을 갖는다.",
      "summ_pass": "고소장에 명예훼손죄의 죄명을 붙이고 그 죄에 관한 사실을 적었으나 그 사실이 명예훼손죄를 구성하지 않고 모욕죄를 구성하는 경우에는 위 고소는 모욕죄에 대한 고소로서의 효력을 갖는다."
    }
  ],
  "keyword_tagg": [
    {
      "id": 1,
      "keyword": "명예훼손"
    },
    {
      "id": 2,
      "keyword": "모욕"
    }
  ],
  "Reference_info": {
    "reference_rules": "형법 제312조 제1항, 형사소송법 제237조",
    "reference_court_case": ""
  },
  "Class_info": {
    "class_name": "형사A(생활형)",
    "instance_name": "명예훼손"
  }
}