{
  "info": {
    "id": 55798465,
    "dataType": "판결문",
    "caseNm": "공갈피고사건",
    "caseTitle": "대구고법 1981. 12. 4., 선고, 81노527, 형사부판결 : 상고",
    "courtType": "판례(하급심)",
    "courtNm": "대구고등법원",
    "judmnAdjuDe": "1981-12-04",
    "caseNoID": "81노527",
    "caseNo": "81노527"
  },
  "jdgmn": "사회통념상 권리행사 수단으로서 용인받을 수 있는 협박의 정도",
  "jdgmnInfo": [
    {
      "question": "뺏겼던 땅을 되착았되 원고를 공갈하여 그의 대지를 뺏은 것이라고 할 수 없도 또한 다소 언짢은 말을 하였다 해서 이것이 사회통념상 권리행사의 범위를 일탈한 공갈행위가 된다고 할 수 없다고 봄이 타당한가?",
      "answer": "긍정"
    }
  ],
  "Summary": [
    {
      "summ_contxt": "그렇다면 피고인 2는 공소외 1로부터 뺏겼던 그의 땅인 이건 대139평을 되찾은 것이지 그를 공갈하여 그의 대지를 뺏은 것이라고 할 수 없을 뿐만 아니라 그 되찾는 과정에서 위와 같은 다소 언짢은 말을 하였다 해서 이것이 사회통념상 권리행사의 범위를 일탈한 공갈행위가 된다고 할 수는 없을 것이다. 따라서 검사의 위 공소사실은 이를 인정할 증거가 없어, 결국 그 증명이 없음에 돌아가므로 이에 대하여 무죄를 선고하여야 할 것이므로 이와 같은 결론을 내린 원심판결에는 사실을 오인하여 판결에 영향을 미친 잘못이 없다 할 것이다.",
      "summ_pass": "그렇다면 피고인 2는 공소외 1로부터 뺏겼던 그의 땅인 이건 대139평을 되찾은 것이지 그를 공갈하여 그의 대지를 뺏은 것이라고 할 수 없을 뿐만 아니라 그 되찾는 과정에서 위와 같은 다소 언짢은 말을 하였다 해서 이것이 사회통념상 권리행사의 범위를 일탈한 공갈행위가 된다고 할 수는 없을 것이다."
    }
  ],
  "keyword_tagg": [
    {
      "id": 1,
      "keyword": "검사의 증명"
    }
  ],
  "Reference_info": {
    "reference_rules": "형법 제20조",
    "reference_court_case": "1980. 11. 25. 선고, 79도2565 판결(판결요지집 추록II 형법 제350조(1) 139면)"
  },
  "Class_info": {
    "class_name": "형사A(생활형)",
    "instance_name": "공갈피고사건"
  }
}