{
  "info": {
    "id": 52858865,
    "dataType": "판결문",
    "caseNm": "공문서변조·동행사·사기·절도피고사건",
    "caseTitle": "대구고법 1981. 10. 30., 선고, 81노1036, 형사부판결 : 확정",
    "courtType": "판례(하급심)",
    "courtNm": "대구고등법원",
    "judmnAdjuDe": "1981-10-30",
    "caseNoID": "81노1036",
    "caseNo": "81노1036"
  },
  "jdgmn": "벌금형에 처한 확정판결의 전후에 걸친 각 죄를 형법 제37조 전단의 경합범으로 처단함은 위법",
  "jdgmnInfo": [
    {
      "question": "벌금형에 처한 확정판결의 전후에 걸친 각 죄를 형법 제37조 전단의 경합범으로 처단함은 위법한가?",
      "answer": "긍정"
    }
  ],
  "Summary": [
    {
      "summ_contxt": "피고인은 1980. 1. 16. 부산지방법원에서 횡령죄로 벌금 400,000원의 선고를 받고 그 판결이 확정되었다면 피고인이 1979. 5. 21.과 같은 해 6. 3. 및 같은 해 6. 29.에 저지른 사기범행은 위 판결확정전의 죄에 속하고 1981. 1. 2.과 같은해, 2. 15.에 각 저지른 절도범행, 같은해 3. 22.에 저지른 공문서변조범행, 같은해 3. 24.에 저지른 사기범행 및 같은 날 저지른 변조공문서행사범행은 위 확정판결후의 죄이므로 전자와 후자의 각죄를 같은법 제37조전단의 경합범으로 처단한 것은 법률적용을 잘못한 것이다.",
      "summ_pass": "위 확정판결후의 죄이므로 전자와 후자의 각죄를 같은법 제37조전단의 경합범으로 처단한 것은 법률적용을 잘못한 것이다."
    }
  ],
  "keyword_tagg": [
    {
      "id": 1,
      "keyword": "변조공문서행사"
    }
  ],
  "Reference_info": {
    "reference_rules": "형법 제37조",
    "reference_court_case": "1966. 12. 6. 선고, 66도1487 판결(판례카아드 3671호, 대법원판결집 14③ 형61, 판결요지집 형법 제37조(11) 1248면)"
  },
  "Class_info": {
    "class_name": "형사A(생활형)",
    "instance_name": "공문서변조"
  }
}