{
  "info": {
    "id": 53958295,
    "dataType": "판결문",
    "caseNm": "판결정정",
    "caseTitle": "대법원 1981. 10. 5., 선고, 81초60, 결정",
    "courtType": "판례(대법원)",
    "courtNm": "대법원",
    "judmnAdjuDe": "1981-10-05",
    "caseNoID": "81초60",
    "caseNo": "81초60"
  },
  "jdgmn": "형사소송법 제400조 소정의 \"오류\"의 의미",
  "jdgmnInfo": [
    {
      "question": "형사소송법 제400조소정의 상고심 판결의 정정사유인 \"오류\"라 함은 판결의 내용에 위산, 오기 기타 이에 유사한 것이 있는 경우를 의미하는가?",
      "answer": "긍정"
    }
  ],
  "Summary": [
    {
      "summ_contxt": "형사소송법 제400조소정의 상고심 판결의 정정사유인 \"오류\"라 함은 판결의 내용에 위산, 오기 기타 이에 유사한 것이 있는 경우를 의미하므로 유죄확정판결(상고기각판결)을 무죄판결로 정정하여 달라는 판결정정 신청은 그 이유가 없다.",
      "summ_pass": "형사소송법 제400조소정의 상고심 판결의 정정사유인 \"오류\"라 함은 판결의 내용에 위산, 오기 기타 이에 유사한 것이 있는 경우를 의미한다."
    }
  ],
  "keyword_tagg": [
    {
      "id": 1,
      "keyword": "유죄 확정판결"
    }
  ],
  "Reference_info": {
    "reference_rules": "형사소송법 제400조",
    "reference_court_case": ""
  },
  "Class_info": {
    "class_name": "형사A(생활형)",
    "instance_name": "판결정정"
  }
}