{
  "info": {
    "id": 53979308,
    "dataType": "판결문",
    "caseNm": "상습절도(특정범죄가중처벌등에관한법률위반)",
    "caseTitle": "대법원 1981. 12. 8., 선고, 81도2779, 판결",
    "courtType": "판례(대법원)",
    "courtNm": "대법원",
    "judmnAdjuDe": "1981-12-08",
    "caseNoID": "81도2779",
    "caseNo": "81도2779"
  },
  "jdgmn": "형은 동일하나 중한 죄를 인정한 경우와 불이익변경금지 원칙에의 위배 여부(소극)",
  "jdgmnInfo": [
    {
      "question": "형은 동일하나 중한 죄를 인정한 경우 불이익변경금지 원칙에 위반인가?",
      "answer": "부정"
    }
  ],
  "Summary": [
    {
      "summ_contxt": "불이익변경금지의 원칙은, 피고인만이 상소한 사건에 있어서 원심의 형보다 중한 형을 선고할 수 없다는 것에 불과하고, 그 형이 같은 이상 원심이 인정한 죄보다 중한 죄를 인정하였다 하더라도 위 원칙에 위배되지 아니한다.",
      "summ_pass": "그 형이 같은 이상 원심이 인정한 죄보다 중한 죄를 인정하였다 하더라도 위 원칙에 위배되지 아니한다."
    }
  ],
  "keyword_tagg": [
    {
      "id": 1,
      "keyword": "상습절도"
    },
    {
      "id": 2,
      "keyword": "특정범죄가중처벌등에관한법률"
    }
  ],
  "Reference_info": {
    "reference_rules": "형사소송법 제368조",
    "reference_court_case": ""
  },
  "Class_info": {
    "class_name": "형사A(생활형)",
    "instance_name": "상습절도"
  }
}