{
  "info": {
    "id": 54374152,
    "dataType": "판결문",
    "caseNm": "사기·무고",
    "caseTitle": "대법원 1982. 12. 14., 선고, 81도2519, 판결",
    "courtType": "판례(대법원)",
    "courtNm": "대법원",
    "judmnAdjuDe": "1982-12-14",
    "caseNoID": "81도2519",
    "caseNo": "81도2519"
  },
  "jdgmn": "무고죄의 성립에 있어서 신고사실이 허위라는 확신의 요부(소극)",
  "jdgmnInfo": [
    {
      "question": "무고죄의 성립에 있어서 신고사실이 허위라는 확신이 요구되는가?",
      "answer": "부정"
    }
  ],
  "Summary": [
    {
      "summ_contxt": "무고죄의 성립에는 타인으로 하여금 형사 또는 징계처분을 받게 할 목적으로 진실하다는 확신없는 사실을 신고함으로써 족하고 신고자가 그 신고사실이 허위라는 것을 확신함을 요하지 아니한다.",
      "summ_pass": "진실하다는 확신없는 사실을 신고함으로써 족하고 신고자가 그 신고사실이 허위라는 것을 확신함을 요하지 아니한다."
    }
  ],
  "keyword_tagg": [
    {
      "id": 1,
      "keyword": "징계처분"
    }
  ],
  "Reference_info": {
    "reference_rules": "형법 제156조",
    "reference_court_case": "대법원 1981.3.24. 선고 82도3303 판결"
  },
  "Class_info": {
    "class_name": "형사A(생활형)",
    "instance_name": "사기"
  }
}