{
  "info": {
    "id": 53085267,
    "dataType": "판결문",
    "caseNm": "부정수표단속법위반",
    "caseTitle": "대법원 1981. 9. 8., 선고, 81도1495, 판결",
    "courtType": "판례(대법원)",
    "courtNm": "대법원",
    "judmnAdjuDe": "1981-09-08",
    "caseNoID": "81도1495",
    "caseNo": "81도1495"
  },
  "jdgmn": "타인발행의 백지수표의 보충행위가 부정수표단속법 제2조 소정의 '수표의 발행이나 작성' 행위인지의 여부(소극)",
  "jdgmnInfo": [
    {
      "question": "타인발행의 백지수표의 보충행위가 부정수표단속법 제2조 소정의 '수표의 발행이나 작성' 행위인지?",
      "answer": "부정"
    }
  ],
  "Summary": [
    {
      "summ_contxt": "피고인이 금원을 대여하고 그 담보로 교부받은 타인 발행 백지수표의 금액과 발행년월일을 기입 완성하는 행위는 보충권의 행사로 볼 것이며, 이 보충행위를 지목하여 수표의 발행이나 작성이라고 볼 수 없는 것이므로, 피고인이 위 보충된 수표를 타에 양도하고 동수표가 지급거절되었다고 하더라도 피고인을 부정수표단속법 위반죄로 처벌할 수 없다.",
      "summ_pass": "피고인이 위 보충된 수표를 타에 양도하고 동수표가 지급거절되었다고 하더라도 피고인을 부정수표단속법 위반죄로 처벌할 수 없다."
    }
  ],
  "keyword_tagg": [
    {
      "id": 1,
      "keyword": "부정수표단속법위반"
    }
  ],
  "Reference_info": {
    "reference_rules": "부정수표단속법 제2조",
    "reference_court_case": ""
  },
  "Class_info": {
    "class_name": "형사A(생활형)",
    "instance_name": "부정수표단속법위반"
  }
}