{
  "info": {
    "id": 51268478,
    "dataType": "판결문",
    "caseNm": "장물취득",
    "caseTitle": "대법원 1981. 7. 28., 선고, 81도618, 판결",
    "courtType": "판례(대법원)",
    "courtNm": "대법원",
    "judmnAdjuDe": "1981-07-28",
    "caseNoID": "81도618",
    "caseNo": "81도618"
  },
  "jdgmn": "양도담보제공자가 담보물을 임의처분하여 배임죄를 범한 경우에 동 물건이 장물인지의 여부(소극)",
  "jdgmnInfo": [
    {
      "question": "양도담보제공자가 담보물을 임의처분하여 배임죄를 범한 경우에 동 물건이 장물인가?",
      "answer": "부정"
    }
  ],
  "Summary": [
    {
      "summ_contxt": "채무자가 채권자에게 양도담보로 제공한 물건을 임의로 타인에게 양도하는 행위는 배임죄에 해당하나 동 물건은 배임행위에 제공한 물건이지 배임행위로 인하여 영득한 물건 자체는 아니므로 장물이라고 볼 수 없고, 따라서 위 타인이 그러한 사정을 알면서 그 물건을 취득하였다고 하여도 장물취득죄로 처벌할 수 없다.",
      "summ_pass": "채무자가 채권자에게 양도담보로 제공한 물건을 임의로 타인에게 양도하는 행위는 배임죄에 해당하나 동 물건은 배임행위에 제공한 물건이지 배임행위로 인하여 영득한 물건 자체는 아니므로 장물이라고 볼 수 없다."
    }
  ],
  "keyword_tagg": [
    {
      "id": 1,
      "keyword": "장물취득"
    }
  ],
  "Reference_info": {
    "reference_rules": "형법 제362조",
    "reference_court_case": ""
  },
  "Class_info": {
    "class_name": "형사A(생활형)",
    "instance_name": "장물취득"
  }
}