{
  "info": {
    "id": 58642658,
    "dataType": "판결문",
    "caseNm": "손해배상",
    "caseTitle": "대법원 1981. 7. 14., 선고, 81다414, 판결",
    "courtType": "판례(대법원)",
    "courtNm": "대법원",
    "judmnAdjuDe": "1981-07-14",
    "caseNoID": "81다414",
    "caseNo": "81다414"
  },
  "jdgmn": "형사상의 업무방해죄와 민사상의 업무방해와의 차이",
  "jdgmnInfo": [
    {
      "question": "민사상의 업무방해는 형사상의 업무방해죄와 같이 허위사실의 유포나 위계 또는 위력을 그 구성요건으로 필요로 하는 것이 아니라고 보아야 하는가?",
      "answer": "긍정"
    }
  ],
  "Summary": [
    {
      "summ_contxt": "민사상의 업무방해는 형사상의 업무방해죄와 같이 허위사실의 유포나 위계 또는 위력을 그 구성요건으로 필요로 하는 것이 아니므로 폭행 협박 등 위력을 형사하지 아니하더라도 물품의 운반, 선적을 방해하는 등의 행위가 있었고 이로 인하여 손해가 발생하였다면 그 손해를 배상할 책임이 있다고 할 것이다.",
      "summ_pass": "민사상의 업무방해는 형사상의 업무방해죄와 같이 허위사실의 유포나 위계 또는 위력을 그 구성요건으로 필요로 하는 것이 아니다."
    }
  ],
  "keyword_tagg": [
    {
      "id": 1,
      "keyword": "허위사실의 유포"
    }
  ],
  "Reference_info": {
    "reference_rules": "민법 제750조, 형법 제314조",
    "reference_court_case": ""
  },
  "Class_info": {
    "class_name": "형사A(생활형)",
    "instance_name": "손해배상"
  }
}