{
  "info": {
    "id": 52390704,
    "dataType": "판결문",
    "caseNm": "공용서류무효·공문서변조·공문서변조행사·허위공문서작성·허위공문서작성행사·사문서위조·동행사",
    "caseTitle": "대법원 1982. 12. 14., 선고, 81도81, 판결",
    "courtType": "판례(대법원)",
    "courtNm": "대법원",
    "judmnAdjuDe": "1982-12-14",
    "caseNoID": "81도81",
    "caseNo": "81도81"
  },
  "jdgmn": "가. 군에 제출한 건축허가신청에 첨부된 설계도면을 권한없이 바꿔 갈아 넣은 경우 공용서류 무효죄의 성부(적극)\n나. 건축허가 통지서에 첨부된 설계도면을 일부인이 소급 기재된 설계도면으로 바꿔 갈아끼운 경우 공문서변조죄의 성부(적극)",
  "jdgmnInfo": [
    {
      "question": "군에 제출한 건축허가신청에 첨부된 설계도면을 권한없이 바꿔 갈아 넣은 경우 공용서류 무효죄가 성립하는가?",
      "answer": "긍정"
    }
  ],
  "Summary": [
    {
      "summ_contxt": "공용서류무효죄는 공문서이거나 사문서이거나를 불문하고 공무소에서 사용 또는 보관 중인 서류를 정당한 권한없이 그 효용을 해함으로써 성립하는 것인바 원심이 확정한 사실에 의하면 상피고인 권오민은 김포군 농림과 공무원으로서 하등 정당한 권한없이 기히 김포군 건설과에 제출된 피고인 작성명의의 계사건축 허가신청서에 첨부되어 동 군에서 보관 중인 설계도면을 떼내고 동 설계도면과는 전연별개의 방적연공장 설계도면을 첨부하였다는 것이므로 원심이 그와 같은 소행에 대하여 공용서류무효죄로 의율처단하였음은 정당하다.",
      "summ_pass": "원심이 확정한 사실에 의하면 상피고인 권오민은 김포군 농림과 공무원으로서 하등 정당한 권한없이 기히 김포군 건설과에 제출된 피고인 작성명의의 계사건축 허가신청서에 첨부되어 동 군에서 보관 중인 설계도면을 떼내고 동 설계도면과는 전연별개의 방적연공장 설계도면을 첨부하였다는 것이므로 원심이 그와 같은 소행에 대하여 공용서류무효죄로 의율처단하였음은 정당하다."
    }
  ],
  "keyword_tagg": [
    {
      "id": 1,
      "keyword": "공용서류무효죄"
    }
  ],
  "Reference_info": {
    "reference_rules": "가. 형법 제141조 제1항 나. 제225조",
    "reference_court_case": ""
  },
  "Class_info": {
    "class_name": "형사A(생활형)",
    "instance_name": "공용서류무효"
  }
}