{
  "info": {
    "id": 51150062,
    "dataType": "판결문",
    "caseNm": "강도강간등피고사건",
    "caseTitle": "광주고법 1981. 8. 28., 선고, 81노415, 제1형사부판결 : 확정",
    "courtType": "판례(하급심)",
    "courtNm": "광주고등법원",
    "judmnAdjuDe": "1981-08-28",
    "caseNoID": "81노415",
    "caseNo": "81노415"
  },
  "jdgmn": "상상적경합범에 관한 법리오해의 위법이 있는 사례",
  "jdgmnInfo": [
    {
      "question": "피고인들의 원판시 제1의 가. 범죄사실인 강도강간죄와 강간치상죄는 1개의 행위가 수개의 죄에 해당하는 상상적경합범인데 원심이 이를 실체적경합범으로 의율처단함은 위법인가?",
      "answer": "긍정"
    }
  ],
  "Summary": [
    {
      "summ_contxt": "피고인들의 원판시 제1의 가. 범죄사실인 강도강간죄와 강간치상죄는 1개의 행위가 수개의 죄에 해당하는 상상적경합범인데도 불구하고 원심이 이를 실체적경합범으로 의율 처단하였음은 상상적경합범에 관한 법리오해의 위법이 있다 할 것이므로 양형부당의 항소이유 진 판단은 생략한 채 직권파기사유가 있어 형사소송법 제364조 제2항, 제6항에 의하여 원심판결을 파기하고 당원이 다시 다음과 같이 판결하기로 한다.",
      "summ_pass": "범죄사실인 강도강간죄와 강간치상죄는 1개의 행위가 수개의 죄에 해당하는 상상적경합범인데도 불구하고 원심이 이를 실체적경합범으로 의율 처단하였음은 상상적경합범에 관한 법리오해의 위법이 있다."
    }
  ],
  "keyword_tagg": [
    {
      "id": 1,
      "keyword": "법리오해의 위법"
    }
  ],
  "Reference_info": {
    "reference_rules": "형법 제40조, 형법 제301조, 형법 제339조",
    "reference_court_case": ""
  },
  "Class_info": {
    "class_name": "형사A(생활형)",
    "instance_name": "강도강간"
  }
}