{
  "info": {
    "id": 52663561,
    "dataType": "판결문",
    "caseNm": "보호감호·특정범죄가중처벌등에관한법률위반",
    "caseTitle": "대법원 1982. 12. 14., 선고, 82감도501, 판결",
    "courtType": "판례(대법원)",
    "courtNm": "대법원",
    "judmnAdjuDe": "1982-12-14",
    "caseNoID": "82감도501",
    "caseNo": "82감도501"
  },
  "jdgmn": "감호요건으로서의 범죄사실과 피고사건의 범죄사실이 일치되어야 하는지 여부(적극)",
  "jdgmnInfo": [
    {
      "question": "감호요건으로서의 범죄사실과 피고사건의 범죄사실이 일치되어야 하는가?",
      "answer": "긍정"
    }
  ],
  "Summary": [
    {
      "summ_contxt": "감호사건의 판결은 원칙적으로 피고사건의 판결과 동시에 선고하게 되어있고, 이 경우에 감호요건으로서의 범죄사실은 다름아닌 바로 피고사건의 내용이 된 범죄사실인 것이므로 그 인정여부와 내용에 관한 판단은 피고사건에 있어서의 범죄사실에 대한 그것과 일치되어야 하며 양자간에 그 인정여부를 달리하거나 그 범죄사실의 내용을 상반되게 인정할 수 없다.",
      "summ_pass": "그 인정여부와 내용에 관한 판단은 피고사건에 있어서의 범죄사실에 대한 그것과 일치되어야 하며 양자간에 그 인정여부를 달리하거나 그 범죄사실의 내용을 상반되게 인정할 수 없다."
    }
  ],
  "keyword_tagg": [
    {
      "id": 1,
      "keyword": "보호감호"
    },
    {
      "id": 2,
      "keyword": "특정범죄가중처벌등에관한법률위반"
    }
  ],
  "Reference_info": {
    "reference_rules": "사회보호법 제20조",
    "reference_court_case": ""
  },
  "Class_info": {
    "class_name": "형사A(생활형)",
    "instance_name": "보호감호"
  }
}