{
  "info": {
    "id": 56739110,
    "dataType": "판결문",
    "caseNm": "보건범죄단속에관한특별조치법위반",
    "caseTitle": "대법원 1983. 3. 22., 선고, 82도2062, 판결",
    "courtType": "판례(대법원)",
    "courtNm": "대법원",
    "judmnAdjuDe": "1983-03-22",
    "caseNoID": "82도2062",
    "caseNo": "82도2062"
  },
  "jdgmn": "형의 변경을 이유로 파기환송된 경우, 환송반은 법원의 증거없음을 이유로 한 무죄선고 가부(적극)",
  "jdgmnInfo": [
    {
      "question": "형의 변경을 이유로 파기환송된 경우, 환송반은 법원의 증거없음을 이유로 한 무죄선고가 타당한가?",
      "answer": "긍정"
    }
  ],
  "Summary": [
    {
      "summ_contxt": "원심판결선고 후에 법률개정으로 인하여 신법의 소정형이 환송전 원심이 적용한 개정전 법률의 소정형보다 가벼워서 판결선고후 형의 변경이 있는 때에 해당한다는 이유로 환송전 원심판결을 파기환송한 경우, 증거가 없음을 이유로 하여 무죄를 선고한 환송후 원심판결은 동 환송판결에 어긋난다고 볼 수 없다.",
      "summ_pass": "소정형보다 가벼워서 판결선고후 형의 변경이 있는 때에 해당한다는 이유로 환송전 원심판결을 파기환송한 경우, 증거가 없음을 이유로 하여 무죄를 선고한 환송후 원심판결은 동 환송판결에 어긋난다고 볼 수 없다."
    }
  ],
  "keyword_tagg": [
    {
      "id": 1,
      "keyword": "법률의 변경"
    }
  ],
  "Reference_info": {
    "reference_rules": "형사소송법 제397조",
    "reference_court_case": ""
  },
  "Class_info": {
    "class_name": "형사A(생활형)",
    "instance_name": "보건범죄단속에관한특별조치법위반"
  }
}