{
  "info": {
    "id": 54828117,
    "dataType": "판결문",
    "caseNm": "위계에의한공무집행방해등피고사건",
    "caseTitle": "서울고법 1982. 5. 12., 선고, 82노732, 제1형사부판결 : 확정",
    "courtType": "판례(하급심)",
    "courtNm": "서울고법",
    "judmnAdjuDe": "1982-05-12",
    "caseNoID": "82노732",
    "caseNo": "82노732"
  },
  "jdgmn": "공무원인 시험감독관의 답안지 유출과 위계에 의한 공무집행방해죄의 여부",
  "jdgmnInfo": [
    {
      "question": "공무원인 시험감독관의 답안지 유출시에 위계에 의한 공무집행방해죄가 성립하는가?",
      "answer": "긍정"
    }
  ],
  "Summary": [
    {
      "summ_contxt": "피고인이 공무원으로 시험감독관이라 하더라도 답안지를 수험생에게 유출함으로써 다른 시험감독관의 감독업무 및 시험시행기관의 정당한 합격사정 등을 방해할 의사로서 이 사건 범행을 저지른 이상 위계에 의한 공무집행방해죄가 성립한다.",
      "summ_pass": "다른 시험감독관의 감독업무 및 시험시행기관의 정당한 합격사정 등을 방해할 의사로서 이 사건 범행을 저지른 이상 위계에 의한 공무집행방해죄가 성립한다."
    }
  ],
  "keyword_tagg": [
    {
      "id": 1,
      "keyword": "공무집행방해죄"
    }
  ],
  "Reference_info": {
    "reference_rules": "형법 제137조",
    "reference_court_case": ""
  },
  "Class_info": {
    "class_name": "형사A(생활형)",
    "instance_name": "위계에의한공무집행방해"
  }
}