{
  "info": {
    "id": 56521449,
    "dataType": "판결문",
    "caseNm": "배임수재",
    "caseTitle": "대법원 1982. 7. 13., 선고, 82도925, 판결",
    "courtType": "판례(대법원)",
    "courtNm": "대법원",
    "judmnAdjuDe": "1982-07-13",
    "caseNoID": "82도925",
    "caseNo": "82도925"
  },
  "jdgmn": "가. 배임수재죄의 성립에 있어서 청탁에 따른 배임행위의 요부(소극)\n나. 감정사가 법정보수이외의 보수취득금지규정을 위반한 죄와 배임수재죄와의 관계",
  "jdgmnInfo": [
    {
      "question": "배임수재죄의 성립에 있어서 청탁에 따른 배임행위임이 요구되는가?",
      "answer": "부정"
    }
  ],
  "Summary": [
    {
      "summ_contxt": "상고이유의 요지는, 피고인은 그 감정평가 업무를 종료한 후에 금품을 받았을 뿐 아니라 부정감정을 한 바도 없으므로 배임수재죄에 해당하지 않는다는 것이다. 그러나, 형법 제357조 제1항의 배임수재죄는 타인의 사무를 처리하는 자가 그 임무에 관하여 부정한 청탁을 받고 재물 또는 재산상의 이익을 취득함으로써 성립하는 것이며 그 취득 후에 청탁취지에 따른 배임행위를 하였음을 필요로 하지 않는 것인바, 원심이 적법히 확정한 사실과 기록에 의하면 피고인은 원심 공동피고인 으로부터 감정물의 감정평가액을 낮추어 평가하여 달라는 청탁을 받고 금 1,700,000원을 수령한 후 감정평가서를 작성하여 이를 춘천시장에게 제출하였음이 인정됨으로 피고인이 한 감정내용이 허위인지의 여부에 관계없이 피고인을 배임수재죄로 의율 처단한 원심조치는 정당하고 논지는 이유 없다.",
      "summ_pass": "상고이유의 요지는, 피고인은 그 감정평가 업무를 종료한 후에 금품을 받았을 뿐 아니라 부정감정을 한 바도 없으므로 배임수재죄에 해당하지 않는다는 것이다. 그러나, 형법 제357조 제1항의 배임수재죄는 타인의 사무를 처리하는 자가 그 임무에 관하여 부정한 청탁을 받고 재물 또는 재산상의 이익을 취득함으로써 성립하는 것이며 그 취득 후에 청탁취지에 따른 배임행위를 하였음을 필요로 하지 않는 것이다."
    }
  ],
  "keyword_tagg": [
    {
      "id": 1,
      "keyword": "재산상 이익 취득"
    }
  ],
  "Reference_info": {
    "reference_rules": "가.나. 형법 제357조 제1항 나. 감정평가에관한법률 제19조, 제28조 제3호",
    "reference_court_case": ""
  },
  "Class_info": {
    "class_name": "형사A(생활형)",
    "instance_name": "배임수재"
  }
}