{
  "info": {
    "id": 59719241,
    "dataType": "판결문",
    "caseNm": "보건범죄단속에관한특별조치법위반",
    "caseTitle": "대법원 1982. 4. 27., 선고, 82도122, 판결",
    "courtType": "판례(대법원)",
    "courtNm": "대법원",
    "judmnAdjuDe": "1982-04-27",
    "caseNoID": "82도122",
    "caseNo": "82도122"
  },
  "jdgmn": "진료부 기재행위가 무면허 의료행위의 방조에 해당하는지의 여부",
  "jdgmnInfo": [
    {
      "question": "진료부 기재행위가 무면허 의료행위의 방조에 해당하는지?",
      "answer": "긍정"
    }
  ],
  "Summary": [
    {
      "summ_contxt": "진료부는 환자의 계속적인 진료에 참고로 공하여지는 진료상황부이므로 간호보조원의 무면허 진료행위가 있은 후에 이를 의사가 진료부에다 기재하는 행위는 정범의 실행행위종료 후의 단순한 사후행위에 불과하다고 볼 수 없고 무면허 의료행위의 방조에 해당한다.",
      "summ_pass": "간호보조원의 무면허 진료행위가 있은 후에 이를 의사가 진료부에다 기재하는 행위는 정범의 실행행위종료 후의 단순한 사후행위에 불과하다고 볼 수 없고 무면허 의료행위의 방조에 해당한다."
    }
  ],
  "keyword_tagg": [
    {
      "id": 1,
      "keyword": "보건범죄단속에관한특별조치법위반"
    }
  ],
  "Reference_info": {
    "reference_rules": "보건범죄단속에 관한 특별조치법 제5조 / 의료법 제25조 / 형법 제32조",
    "reference_court_case": ""
  },
  "Class_info": {
    "class_name": "형사A(생활형)",
    "instance_name": "보건범죄단속에관한특별조치법위반"
  }
}