{
  "info": {
    "id": 51399333,
    "dataType": "판결문",
    "caseNm": "간첩·국가보안법위반등",
    "caseTitle": "대법원 1982. 4. 27., 선고, 82도285, 판결",
    "courtType": "판례(대법원)",
    "courtNm": "대법원",
    "judmnAdjuDe": "1982-04-27",
    "caseNoID": "82도285",
    "caseNo": "82도285"
  },
  "jdgmn": "구 국가보안법(1960.6.10 법률 제549호) 제2조, 형법 제98조 제1항과 구 국가보안법 제3조 제1호와의 관계\n형법 제98조 제1항의 간첩죄를 범한 자 또는 구 국가보안법 제3조 제1호의 국가기밀을 탐지한 자가 그 기밀을 누설한 경우 별도로 군사기밀누설죄 및 국가기밀누설죄를 구성하는지의 여부",
  "jdgmnInfo": [
    {
      "question": "형법 제98조 제1항의 간첩죄를 범한 자 또는 구 국가보안법 제3조 제1호의 국가기밀을 탐지한 자가 그 기밀을 누설한 경우 별도로 군사기밀누설죄 및 국가기밀누설죄를 구성하는지?",
      "answer": "부정"
    }
  ],
  "Summary": [
    {
      "summ_contxt": "형법 제98조 제1항의 간첩죄를 범한 자가 그 탐지수집한 기밀을 누설한 경우나 구 국가보안법 제3조 제1호의 국가기밀을 탐지 수집한 자가 그 기밀을 누설한 경우에는 양죄를 포괄하여 1죄를 범한 것으로 보아야 하고, 간첩죄와 군사기밀누설죄 또는 국가기밀탐지수집죄와 국가기밀누설등 두가지 죄를 범한 것으로 인정할 수 없다.",
      "summ_pass": "간첩죄와 군사기밀누설죄 또는 국가기밀탐지수집죄와 국가기밀누설등 두가지 죄를 범한 것으로 인정할 수 없다."
    }
  ],
  "keyword_tagg": [
    {
      "id": 1,
      "keyword": "간첩"
    },
    {
      "id": 2,
      "keyword": "국가보안법위반"
    }
  ],
  "Reference_info": {
    "reference_rules": "형법 제37조, 제98조 제1항 구 국가보안법(1960. 6. 10. 법률 제549호) 제2조, 제3조 제1호",
    "reference_court_case": "대법원 1974.7.26. 선고 74도1477 판결 1982.2.23. 선고 81도3063 판결"
  },
  "Class_info": {
    "class_name": "형사A(생활형)",
    "instance_name": "간첩"
  }
}