{
  "info": {
    "id": 51266033,
    "dataType": "판결문",
    "caseNm": "절도",
    "caseTitle": "대법원 1982. 12. 28., 선고, 82도2058, 판결",
    "courtType": "판례(대법원)",
    "courtNm": "대법원",
    "judmnAdjuDe": "1982-12-28",
    "caseNoID": "82도2058",
    "caseNo": "82도2058"
  },
  "jdgmn": "공동점유에 속하는 조합재산을 단독점유로 옮긴 경우 불법영득의사가 있었다고 볼 것인지 여부(적극)",
  "jdgmnInfo": [
    {
      "question": "공동점유에 속하는 조합재산을 단독점유로 옮긴 경우 불법영득의사가 있었다고 볼 것인지?",
      "answer": "긍정"
    }
  ],
  "Summary": [
    {
      "summ_contxt": "조합원의 1인인 피고인이 조합원의 공동점유에 속하는 합유의 물건을 다른 조합원의 승낙없이 조합원의 점유를 배제하고 단독으로 자신의 지배하에 옮긴다는 인식이 있었다면 절도죄에 있어서의 불법영득의 의사가 있었다고 볼 것이며, 기록에 의하여도 피고인이 동업관계가 해소되었다고 오인할 만한 정당한 이유가 있음을 인정할 자료가 없다고 판단하고 피고인의 그 판시 소위를 절도죄로 의율 처단하였다. 기록에 의하여 원심이 든 증거를 살펴보면 원심의 위 조처는 정당하고, 거기에 소론과 같이 채증법칙위배, 심리미진 등으로 인한 사실오인, 조합의 법리오해, 이유불비 등의 위법이나 법률의 착오에 관한 해석을 그르친 위법이 있다고 할 수 없다.",
      "summ_pass": "조합원의 1인인 피고인이 조합원의 공동점유에 속하는 합유의 물건을 다른 조합원의 승낙없이 조합원의 점유를 배제하고 단독으로 자신의 지배하에 옮긴다는 인식이 있었다면 절도죄에 있어서의 불법영득의 의사가 있었다고 볼 것이다."
    }
  ],
  "keyword_tagg": [
    {
      "id": 1,
      "keyword": "절도"
    }
  ],
  "Reference_info": {
    "reference_rules": "형법 제329조",
    "reference_court_case": ""
  },
  "Class_info": {
    "class_name": "형사A(생활형)",
    "instance_name": "절도"
  }
}