{
  "info": {
    "id": 51765223,
    "dataType": "판결문",
    "caseNm": "보호감호·야간주거침입절도·특정범죄가중처벌등에관한법률위반",
    "caseTitle": "대법원 1982. 6. 22., 선고, 82도1072, 판결",
    "courtType": "판례(대법원)",
    "courtNm": "대법원",
    "judmnAdjuDe": "1982-06-22",
    "caseNoID": "82도1072",
    "caseNo": "82도1072"
  },
  "jdgmn": "공소제기 이전부터 군법피적용자의 신분을 보유하고 있던 피고인에 대한 제1심 판결선고 후에 항소심사건을 이송받은 고등군법회의에서 제1심 법원에 재판권이 없다는 이유로 제1심 판결을 파기할 수 있는지 여부(소극)",
  "jdgmnInfo": [
    {
      "question": "공소제기 이전부터 군법피적용자의 신분을 보유하고 있던 피고인에 대한 제1심 판결선고 후에 항소심사건을 이송받은 고등군법회의에서 제1심 법원에 재판권이 없다는 이유로 제1심 판결을 파기할 수 있는가?",
      "answer": "부정"
    }
  ],
  "Summary": [
    {
      "summ_contxt": "공소가 제기된 사건에 관하여 군법회의가 재판권을 가졌음이 판명된 때라 함은 공소제기당시에 이미 군법회의가 재판권을 가지고 있던 경우를 포함하고, 한편 이송전에 행한 소송행위는 이송 후에도 그 효력에 영향이 없으므로, 제1심법원에 공소가 제기되기 이전부터 군법피적용자의 신분을 보유하고 있던 피고인에 대한 제1심법원의 판결선고 후에 항소심사건을 이송받은 고등군법회의로서는 제1심법원이 피고인에 대한 재판권이 없었다는 이유로 제1심판결을 파기할 수 없다.",
      "summ_pass": "제1심법원에 공소가 제기되기 이전부터 군법피적용자의 신분을 보유하고 있던 피고인에 대한 제1심법원의 판결선고 후에 항소심사건을 이송받은 고등군법회의로서는 제1심법원이 피고인에 대한 재판권이 없었다는 이유로 제1심판결을 파기할 수 없다."
    }
  ],
  "keyword_tagg": [
    {
      "id": 1,
      "keyword": "보호감호"
    },
    {
      "id": 2,
      "keyword": "야간주거침입절도"
    },
    {
      "id": 3,
      "keyword": "특정범죄가중처벌등에관한법률위반"
    }
  ],
  "Reference_info": {
    "reference_rules": "형사소송법 제16조의 2, 군법회의법 제421조제404조 제4호",
    "reference_court_case": "대법원 1976.10.26. 선고 76도2820 판결"
  },
  "Class_info": {
    "class_name": "형사A(생활형)",
    "instance_name": "보호감호"
  }
}