{
  "info": {
    "id": 58370744,
    "dataType": "판결문",
    "caseNm": "뇌물수수",
    "caseTitle": "대법원 1983. 7. 26., 선고, 82도1208, 판결",
    "courtType": "판례(대법원)",
    "courtNm": "대법원",
    "judmnAdjuDe": "1983-07-26",
    "caseNoID": "82도1208",
    "caseNo": "82도1208"
  },
  "jdgmn": "뇌물죄에 있어서 \"직무에 관하여\"의 의미",
  "jdgmnInfo": [
    {
      "question": "뇌물죄에 있어서 \"직무에 관하여\"라 함은 당해 공무원이 그 지위에 수반하여 공무로서 취급하는 일체의 직무를 말하는 것인가?",
      "answer": "긍정"
    }
  ],
  "Summary": [
    {
      "summ_contxt": "뇌물죄에 있어서 \"직무에 관하여\"라 함은 당해 공무원이 그 지위에 수반하여 공무로서 취급하는 일체의 직무를 말하는 것으로서 그 권한에 속하는 직무행위 뿐만 아니라, 이에 밀접한 관계가 있는 경우와 그 직무에 관련하여 사실상 처리하고 있는 행위까지도 포함한다.",
      "summ_pass": "공무로서 취급하는 일체의 직무를 말하는 것으로서 그 권한에 속하는 직무행위 뿐만 아니라, 이에 밀접한 관계가 있는 경우와 그 직무에 관련하여 사실상 처리하고 있는 행위까지도 포함한다."
    }
  ],
  "keyword_tagg": [
    {
      "id": 1,
      "keyword": "밀접한 행위"
    }
  ],
  "Reference_info": {
    "reference_rules": "형법 제129조",
    "reference_court_case": "대법원 1982.11.23 선고 82도1549 판결(동지)"
  },
  "Class_info": {
    "class_name": "형사A(생활형)",
    "instance_name": "뇌물수수"
  }
}