{
  "info": {
    "id": 59093487,
    "dataType": "판결문",
    "caseNm": "허위공문서작성·동행사",
    "caseTitle": "대법원 1983. 12. 27., 선고, 82도3063, 판결",
    "courtType": "판례(대법원)",
    "courtNm": "대법원",
    "judmnAdjuDe": "1983-12-27",
    "caseNoID": "82도3063",
    "caseNo": "82도3063"
  },
  "jdgmn": "객관적으로 내용이 일치하나 설계서를 확인않고서 한 (설계서에 의한) 준공검사조서와 허위공문서작성죄",
  "jdgmnInfo": [
    {
      "question": "객관적으로 내용이 일치하나 설계서를 확인않고서 한 (설계서에 의한) 준공검사조서는 허위공문서작성죄에 해당하는가?",
      "answer": "긍정"
    }
  ],
  "Summary": [
    {
      "summ_contxt": "준공검사조서를 작성함에 있어서 정산설계서를 확인하고 준공검사를 한 것이 아님에도 마치 한 것처럼 준공검사용지에 “정산설계서에 의하여 준공검사”를 하였다는 내용을 기입하였다면 허위공문서작성의 범의가 있었음이 명백하여 그것만으로 곧 허위공문서작성죄가 성립하고 위 준공검사조서의 내용이 객관적으로 정산설계서 초안이나 그후에 작성된 정산설계서 원본의 내용과 일치한다거나 공사현장의 준공상태에 부합한다 하더라도 그 성립에 아무런 영향을 미치지 못한다.",
      "summ_pass": "“정산설계서에 의하여 준공검사”를 하였다는 내용을 기입하였다면 허위공문서작성의 범의가 있었음이 명백하여 그것만으로 곧 허위공문서작성죄가 성립하고 위 준공검사조서의 내용이 객관적으로 정산설계서 초안이나 그후에 작성된 정산설계서 원본의 내용과 일치한다거나 공사현장의 준공상태에 부합한다 하더라도 그 성립에 아무런 영향을 미치지 못한다."
    }
  ],
  "keyword_tagg": [
    {
      "id": 1,
      "keyword": "허위공문서작성"
    }
  ],
  "Reference_info": {
    "reference_rules": "형법 제227조",
    "reference_court_case": "대법원 1973.10.23. 선고 73도395 판결"
  },
  "Class_info": {
    "class_name": "형사A(생활형)",
    "instance_name": "허위공문서작성"
  }
}