{
  "info": {
    "id": 53385837,
    "dataType": "판결문",
    "caseNm": "특정범죄가중처벌등에관한법률위반·폭력행위등처벌에관한법률위반",
    "caseTitle": "대법원 1982. 6. 8., 선고, 82도944, 판결",
    "courtType": "판례(대법원)",
    "courtNm": "대법원",
    "judmnAdjuDe": "1982-06-08",
    "caseNoID": "82도944",
    "caseNo": "82도944"
  },
  "jdgmn": "절도목적의 주거침입죄와 특수절도죄가 사회보호법상 동종 또는 유사한 죄에 해당한다고 본 예",
  "jdgmnInfo": [
    {
      "question": "피고인이 타인의 재물을 절취할 목적으로 주거에 침입하여 유리를 파손까지 하였으나 피해자에게 발각되어 절도의 실행행위에 착수하지 못한 것이라면 위 주거침입은 전의 범죄인 특수절도죄와 죄질, 범죄의 수단과 방법, 범죄의 경향, 범죄의 유형등을 종합하여 볼 때 동종 또는 유사한 죄에 속하는가?",
      "answer": "긍정"
    }
  ],
  "Summary": [
    {
      "summ_contxt": "사회보호법 제6조 제2항에 의하면, 같은 법제5조에서 “동종 또는 유사한죄”라 함은 전후의 범죄관계에 있어서 다음 각호의 1에 해당하는 경우를 말한다고 규정하고, 그 6호의 죄질, 범죄의 수단과 방법, 범죄의 경향, 범죄의 유형 등을 종합하여 동종 또는 유사한 죄에 속한다고 인정되는 경우를 규정하고 있는바, 원심이 인정하는 바와 같이 피고인 이 타인의 재물을 절취할 목적으로 주거에 침입하여 유리를 파손까지 하였으나 피해자에게 발각되어 절도의 실행행위에 착수하지 못한 것이라면 위 주거침입은 전의 범죄인 특수절도죄와, 죄질, 범죄의 수단과 방법, 범죄의 경향, 범죄의 유형 등을 종합하여 볼때 동종 또는 유사한 죄에 속한다고 인정함이 상당하다고 할 것이다.",
      "summ_pass": "피고인 이 타인의 재물을 절취할 목적으로 주거에 침입하여 유리를 파손까지 하였으나 피해자에게 발각되어 절도의 실행행위에 착수하지 못한 것이라면 위 주거침입은 전의 범죄인 특수절도죄와, 죄질, 범죄의 수단과 방법, 범죄의 경향, 범죄의 유형 등을 종합하여 볼때 동종 또는 유사한 죄에 속한다고 인정함이 상당하다고 할 것이다."
    }
  ],
  "keyword_tagg": [
    {
      "id": 1,
      "keyword": "타인의 재물"
    }
  ],
  "Reference_info": {
    "reference_rules": "사회보호법 제6조 제2항",
    "reference_court_case": ""
  },
  "Class_info": {
    "class_name": "형사A(생활형)",
    "instance_name": "특정범죄가중처벌등에관한법률위반"
  }
}