{
  "info": {
    "id": 50902133,
    "dataType": "판결문",
    "caseNm": "사기·횡령(변경:배임)",
    "caseTitle": "대법원 1982. 12. 14., 선고, 82도2465, 판결",
    "courtType": "판례(대법원)",
    "courtNm": "대법원",
    "judmnAdjuDe": "1982-12-14",
    "caseNoID": "82도2465",
    "caseNo": "82도2465"
  },
  "jdgmn": "임차인이 임의로 전대한 경우 전차인에 대한 사기죄의 성부",
  "jdgmnInfo": [
    {
      "question": "임차인이 임의로 전대한 경우 전차인에 대한 사기죄가 성립하는가?",
      "answer": "부정"
    }
  ],
  "Summary": [
    {
      "summ_contxt": "일건기록에 의하여 원심판결이 이 사건 공소범죄사실 3에 관한 사실인정의 자료로 한 증거들을 모아보면 이 사건 매매목적부동산중 매매계약 당시 매도인이 사용하던 부분은 보증금 금 10,000,000원, 차임 월금 200,000원으로 피고인이 매수인으로부터 임차하여 계속 사용하기로 하였고 공소외 이강은에게 임대한 부분은 종전부터 매도인이 사용하던 부분에 속하는 것임을 알 수 있으므로 원심이 이와 같은 사실을 확정하고 전대금지 등의 특약이 없는 이 사건에 있어서 피고인이 그 사용부분중 일부를 위 이강은에게 임대한 것은 그 권리범위내에 속하여 이를 사기죄로 문의할 수 없다고 판시한 원심조치는 정당하고 이에 법리오해나 심리미진의 위법이 있다고 할 수 없다.",
      "summ_pass": "전대금지 등의 특약이 없는 이 사건에 있어서 피고인이 그 사용부분중 일부를 위 이강은에게 임대한 것은 그 권리범위내에 속하여 이를 사기죄로 문의할 수 없다고 판시한 원심조치는 정당하고 이에 법리오해나 심리미진의 위법이 있다고 할 수 없다."
    }
  ],
  "keyword_tagg": [
    {
      "id": 1,
      "keyword": "부동산 매매계약"
    }
  ],
  "Reference_info": {
    "reference_rules": "형법 제347조 제1항",
    "reference_court_case": ""
  },
  "Class_info": {
    "class_name": "형사A(생활형)",
    "instance_name": "사기"
  }
}