{
  "info": {
    "id": 51826314,
    "dataType": "판결문",
    "caseNm": "사기·유가증권위조·유가증권위조행사",
    "caseTitle": "대법원 1982. 6. 22., 선고, 82도677, 판결",
    "courtType": "판례(대법원)",
    "courtNm": "대법원",
    "judmnAdjuDe": "1982-06-22",
    "caseNoID": "82도677",
    "caseNo": "82도677"
  },
  "jdgmn": "위조된 백지어음이란 정을 알면서 이를 구입하여 백지인 액면란에 금액을 기입하는 행위가 유가증권 위조죄를 구성하는지 여부(적극)",
  "jdgmnInfo": [
    {
      "question": "위조된 백지어음이란 정을 알면서 이를 구입하여 백지인 액면란에 금액을 기입하는 행위가 유가증권 위조죄를 구성하는지?",
      "answer": "긍정"
    }
  ],
  "Summary": [
    {
      "summ_contxt": "타인이 위조한 액면과 지급기일이 백지로 된 약속어음을 구입하여 행사의 목적으로 백지인 액면란에 금액을 기입하여 그 위조어음을 완성하는 행위는 백지어음 형태의 위조행위와는 별개의 유가증권위조죄를 구성한다.",
      "summ_pass": "백지어음 형태의 위조행위와는 별개의 유가증권위조죄를 구성한다."
    }
  ],
  "keyword_tagg": [
    {
      "id": 1,
      "keyword": "사기"
    },
    {
      "id": 2,
      "keyword": "유가증권위조"
    },
    {
      "id": 3,
      "keyword": "유가증권위조행사"
    }
  ],
  "Reference_info": {
    "reference_rules": "형법 제214조",
    "reference_court_case": "대법원 1972.6.13. 선고 72도897 판결"
  },
  "Class_info": {
    "class_name": "형사A(생활형)",
    "instance_name": "사기"
  }
}