{
  "info": {
    "id": 51576196,
    "dataType": "판결문",
    "caseNm": "부정수표단속법위반",
    "caseTitle": "대법원 1983. 5. 24., 선고, 82도1199, 판결",
    "courtType": "판례(대법원)",
    "courtNm": "대법원",
    "judmnAdjuDe": "1983-05-24",
    "caseNoID": "82도1199",
    "caseNo": "82도1199"
  },
  "jdgmn": "가. 1개의 공소장에 동일한 사건이 중복기재된 경우 이중기소에 해당하는지 여부(소극)\n나. 위와 같이 중복기재된 공소사실에 대한 법원의 처리방법",
  "jdgmnInfo": [
    {
      "question": "1개의 공소장에 동일한 사건이 중복기재된 경우 이중기소에 해당하는가?",
      "answer": "부정"
    }
  ],
  "Summary": [
    {
      "summ_contxt": "형사소송법 제327조 제3호가 규정하는 \"공소가 제기된 사건에 대하여 다시 공소가 제기되었을 때\"라 함은 이미 공소가 제기된 사건에 대하여 다시 별개의 공소장에 의하여 이중으로 공소가 제기된 경우를 뜻하는 것이지 하나의 공소장에 범죄사실이 이중으로 기재되어 있는 경우까지 포함하는 것이라고는 해석되지 않는다.",
      "summ_pass": "다시 별개의 공소장에 의하여 이중으로 공소가 제기된 경우를 뜻하는 것이지 하나의 공소장에 범죄사실이 이중으로 기재되어 있는 경우까지 포함하는 것이라고는 해석되지 않는다."
    }
  ],
  "keyword_tagg": [
    {
      "id": 1,
      "keyword": "부정수표단속법위반"
    }
  ],
  "Reference_info": {
    "reference_rules": "가. 형사소송법 제327조 제3호 나. 제327조 제3호, 제254조, 제323조",
    "reference_court_case": ""
  },
  "Class_info": {
    "class_name": "형사A(생활형)",
    "instance_name": "부정수표단속법위반"
  }
}