{
  "info": {
    "id": 52492819,
    "dataType": "판결문",
    "caseNm": "보호감호·폭력행위등처벌에관한법률위반",
    "caseTitle": "대법원 1982. 9. 28., 선고, 82도1615, 판결",
    "courtType": "판례(대법원)",
    "courtNm": "대법원",
    "judmnAdjuDe": "1982-09-28",
    "caseNoID": "82도1615",
    "caseNo": "82도1615"
  },
  "jdgmn": "폭력행위등처벌에관한법률 위반죄의 죄명만을 기준으로 하여 사회보호법 제6조 제2항 제1호 소정의 죄명이 같은 경우로 보아 동종 또는 유사한 죄로 볼 수 있는지 여부",
  "jdgmnInfo": [
    {
      "question": "폭력행위등처벌에관한법률 위반죄의 죄명만을 기준으로 하여 사회보호법 제6조 제2항 제1호 소정의 죄명이 같은 경우로 보아 동종 또는 유사한 죄로 볼 수 있는가?",
      "answer": "부정"
    }
  ],
  "Summary": [
    {
      "summ_contxt": "사회보호법 제6조 제2항 제1호에 규정된 \"죄명이 같은 경우\"의 죄명이란 같은 조 제2항 각 호의 규정내용을 서로 대비검토하여 보면 형법 각칙 또는 형법 이외의 법률에 규정된 구체적 죄명을 의미하므로 폭력행위등처벌에관한법률 위반죄의 죄명만 가지고 같은 조 제2항 제1호에 규정된 죄명이 같은 경우로 보아 동종 또는 유사한 죄라고 단정할 수 없다.",
      "summ_pass": "형법 각칙 또는 형법 이외의 법률에 규정된 구체적 죄명을 의미하므로 폭력행위등처벌에관한법률 위반죄의 죄명만 가지고 같은 조 제2항 제1호에 규정된 죄명이 같은 경우로 보아 동종 또는 유사한 죄라고 단정할 수 없다."
    }
  ],
  "keyword_tagg": [
    {
      "id": 1,
      "keyword": "보호감호"
    },
    {
      "id": 2,
      "keyword": "폭력행위등처벌에관한법률위반"
    }
  ],
  "Reference_info": {
    "reference_rules": "사회보호법 제6조 제2항",
    "reference_court_case": "대법원 1982.3.23. 선고 81도3342,81감도158 판결"
  },
  "Class_info": {
    "class_name": "형사A(생활형)",
    "instance_name": "보호감호"
  }
}