{
  "info": {
    "id": 52061736,
    "dataType": "판결문",
    "caseNm": "현주건조물방화피고사건",
    "caseTitle": "서울고법 1982. 12. 22., 선고, 82노2843, 제1형사부판결 : 확정",
    "courtType": "판례(하급심)",
    "courtNm": "서울고법",
    "judmnAdjuDe": "1982-12-22",
    "caseNoID": "82노2843",
    "caseNo": "82노2843"
  },
  "jdgmn": "비닐하우스가 형법 제164조소정의 건조물인지 여부",
  "jdgmnInfo": [
    {
      "question": "비닐하우스가 형법 제164조 소정의 건조물인가?",
      "answer": "긍정"
    }
  ],
  "Summary": [
    {
      "summ_contxt": "피고인이 방화한 이 사건 비닐하우스는 비닐을 사용하여 축조한 7평 가량 넓이의 반원형 모양의 가건물로서 거실과 부엌에는 찻장과 취사도구를 장치하여 피고인의 부모와 동생이 주거로 사용하여 왔는바 이는 형법 제164조소정의 사람의 주거에 사용하는 건조물에 속한다고 해석함이 상당하고 비록 위 비닐하우스가 비닐을 사용하여 간단하게 축조된 가건물이라고 하여도 위 인정을 달리할 사유가 되지 못한다.",
      "summ_pass": "찻장과 취사도구를 장치하여 피고인의 부모와 동생이 주거로 사용하여 왔는바 이는 형법 제164조소정의 사람의 주거에 사용하는 건조물에 속한다고 해석함이 상당하고 비록 위 비닐하우스가 비닐을 사용하여 간단하게 축조된 가건물이라고 하여도 위 인정을 달리할 사유가 되지 못한다."
    }
  ],
  "keyword_tagg": [
    {
      "id": 1,
      "keyword": "사람의 주거"
    }
  ],
  "Reference_info": {
    "reference_rules": "형법 제164조",
    "reference_court_case": ""
  },
  "Class_info": {
    "class_name": "형사A(생활형)",
    "instance_name": "현주건조물방화피고사건"
  }
}