{
  "info": {
    "id": 54383391,
    "dataType": "판결문",
    "caseNm": "강간·살인·현주건조물방화",
    "caseTitle": "대법원 1982. 10. 26., 선고, 82도1818, 판결",
    "courtType": "판례(대법원)",
    "courtNm": "대법원",
    "judmnAdjuDe": "1982-10-26",
    "caseNoID": "82도1818",
    "caseNo": "82도1818"
  },
  "jdgmn": "공범의 범의를 실현하려는 의사가 암묵리에 상통한 경우와 공동정범의 성립",
  "jdgmnInfo": [
    {
      "question": "공범의 범의를 실현하려는 의사가 암묵리에 상통한 경우에 공동정범이 성립하는가?",
      "answer": "긍정"
    }
  ],
  "Summary": [
    {
      "summ_contxt": "공동정범이 성립하기 위하여는 반드시 공범자간에 사전 모의가 있어야 하는 것은 아니며, 암묵리에 서로 협력하여 공동의 범의를 실현하려는 의사가 상통하면 공모가 있다할 것이고 공모가 있는 이상 반드시 각 범행의 실행을 분담할 것을 요하지 아니하고, 단순히 망을 보았어도 공범의 책임을 면할 수 없다 할 것이므로, 강간을 모의한 공동피고인중의 1인이 강간하고 있는 중 다른 피고인이 강간피해자의 딸을 살해하고 다시 전자는 강간을 끝내고 망을 보고 있는 사이에 후자가 강간피해자를 묶고 집에 불을 놓아 피해자를 살해한 경우 전자는 강간 이후의 다른 피고인의 일련의 범행에 대하여 공동정범의 죄책을 면할 수 없다.",
      "summ_pass": "공동정범이 성립하기 위하여는 반드시 공범자간에 사전 모의가 있어야 하는 것은 아니며, 암묵리에 서로 협력하여 공동의 범의를 실현하려는 의사가 상통하면 공모가 있다할 것이고 공모가 있는 이상 반드시 각 범행의 실행을 분담할 것을 요하지 아니하고, 단순히 망을 보았어도 공범의 책임을 면할 수 없다."
    }
  ],
  "keyword_tagg": [
    {
      "id": 1,
      "keyword": "공동정범"
    }
  ],
  "Reference_info": {
    "reference_rules": "형법 제30조",
    "reference_court_case": "대법원 1955.11.29. 선고 4288형상261 판결"
  },
  "Class_info": {
    "class_name": "형사A(생활형)",
    "instance_name": "강간"
  }
}