{
  "info": {
    "id": 51056114,
    "dataType": "판결문",
    "caseNm": "업무상횡령",
    "caseTitle": "대법원 1984. 4. 26., 선고, 82도1674, 판결",
    "courtType": "판례(대법원)",
    "courtNm": "대법원",
    "judmnAdjuDe": "1984-04-26",
    "caseNoID": "82도1674",
    "caseNo": "82도1674"
  },
  "jdgmn": "법인대표가 동 법인의 자금을 법인의 운영을 위하여 변태지출한 경우 횡령죄의 성부(소극)",
  "jdgmnInfo": [
    {
      "question": "법인대표가 동 법인의 자금을 법인의 운영을 위하여 변태지출한 경우 횡령죄가 성립하는가?",
      "answer": "부정"
    }
  ],
  "Summary": [
    {
      "summ_contxt": "피고인이 공소외 재단법인을 운영함에 있어 경비를 지출하고도 그 영수증을 발급받지 못하거나 감독기관으로부터 인정받기 어려운 경조비·접대비 등의 잡지출에 대하여 번역료, 항공권판매보상금 등 잡수입금으로 이를 충당하고 동 잡지출계정은 일반경리장부와는 별도로 장부를 만들어 변태지출하였고, 공소외인들에게 봉급을 지급하지 않고도 지급한 것처럼 경리장부에 기재하고 그 금액을 장부계정에 입금시켰다 하더라도 이는 장부상의 자금이동에 불과하므로 피고인이 공소외 법인의 변태지출된 경비나 봉급명목의 돈을 횡령한 것이라고 볼 수는 없다.",
      "summ_pass": "번역료, 항공권판매보상금 등 잡수입금으로 이를 충당하고 동 잡지출계정은 일반경리장부와는 별도로 장부를 만들어 변태지출하였고, 공소외인들에게 봉급을 지급하지 않고도 지급한 것처럼 경리장부에 기재하고 그 금액을 장부계정에 입금시켰다 하더라도 이는 장부상의 자금이동에 불과하므로 피고인이 공소외 법인의 변태지출된 경비나 봉급명목의 돈을 횡령한 것이라고 볼 수는 없다."
    }
  ],
  "keyword_tagg": [
    {
      "id": 1,
      "keyword": "보상금 지급"
    }
  ],
  "Reference_info": {
    "reference_rules": "형법 제355조 제1항",
    "reference_court_case": ""
  },
  "Class_info": {
    "class_name": "형사A(생활형)",
    "instance_name": "업무상횡령"
  }
}