{
  "info": {
    "id": 55287256,
    "dataType": "판결문",
    "caseNm": "신용훼손·업무방해·횡령·배임·무고",
    "caseTitle": "대법원 1983. 2. 8., 선고, 82도2486, 판결",
    "courtType": "판례(대법원)",
    "courtNm": "대법원",
    "judmnAdjuDe": "1983-02-08",
    "caseNoID": "82도2486",
    "caseNo": "82도2486"
  },
  "jdgmn": "가. 단순한 의견이나 가치판단의 표시가 신용훼손죄 소정의 허위사실의 유포에 해당하는지 여부(소극)\n나. 계운영에 관한 업무방해와 계주의 승인\n다. 채권액수에 다툼이 있어서 채권담보물처분 가액으로부터 정산잔액을 반환하지 아니한 경우 횡령의 범의가 있다고 할 것인지 여부",
  "jdgmnInfo": [
    {
      "question": "단순한 의견이나 가치판단의 표시가 신용훼손죄 소정의 허위사실의 유포에 해당하는가?",
      "answer": "부정"
    }
  ],
  "Summary": [
    {
      "summ_contxt": "형법상 신용훼손죄는 허위사실의 유포 기타 위계로써 사람의 신용을 훼손할 것을 요하고, 여기서 허위사실의 유포라 함은 객관적으로 진실과 부합하지 않는 과거 또는 현재의 사실을 유포하는 것으로서 (미래의 사실도 증거에 의한 입증이 가능할 때에는 여기의 사실에 포함된다고 할 것이다.) 피고인의 단순한 의견이나 가치판단을 표시하는 것은 이에 해당하지 않는다고 할 것이므로, 공소외 (갑)은 8년전부터 남편없이 3자녀를 데리고 생계를 꾸려왔을 뿐 아니라 피고인에 대한 다액의 채무를 담보하기 위해 동녀의 아파트와 가재도구까지를 피고인에게 제공한 사실이 인정되니 위 공소외 (갑)이 집도 남편도 없는 과부라고 말한 것이 허위사실이 될 수 없고 또 공소외 (갑)이 계주로서 계불입금을 모아서 도망가더라도 책임지고 도와줄 사람이 없다는 취지의 피고인의 말은 피고인의 위 공소외 (갑)에 대한 개인적 의견이나 평가를 진술한 것에 불과하여 허위사실의 유포라고 볼 수 없다.",
      "summ_pass": "형법상 신용훼손죄는 허위사실의 유포 기타 위계로써 사람의 신용을 훼손할 것을 요하고, 여기서 허위사실의 유포라 함은 객관적으로 진실과 부합하지 않는 과거 또는 현재의 사실을 유포하는 것으로서 (미래의 사실도 증거에 의한 입증이 가능할 때에는 여기의 사실에 포함된다고 할 것이다.) 피고인의 단순한 의견이나 가치판단을 표시하는 것은 이에 해당하지 않는다."
    }
  ],
  "keyword_tagg": [
    {
      "id": 1,
      "keyword": "신용훼손"
    },
    {
      "id": 2,
      "keyword": "업무방해"
    },
    {
      "id": 3,
      "keyword": "횡령"
    },
    {
      "id": 4,
      "keyword": "배임"
    },
    {
      "id": 5,
      "keyword": "무고"
    }
  ],
  "Reference_info": {
    "reference_rules": "가. 형법 제313조 나. 제314조, 제24조 다. 제355조 제1항",
    "reference_court_case": ""
  },
  "Class_info": {
    "class_name": "형사A(생활형)",
    "instance_name": "신용훼손"
  }
}