{
  "info": {
    "id": 53093712,
    "dataType": "판결문",
    "caseNm": "부정수표단속법위반",
    "caseTitle": "대법원 1984. 6. 12., 선고, 83도2122, 판결",
    "courtType": "판례(대법원)",
    "courtNm": "대법원",
    "judmnAdjuDe": "1984-06-12",
    "caseNoID": "83도2122",
    "caseNo": "83도2122"
  },
  "jdgmn": "부정수표단속법 위반사실을 적시함에 있어서 수표의 발행일자의 정정일자 명시요부",
  "jdgmnInfo": [
    {
      "question": "부정수표단속법 위반사실을 적시함에 있어서 수표의 발행일자의 정정일자 명시가 요구되는가?",
      "answer": "부정"
    }
  ],
  "Summary": [
    {
      "summ_contxt": "부정수표단속법위반으로 공소를 제기하는 경우 수표의 발행일자, 제시일자, 액면, 부도사유 등을 구체적으로 기재하여 공소사실을 특정하면 족하다 할 것이지 그 밖에 수표의 발행일자가 정정되었을 경우 그 정정한 구체적 날짜는 필요적 기재사항이 아니라 할 것이므로 구체적으로 정정한 날짜의 기재가 없다 하여 공소사실이 특정되지 않았다 할 수 없다.",
      "summ_pass": "부정수표단속법위반으로 공소를 제기하는 경우 수표의 발행일자, 제시일자, 액면, 부도사유 등을 구체적으로 기재하여 공소사실을 특정하면 족하다 할 것이다."
    }
  ],
  "keyword_tagg": [
    {
      "id": 1,
      "keyword": "부정수표단속법위반"
    }
  ],
  "Reference_info": {
    "reference_rules": "형사소송법 제254조 제4항, 부정수표단속법 제2조",
    "reference_court_case": ""
  },
  "Class_info": {
    "class_name": "형사A(생활형)",
    "instance_name": "부정수표단속법위반"
  }
}