{
  "info": {
    "id": 54521874,
    "dataType": "판결문",
    "caseNm": "위증",
    "caseTitle": "대법원 1983. 12. 13., 선고, 83도2342, 판결",
    "courtType": "판례(대법원)",
    "courtNm": "대법원",
    "judmnAdjuDe": "1983-12-13",
    "caseNoID": "83도2342",
    "caseNo": "83도2342"
  },
  "jdgmn": "8,9년 전에 취급한 사무에 관한 “모른다”는 증언과 기억에 반하는 허위진술여부",
  "jdgmnInfo": [
    {
      "question": "8,9년 전에 취급한 사무에 관한 “모른다”는 증언이 기억에 반하는 허위진술인가?",
      "answer": "부정"
    }
  ],
  "Summary": [
    {
      "summ_contxt": "피고인이 8,9년 전에 취급한 사무에 관한 질문에 대하여 \"모른다\"고 증언한 것은 당시 취급한 문서에 그렇게 되어 있어도 그 자세한 경위를 알지 못하던가 기억하지 못하고 있다는 취지로 해석하여야 할 것이므로 기억에 반하는 진술이라고 할 수 없다.",
      "summ_pass": "기억하지 못하고 있다는 취지로 해석하여야 할 것이므로 기억에 반하는 진술이라고 할 수 없다."
    }
  ],
  "keyword_tagg": [
    {
      "id": 1,
      "keyword": "위증"
    }
  ],
  "Reference_info": {
    "reference_rules": "형법 제152조",
    "reference_court_case": ""
  },
  "Class_info": {
    "class_name": "형사A(생활형)",
    "instance_name": "위증"
  }
}