{
  "info": {
    "id": 51558030,
    "dataType": "판결문",
    "caseNm": "절도",
    "caseTitle": "대법원 1983. 6. 28., 선고, 83도1132, 판결",
    "courtType": "판례(대법원)",
    "courtNm": "대법원",
    "judmnAdjuDe": "1983-06-28",
    "caseNoID": "83도1132",
    "caseNo": "83도1132"
  },
  "jdgmn": "효력없는 해약통고후 매수인이 특약에 따라 매수묘목을 이식한 경우 절도죄의 성부",
  "jdgmnInfo": [
    {
      "question": "효력없는 해약통고후 매수인이 특약에 따라 매수묘목을 이식한 경우 절도죄가 성립하는가?",
      "answer": "부정"
    }
  ],
  "Summary": [
    {
      "summ_contxt": "상대방이 계약의 이행에 착수한 이후에는 계약당사자 일방은 계약금의 포기 또는 배액상환으로써 계약을 해제할 수 없는 것이므로 매수인이 묘목매매계약의 잔대금 지급전에라도 매수묘목을 이식 인도받을 수 있도록 한 특약에 따라 묘목의 이식작업에 착수하였다면 그 이후 매도인의 계약해제는 효력이 없고 따라서 매수인이 위 계약통고후 묘목을 이식한 행위에는 타인의 재물을 절취한다는 의사가 있다고 볼 수 없다.",
      "summ_pass": "매수인이 묘목매매계약의 잔대금 지급전에라도 매수묘목을 이식 인도받을 수 있도록 한 특약에 따라 묘목의 이식작업에 착수하였다면 그 이후 매도인의 계약해제는 효력이 없고 따라서 매수인이 위 계약통고후 묘목을 이식한 행위에는 타인의 재물을 절취한다는 의사가 있다고 볼 수 없다."
    }
  ],
  "keyword_tagg": [
    {
      "id": 1,
      "keyword": "매매계약의 이행"
    }
  ],
  "Reference_info": {
    "reference_rules": "형법 제329조, 민법 제565조",
    "reference_court_case": ""
  },
  "Class_info": {
    "class_name": "형사A(생활형)",
    "instance_name": "절도"
  }
}