{
  "info": {
    "id": 55158815,
    "dataType": "판결문",
    "caseNm": "유가증권위조·유가증권위조행사",
    "caseTitle": "대법원 1984. 2. 28., 선고, 83도3284, 판결",
    "courtType": "판례(대법원)",
    "courtNm": "대법원",
    "judmnAdjuDe": "1984-02-28",
    "caseNoID": "83도3284",
    "caseNo": "83도3284"
  },
  "jdgmn": "명의대여자의 승낙없이 제1의 명의임차인으로부터 영업권을 매수한 제2의 명의임차인이 명의대여자의 명의로 어음을 배서한 경우 유가증권위조죄의 성부",
  "jdgmnInfo": [
    {
      "question": "명의대여자의 승낙없이 제1의 명의임차인으로부터 영업권을 매수한 제2의 명의임차인이 명의대여자의 명의로 어음을 배서한 경우 유가증권위조죄가 성립하는가?",
      "answer": "긍정"
    }
  ],
  "Summary": [
    {
      "summ_contxt": "타점포체인의 명의를 사용하여 영업하고 그 체인대표자의 명의를 사용할 수 있는 내용의 명의임대차계약이 체결된 경우에 있어서 명의대여자의 승낙(점포체인의 대표자로부터 체인의 지점장으로 임명받는 형식)없이 제1의 명의임차인으로부터 지점의 영업권을 사실상 매수한 제2의 명의임차인이 명의대여자의 승낙없이 본래의 명의대여자의 명의로 어음을 배서하고 이를 행사하였다면 제2의 명의임차인은 유가증권위조의 책임을 면할 수 없고 위 체인 대표자가 명의대여자로서 책임을 지는 여부는 유가증권위조죄의 성립에 소장이 없다.",
      "summ_pass": "명의대여자의 승낙없이 제1의 명의임차인으로부터 지점의 영업권을 사실상 매수한 제2의 명의임차인이 명의대여자의 승낙없이 본래의 명의대여자의 명의로 어음을 배서하고 이를 행사하였다면 제2의 명의임차인은 유가증권위조의 책임을 면할 수 없고 위 체인 대표자가 명의대여자로서 책임을 지는 여부는 유가증권위조죄의 성립에 소장이 없다."
    }
  ],
  "keyword_tagg": [
    {
      "id": 1,
      "keyword": "유가증권위조"
    }
  ],
  "Reference_info": {
    "reference_rules": "형법 제214조, 제217조, 상법 제24조",
    "reference_court_case": ""
  },
  "Class_info": {
    "class_name": "형사A(생활형)",
    "instance_name": "유가증권위조"
  }
}