{
  "info": {
    "id": 52183690,
    "dataType": "판결문",
    "caseNm": "무고",
    "caseTitle": "대법원 1983. 11. 8., 선고, 83도2354, 판결",
    "courtType": "판례(대법원)",
    "courtNm": "대법원",
    "judmnAdjuDe": "1983-11-08",
    "caseNoID": "83도2354",
    "caseNo": "83도2354"
  },
  "jdgmn": "무고죄의 고의와 고소사실의 허위성에 대한 인식요부",
  "jdgmnInfo": [
    {
      "question": "무고죄의 성립을 위해 고의와 고소사실의 허위성에 대한 인식이 요구되는가?",
      "answer": "긍정"
    }
  ],
  "Summary": [
    {
      "summ_contxt": "무고죄에 있어서 허위사실의 신고라 함은 신고사실이 객관적 사실에 반한다는 것을 확정적이거나 미필적으로 인식하고 신고하는 것을 말함이니, 가사 고소사실이 객관적 사실에 반하는 허위의 것이라 할지라도 그 허위성에 대한 인식이 없을 땐 무고에 대한 고의가 없다고 할 것이다.",
      "summ_pass": "가사 고소사실이 객관적 사실에 반하는 허위의 것이라 할지라도 그 허위성에 대한 인식이 없을 땐 무고에 대한 고의가 없다고 할 것이다."
    }
  ],
  "keyword_tagg": [
    {
      "id": 1,
      "keyword": "미필적으로 인식"
    }
  ],
  "Reference_info": {
    "reference_rules": "형법 제156조",
    "reference_court_case": "대법원 1982.12.28 선고 82도1622 판결"
  },
  "Class_info": {
    "class_name": "형사A(생활형)",
    "instance_name": "무고"
  }
}