{
  "info": {
    "id": 55572727,
    "dataType": "판결문",
    "caseNm": "절도·사기",
    "caseTitle": "대법원 1984. 5. 9., 선고, 83도2270, 판결",
    "courtType": "판례(대법원)",
    "courtNm": "대법원",
    "judmnAdjuDe": "1984-05-09",
    "caseNoID": "83도2270",
    "caseNo": "83도2270"
  },
  "jdgmn": "가. 채권자가 채권의 양도통지를 않고서 채무금을 수령한 행위와 사기죄의 성부\n나. 공장을 양도하고 기왕의 외상대금채권을 포기한 자가 외상대금을 수금한 경우 업무방해죄의 성부",
  "jdgmnInfo": [
    {
      "question": "채권자가 채권의 양도통지를 않고서 채무금을 수령한 행위와 사기죄가 성립하는가?",
      "answer": "부정"
    }
  ],
  "Summary": [
    {
      "summ_contxt": "채무자는 채권자로부터 채권의 양도통지를 받지 않은 이상 채무금은 원래의 채권자에게 반환할 의무가 있는 것이므로, 채권양도 통지 전에는 그 채무자가 채권자에게 그 채무금을 반환하면 유효한 변제가 되는 것이고 채권자에 대하여 위 채무금의 지급을 거부할 권리를 유보하고 양수인에게만 지급해야 할 특별한 사정이 없는 한 채무자로서는 양수인이 채무의 지급을 구한다 하더라도 이를 거부할 권리가 있으므로 채권자가 위 채권의 양도사실을 밝히지 아니하고 직접 위 외상대금을 수령하였다 하여 기망수단을 써서 채무자를 착오에 빠뜨려 그 대금을 편취한 것이라 할 수 없다.",
      "summ_pass": "채권자가 위 채권의 양도사실을 밝히지 아니하고 직접 위 외상대금을 수령하였다 하여 기망수단을 써서 채무자를 착오에 빠뜨려 그 대금을 편취한 것이라 할 수 없다."
    }
  ],
  "keyword_tagg": [
    {
      "id": 1,
      "keyword": "특별한 사정"
    }
  ],
  "Reference_info": {
    "reference_rules": "가.나. 민법 제451조 가. 형법 제347조 나. 제314조",
    "reference_court_case": ""
  },
  "Class_info": {
    "class_name": "형사A(생활형)",
    "instance_name": "절도"
  }
}