{
  "info": {
    "id": 52232976,
    "dataType": "판결문",
    "caseNm": "반공법위반·국가보안법위반·국가모독일반이적",
    "caseTitle": "대법원 1983. 7. 26., 선고, 83도1372, 판결",
    "courtType": "판례(대법원)",
    "courtNm": "대법원",
    "judmnAdjuDe": "1983-07-26",
    "caseNoID": "83도1372",
    "caseNo": "83도1372"
  },
  "jdgmn": "가. 자백에 대한 보강증거의 정도\n나. 외국주재 한국대사와 영사가 피고인을 처벌하지 아니할 것을 약속한 것이 공소보류의 결정인지 여부(소극)",
  "jdgmnInfo": [
    {
      "question": "외국주재 한국대사와 영사가 피고인을 처벌하지 아니할 것을 약속한 것이 공소보류의 결정인지?",
      "answer": "부정"
    }
  ],
  "Summary": [
    {
      "summ_contxt": "피고인이 망명절차를 취소하는 과정에서 스웨덴주재 한국대사와 영사가 피고인을 처벌하지 아니할 것을 약속한 사실을 가지고 공소보류의 결정이라고 할 수 없다.",
      "summ_pass": "피고인을 처벌하지 아니할 것을 약속한 사실을 가지고 공소보류의 결정이라고 할 수 없다."
    }
  ],
  "keyword_tagg": [
    {
      "id": 1,
      "keyword": "반공법위반"
    },
    {
      "id": 2,
      "keyword": "국가보안법위반"
    },
    {
      "id": 3,
      "keyword": "국가모독일반이적"
    }
  ],
  "Reference_info": {
    "reference_rules": "가. 형사소송법 제310조 나. 국가보안법 제20조 / 구 국가보안법 제16조, 반공법(1980. 12. 31. 법률 제3318호 폐지) 제16조",
    "reference_court_case": "대법원 1959.2.27 선고 4291형상559 판결, 1967.12.18 선고 67도1084 판결, 1969.6.10 선고 69도643 판결, 1969.12.26. 선고 69도1419 판결, 1976.9.28 선고 76도2569 판결, 1982.3.9 선고 81도2596 판결"
  },
  "Class_info": {
    "class_name": "형사A(생활형)",
    "instance_name": "반공법위반"
  }
}