{
  "info": {
    "id": 54327611,
    "dataType": "판결문",
    "caseNm": "특정범죄가중처벌등에관한법률위반,폭력행위등처벌에관한법률위반,보호감호",
    "caseTitle": "대법원 1983. 4. 26., 선고, 83도387, 판결",
    "courtType": "판례(대법원)",
    "courtNm": "대법원",
    "judmnAdjuDe": "1983-04-26",
    "caseNoID": "83도387",
    "caseNo": "83도387"
  },
  "jdgmn": "가. 소년범에 보호감호 처분을 할 수 있는지 여부\n나. 보호감호기간을 법원이 신축할 수 있는지 여부(소극)",
  "jdgmnInfo": [
    {
      "question": "보호감호기간을 법원이 신축할 수 있는가?",
      "answer": "부정"
    }
  ],
  "Summary": [
    {
      "summ_contxt": "논지는 범행당시 소년이었던 피고인에 대하여 보호감호처분을 과한 것은 사회보호법의 법리를 오해하고 상습성이나 재범의 위험성에 관한 심리미진의 위법이 있으며 7년의 보호감호는 너무 과중하다는 것이나, 피고인이 범행당시 소년이었다고 하여도 사회보호법 소정의 보호감호 처분 요건을 충족하는 이상 피고인을 보호감호에 처한 원심조처는 정당하며 감호기간은 법정되어 있어 법원이 이를 신축할 재량이 없으므로 논지는 모두 이유 없다.",
      "summ_pass": "피고인이 범행당시 소년이었다고 하여도 사회보호법 소정의 보호감호 처분 요건을 충족하는 이상 피고인을 보호감호에 처한 원심조처는 정당하며 감호기간은 법정되어 있어 법원이 이를 신축할 재량이 없으므로 논지는 모두 이유 없다."
    }
  ],
  "keyword_tagg": [
    {
      "id": 1,
      "keyword": "심리미진의 위법"
    }
  ],
  "Reference_info": {
    "reference_rules": "사회보호법 제5조 제2항",
    "reference_court_case": "나. 대법원 1982.7.13 선고 82도1280,82감도250 판결, 1983.2.8 선고 82도3023,82감도652 판결"
  },
  "Class_info": {
    "class_name": "형사A(생활형)",
    "instance_name": "특정범죄가중처벌등에관한법률위반"
  }
}