{
  "info": {
    "id": 58196883,
    "dataType": "판결문",
    "caseNm": "폭력행위등처벌에관한법률위반·보호감호",
    "caseTitle": "대법원 1983. 9. 27., 선고, 83도2134, 판결",
    "courtType": "판례(대법원)",
    "courtNm": "대법원",
    "judmnAdjuDe": "1983-09-27",
    "caseNoID": "83도2134",
    "caseNo": "83도2134"
  },
  "jdgmn": "보호감호 기간이 길다는 이유로 한 보호감호 처분에 대한 불복의 당부",
  "jdgmnInfo": [
    {
      "question": "보호감호 기간이 길다는 이유로 한 보호감호 처분에 대한 불복이 허용되는가?",
      "answer": "부정"
    }
  ],
  "Summary": [
    {
      "summ_contxt": "원심이 유지한 제1심판결이 든 증거에 의하면 피고인에 대한 그 판시와 같은 범죄사실과 보호감호요건사실을 인정하기에 어렵지 아니하고, 거기에 소론과 같은 채증법칙 위배로 인한 사실오인의 위법이 없으며, 이 사건에 있어서와 같이 징역 1년의 형이 선고된 판결에 대하여는 양형부당을 들어 적법한 상고이유로 삼을 수 없는 것이고 또한 사회보호법상 보호감호요건에 해당한다고 인정되는 경우에는 법원은 보호감호에 처해야 하고 또 그 보호기간도 법정되어 있어 법원의 재량을 인정하는 규정이 없으므로 그 보호감호기간이 길다는 것만을 이유로 하는 불복도 허용되지 않으므로 논지는 모두 이유 없다.",
      "summ_pass": "이 사건에 있어서와 같이 징역 1년의 형이 선고된 판결에 대하여는 양형부당을 들어 적법한 상고이유로 삼을 수 없는 것이고 또한 사회보호법상 보호감호요건에 해당한다고 인정되는 경우에는 법원은 보호감호에 처해야 하고 또 그 보호기간도 법정되어 있어 법원의 재량을 인정하는 규정이 없으므로 그 보호감호기간이 길다는 것만을 이유로 하는 불복도 허용되지 않으므로 논지는 모두 이유 없다."
    }
  ],
  "keyword_tagg": [
    {
      "id": 1,
      "keyword": "적법한 상고이유"
    }
  ],
  "Reference_info": {
    "reference_rules": "사회보호법 제5조",
    "reference_court_case": "대법원 1983.2.8 선고 82도3023, 82감도652 판결, 1983.2.22 선고 82도2814,83감도609 판결, 1983.3.8 선고 83도181,83감도43 판결, 1983.3.22 선고 83감도28 판결, 1983.3.22 선고 83감도37 판결, 1983.4.12 선고 83도395, 83감도82 판결"
  },
  "Class_info": {
    "class_name": "형사A(생활형)",
    "instance_name": "폭력행위등처벌에관한법률위반"
  }
}