{
  "info": {
    "id": 58096625,
    "dataType": "판결문",
    "caseNm": "횡령·사기미수·모욕",
    "caseTitle": "대법원 1983. 7. 26., 선고, 83도1431, 판결",
    "courtType": "판례(대법원)",
    "courtNm": "대법원",
    "judmnAdjuDe": "1983-07-26",
    "caseNoID": "83도1431",
    "caseNo": "83도1431"
  },
  "jdgmn": "검사에 의한 피해자 진술조서 작성시 행한 고소취소 진술의 효력",
  "jdgmnInfo": [
    {
      "question": "검사에 의한 피해자 진술조서 작성시 행한 고소취소 진술의 효력이 인정되는가?",
      "answer": "긍정"
    }
  ],
  "Summary": [
    {
      "summ_contxt": "고소취소는 요식행위가 아니므로 고소권자가 검사에 의한 피해자 진술조서작성시 고소를 취소하겠다고 명백히 하고 또 고소취소 후에는 다시 고소할 수 없다는 점도 알고 있다고 진술하였음이 인정된다면 그 고소는 적법하게 취소되었다 할 것이다.",
      "summ_pass": "진술조서작성시 고소를 취소하겠다고 명백히 하고 또 고소취소후에는 다시 고소할 수 없다는 점도 알고 있다고 진술하였음이 인정된다면 그 고소는 적법하게 취소되었다 할 것이다."
    }
  ],
  "keyword_tagg": [
    {
      "id": 1,
      "keyword": "고소취소"
    }
  ],
  "Reference_info": {
    "reference_rules": "형사소송법 제239조, 제237조",
    "reference_court_case": ""
  },
  "Class_info": {
    "class_name": "형사A(생활형)",
    "instance_name": "횡령"
  }
}