{
  "info": {
    "id": 53118809,
    "dataType": "판결문",
    "caseNm": "특정범죄가중처벌등에관한법률위반·뇌물수수",
    "caseTitle": "대법원 1983. 12. 27., 선고, 83도1313, 판결",
    "courtType": "판례(대법원)",
    "courtNm": "대법원",
    "judmnAdjuDe": "1983-12-27",
    "caseNoID": "83도1313",
    "caseNo": "83도1313"
  },
  "jdgmn": "뇌물소비 후 동액의 금원을 반환한 경우 추징여부",
  "jdgmnInfo": [
    {
      "question": "뇌물소비 후 동액의 금원을 반환한 경우 추징가능한가?",
      "answer": "긍정"
    }
  ],
  "Summary": [
    {
      "summ_contxt": "수뢰자가 수수한 금원상당을 후일 증뢰자에게 반환했으나 그것이 금원을 수령하여 소비한 뒤 다른 돈으로 지급한 것이라면 이를 추징한 원심의 조치는 정당하다.",
      "summ_pass": "그것이 금원을 수령하여 소비한 뒤 다른 돈으로 지급한 것이라면 이를 추징한 원심의 조치는 정당하다."
    }
  ],
  "keyword_tagg": [
    {
      "id": 1,
      "keyword": "특정범죄가중처벌등에관한법률위반"
    },
    {
      "id": 2,
      "keyword": "뇌물수수"
    }
  ],
  "Reference_info": {
    "reference_rules": "형법 제134조",
    "reference_court_case": "대법원 1967.1.24. 선고 66도1666 판결"
  },
  "Class_info": {
    "class_name": "형사A(생활형)",
    "instance_name": "특정범죄가중처벌등에관한법률위반"
  }
}