{
  "info": {
    "id": 52041804,
    "dataType": "판결문",
    "caseNm": "국가보안법위반·반공법위반·집회및시위에관한법률위반·계엄법위반",
    "caseTitle": "대법원 1983. 6. 14., 선고, 83도647, 판결",
    "courtType": "판례(대법원)",
    "courtNm": "대법원",
    "judmnAdjuDe": "1983-06-14",
    "caseNoID": "83도647",
    "caseNo": "83도647"
  },
  "jdgmn": "가. 검사작성의 피의자신문조서의 증거능력\n나. 구 반공법 및 국가보안법 위반으로 압수된 서적들을 유죄의 증거로 채택한 경우 헌법 제11조에의 위반여부\n다. 국가보안법상 “지도적 임무에 종사한 자”의 의미\n라. 계엄해제 후 계엄실시 중의 포고령위반 행위를 처벌할 수 있는지 여부(적극)",
  "jdgmnInfo": [
    {
      "question": "계엄해제 후 계엄실시 중의 포고령위반 행위를 처벌할 수 있는가?",
      "answer": "긍정"
    }
  ],
  "Summary": [
    {
      "summ_contxt": "비상계엄이 해제되었다 하여도 동 계엄실시중의 계엄포고위반행위에 대한 가벌성을 소멸시킬 아무런 이유가 없는 것이므로 계엄해제에 따른 특별한 조치가 없는 한 행위 당시의 형벌법령에 따라 그 위반행위를 처벌할 수 있는 것이므로(당원 1981.3.24, 81도304 판결 참조) 비상계엄이 해제되었음을 전제로 계엄포고위반죄는 범죄 후의 법령개폐로 형이 폐지되었을 때와 마찬가지로 면소의 판결을 하여야 된다는 논지는 채용할 수 없다.",
      "summ_pass": "비상계엄이 해제되었다 하여도 동 계엄실시중의 계엄포고위반행위에 대한 가벌성을 소멸시킬 아무런 이유가 없는 것이므로 계엄해제에 따른 특별한 조치가 없는 한 행위 당시의 형벌법령에 따라 그 위반행위를 처벌할 수 있다."
    }
  ],
  "keyword_tagg": [
    {
      "id": 1,
      "keyword": "비상계엄"
    },
    {
      "id": 2,
      "keyword": "계엄포고위반죄"
    }
  ],
  "Reference_info": {
    "reference_rules": "가. 형사소송법 제312조 나. 헌법 제11조, 제21조, 제35조 / 구 반공법(폐지) 제4조 / 국가보안법 제7조 다. 제3조 라. 계엄법 제14조",
    "reference_court_case": "가. 대법원 1980.12.23 선고 80도2570 판결, 1982.6.8 선고 82도754 판결 / 다. 1951.4.10 선고 4283형상115 판결 / 라. 1981.3.24 선고 81도304 판결"
  },
  "Class_info": {
    "class_name": "형사A(생활형)",
    "instance_name": "국가보안법위반"
  }
}