{
  "info": {
    "id": 58591756,
    "dataType": "판결문",
    "caseNm": "살인미수·폭력행위등처벌에관한법률위반",
    "caseTitle": "대법원 1983. 7. 26., 선고, 83도1470, 판결",
    "courtType": "판례(대법원)",
    "courtNm": "대법원",
    "judmnAdjuDe": "1983-07-26",
    "caseNoID": "83도1470",
    "caseNo": "83도1470"
  },
  "jdgmn": "구금일수의 산입과 법원의 재량",
  "jdgmnInfo": [
    {
      "question": "구금일수의 산입은 법원의 재량에 속하는가?",
      "answer": "긍정"
    }
  ],
  "Summary": [
    {
      "summ_contxt": "원심이 유지한 제1심판결이 들고있는 증거들을 기록에 대조하여 검토하여 보면 피고인에 대한 제1심판시 각 범죄사실을 인정한 원심의 조치는 정당하고 거기에 채증법칙을 위배하여 증거없이 범죄사실을 인정한 위법이 있다고는 할 수 없고, 기록을 정사하여 보아도 피고인이 이 사건 범행당시 술에 취하여 사물을 판별할 능력이나, 의사를 결정할 능력이 없었다거나, 미약한 상태에 있었다고는 인정되지 아니한다. 또 법률상 미결구금일수를 당연히 통산하여야 할 경우가 아닌 이상 미결구금일수중, 그 전부를 본형에 산입할 것인가 그 일부만 산입할 것인가의 여부는 판결법원의 자유재량에 속하는 것이므로 피고인만이 항소한 이 사건에 있어서 원심이 소론의 미결구금일수중 일부인 75일만을 본형에 산입한다는 판결을 하였다 하여 위법이라 할 수 없다.",
      "summ_pass": "법률상 미결구금일수를 당연히 통산하여야 할 경우가 아닌 이상 미결구금일수중, 그 전부를 본형에 산입할 것인가 그 일부만 산입할 것인가의 여부는 판결법원의 자유재량에 속하는 것이므로 피고인만이 항소한 이 사건에 있어서 원심이 소론의 미결구금일수중 일부인 75일만을 본형에 산입한다는 판결을 하였다 하여 위법이라 할 수 없다."
    }
  ],
  "keyword_tagg": [
    {
      "id": 1,
      "keyword": "피고인 아닌 자"
    }
  ],
  "Reference_info": {
    "reference_rules": "형법 제57조 / 형사소송법 제482조",
    "reference_court_case": "대법원 1966.4.12 선고 66도280 판결, 1969.4.22 선고 49도269 판결"
  },
  "Class_info": {
    "class_name": "형사A(생활형)",
    "instance_name": "살인미수"
  }
}