{
  "info": {
    "id": 55649117,
    "dataType": "판결문",
    "caseNm": "특정범죄가중처벌등에관한법률위반·부정수표단속법위반·위조유가증권행사·사기·장물보관",
    "caseTitle": "대법원 1984. 2. 28., 선고, 83도3334, 판결",
    "courtType": "판례(대법원)",
    "courtNm": "대법원",
    "judmnAdjuDe": "1984-02-28",
    "caseNoID": "83도3334",
    "caseNo": "83도3334"
  },
  "jdgmn": "가. 피고인의 진술에 의해 도난사실이 비로소 밝혀진 경우의 사실인정\n나. 공소장변경의 미촉구와 심리미진\n다. 장물보관 공소사실에 관해서 업무상 과실장물보관죄로의 의율가부(소극)",
  "jdgmnInfo": [
    {
      "question": "장물보관 공소사실에 관해서 업무상 과실장물보관죄로의 의율이 허용되는가?",
      "answer": "부정"
    }
  ],
  "Summary": [
    {
      "summ_contxt": "원심이 검사에게 공소제기된 장물보관죄를 업무상과실장물보관죄로 공소장변경을 촉구 또는 요구하지 아니하였다고 하여 심리미진이라고 할 수 없으며, 또 장물보관죄로 공소제기된 사건을 검사의 공소장변경 절차없이 업무상과실장물보관죄로 의율처단할 수는 없다고 할 것이므로 원심판결에 장물죄에 관한 법리 및 공소장변경에 관한 법리를 오해한 위법이 있다는 논지도 이유 없다.",
      "summ_pass": "장물보관죄로 공소제기된 사건을 검사의 공소장변경 절차없이 업무상과실장물보관죄로 의율처단할 수는 없다고 할 것이므로 원심판결에 장물죄에 관한 법리 및 공소장변경에 관한 법리를 오해한 위법이 있다는 논지도 이유 없다."
    }
  ],
  "keyword_tagg": [
    {
      "id": 1,
      "keyword": "업무상 과실"
    }
  ],
  "Reference_info": {
    "reference_rules": "가. 형법 제329조 / 형사소송법 제307조 나.다. 제298조 제2항",
    "reference_court_case": ""
  },
  "Class_info": {
    "class_name": "형사A(생활형)",
    "instance_name": "특정범죄가중처벌등에관한법률위반"
  }
}