{
  "info": {
    "id": 58991136,
    "dataType": "판결문",
    "caseNm": "특수강도",
    "caseTitle": "대법원 1983. 4. 12., 선고, 83도503, 판결",
    "courtType": "판례(대법원)",
    "courtNm": "대법원",
    "judmnAdjuDe": "1983-04-12",
    "caseNoID": "83도503",
    "caseNo": "83도503"
  },
  "jdgmn": "자수가 유죄판결에 명시할 사유인지 여부(소극)",
  "jdgmnInfo": [
    {
      "question": "자수가 유죄판결에 명시할 사유인가?",
      "answer": "부정"
    }
  ],
  "Summary": [
    {
      "summ_contxt": "원심이 유지한 제1심판결 거시의 증거를 모아보면 원심판시 피고인의 이 사건 범죄사실을 인정하기에 넉넉하여 이에 채증법칙위반으로 인한 사실오인의 위법을 가려낼 수가 없고 형법 제52조의 규정에 비추어 자수는 형의 필요적 감경 또는 면제사유가 아님이 명백하므로 자수사실에 관한 주장은 형의 양정에 영향을 미치는 사유에 지나지 아니하여 형사소송법 제323조 소정의 유죄판결에 명시할 이유에 해당한다고 할 수 없으므로 이와 같은 주장에 대하여 아무 판단을 하지 않았다 하여 판단유탈의 위법이 있다고 할 수 없다.",
      "summ_pass": "자수는 형의 필요적 감경 또는 면제사유가 아님이 명백하므로 자수사실에 관한 주장은 형의 양정에 영향을 미치는 사유에 지나지 아니하여 형사소송법 제323조 소정의 유죄판결에 명시할 이유에 해당한다고 할 수 없다."
    }
  ],
  "keyword_tagg": [
    {
      "id": 1,
      "keyword": "사실오인의 위법"
    }
  ],
  "Reference_info": {
    "reference_rules": "형사소송법 제323조, 형법 제52조",
    "reference_court_case": "대법원 1955.4.8 선고 4287형상85 판결, 1960.10.12 선고 4292형상478 판결"
  },
  "Class_info": {
    "class_name": "형사A(생활형)",
    "instance_name": "특수강도"
  }
}