{
  "info": {
    "id": 53787515,
    "dataType": "판결문",
    "caseNm": "폭력행위등처벌에관한법률위반",
    "caseTitle": "대법원 1983. 11. 8., 선고, 83도1667, 판결",
    "courtType": "판례(대법원)",
    "courtNm": "대법원",
    "judmnAdjuDe": "1983-11-08",
    "caseNoID": "83도1667",
    "caseNo": "83도1667"
  },
  "jdgmn": "치료일수 미상인 경우에도 상해죄 성립",
  "jdgmnInfo": [
    {
      "question": "치료일수 미상인 경우에도 상해죄가 성립하는가?",
      "answer": "긍정"
    }
  ],
  "Summary": [
    {
      "summ_contxt": "원심 판결에 의하면, 제1범죄사실 즉 피해자 에 대한 것은 단순상해죄인 형법 제257조 제1항을 적용하고 있음이 분명한 바 여기에 폭력행위등 처벌에 관한 특례법으로 단죄한 양 오해하여 야간인 여부를 따지고 있는 소론은 부질없는 것이라고 밖에 볼 수 없고 원심판시에 의하면 상해의 부위를 명시하고 있는 이상 그 치료일수 미상이라 하여도 상해죄의 성립에는 아무런지장이 없다고 할 것이니 원판시에 소론과 같은 법리오해있다고 할 수 없다.",
      "summ_pass": "원심판시에 의하면 상해의 부위를명시하고 있는 이상 그 치료일수 미상이라 하여도 상해죄의 성립에는 아무런지장이 없다고 할 것이니 원판시에 소론과 같은 법리오해있다고 할 수 없다."
    }
  ],
  "keyword_tagg": [
    {
      "id": 1,
      "keyword": "법리 오해"
    }
  ],
  "Reference_info": {
    "reference_rules": "형법 제257조 제1항",
    "reference_court_case": ""
  },
  "Class_info": {
    "class_name": "형사A(생활형)",
    "instance_name": "폭력행위등처벌에관한법률위반"
  }
}