{
  "info": {
    "id": 57929109,
    "dataType": "판결문",
    "caseNm": "강도살인·특수강도·특수강도미수·특수절도·도로운송차량법위반·절도",
    "caseTitle": "대법원 1984. 2. 28., 선고, 83도3162, 판결",
    "courtType": "판례(대법원)",
    "courtNm": "대법원",
    "judmnAdjuDe": "1984-02-28",
    "caseNoID": "83도3162",
    "caseNo": "83도3162"
  },
  "jdgmn": "강도를 모의한 자와 살인의 결과에 대한 죄책유무",
  "jdgmnInfo": [
    {
      "question": "강도를 모의한 자와 살인의 결과에 대한 죄책이 있는가?",
      "answer": "긍정"
    }
  ],
  "Summary": [
    {
      "summ_contxt": "수인이 합동하여 강도를 한 경우 1인이 강취하는 과정에서 간수자를 강타, 사망케 한 때에는 나머지 범인도 이를 예기하지 못한 것으로 볼 수 없는 경우에는 강도살인죄의 죄책을 면할 수 없다 할 것인바, 피고인들이 사전에 금품강취범행을 모의하고 전원이 범행현장에 임하여 각자 범죄의 실행을 분담하였으며 그 과정에 피고인(갑)을 제외한 나머지 3명이 모두 과도 또는 쇠파이프등을 휴대하였고 쇠파이프를 휴대한 피고인(을)이 위 피해자를 감시하였던 상황에 비추어 피고인(을)이 피해자를 강타, 살해하리라는 점에 관하여 나머지 피고인들도 예기할 수 없었다고는 보여지지 아니하므로 피고인들을 모두 강도살인죄의 정범으로 처단함은 정당하다.",
      "summ_pass": "피고인들이 사전에 금품강취범행을 모의하고 전원이 범행현장에 임하여 각자 범죄의 실행을 분담하였으며 그 과정에 피고인(갑)을 제외한 나머지 3명이 모두 과도 또는 쇠파이프등을 휴대하였고 쇠파이프를 휴대한 피고인(을)이 위 피해자를 감시하였던 상황에 비추어 피고인(을)이 피해자를 강타, 살해하리라는 점에 관하여 나머지 피고인들도 예기할 수 없었다고는 보여지지 아니하므로 피고인들을 모두 강도살인죄의 정범으로 처단함은 정당하다."
    }
  ],
  "keyword_tagg": [
    {
      "id": 1,
      "keyword": "강도살인"
    }
  ],
  "Reference_info": {
    "reference_rules": "형법 제334조 제2항, 제338조",
    "reference_court_case": "대법원 1982.7.13. 선고 82도1352 판결"
  },
  "Class_info": {
    "class_name": "형사A(생활형)",
    "instance_name": "강도살인"
  }
}