{
  "info": {
    "id": 54463840,
    "dataType": "판결문",
    "caseNm": "군용물절도",
    "caseTitle": "대법원 1984. 2. 28., 선고, 83도3271, 판결",
    "courtType": "판례(대법원)",
    "courtNm": "대법원",
    "judmnAdjuDe": "1984-02-28",
    "caseNoID": "83도3271",
    "caseNo": "83도3271"
  },
  "jdgmn": "가. 지원소대장의 그 탑승 장갑차내의 군용물에 대한 단독점유여부\n나. 타인을 살해하고 자살할 의도로 수류탄을 가져간 경우와 불법영득의 의사",
  "jdgmnInfo": [
    {
      "question": "타인을 살해하고 자살할 의도로 수류탄을 가져간 경우에 불법영득의 의사가 인정되는가?",
      "answer": "긍정"
    }
  ],
  "Summary": [
    {
      "summ_contxt": "원심 및 제1심판결 이유설시의 각 증거들을 기록과 대조하여 살펴보면 피고인의 이 사건 범행을 충분히 인정할 수 있고, 그 인정과정에 논지가 주장하는 바와 같은 채증법칙을 위배하여 사실을 오인한 위법이 없으며, 피고인이 지원소대장으로서 위 상황장갑차의 탑승원중 가장 상급자라 하더라도 그 장갑차내에 적재된 군용물이 피고인의 단독점유하에 있다고는 볼 수 없으므로 피고인이 이를 불법영득하였다면 절도죄에 해당한다 할 것이며 또한 피고인이 중대장에게 항의를 하고 만약 관철되지 않는 경우에 동인을 살해하고 자기도 자살을 하는데 사용할 의도로 이사건 수류탄 등을 가져갔다면 피고인에게 이에 대한 불법영득의 의사가 있다고 할 수 있으므로 원심판결에는 논지가 주장하는 바와 같은 절도죄의 법리를 오해한 위법도 찾아볼 수 없다.",
      "summ_pass": "또한 피고인이 중대장에게 항의를 하고 만약 관철되지 않는 경우에 동인을 살해하고 자기도 자살을 하는데 사용할 의도로 이사건 수류탄 등을 가져갔다면 피고인에게 이에 대한 불법영득의 의사가 있다고 할 수 있다."
    }
  ],
  "keyword_tagg": [
    {
      "id": 1,
      "keyword": "불법영득의 의사"
    }
  ],
  "Reference_info": {
    "reference_rules": "가.나. 군형법 제75조, 형법 제329조 다. 민법 제192조",
    "reference_court_case": ""
  },
  "Class_info": {
    "class_name": "형사A(생활형)",
    "instance_name": "군용물절도"
  }
}