{
  "info": {
    "id": 51380128,
    "dataType": "판결문",
    "caseNm": "보호감호",
    "caseTitle": "대법원 1983. 9. 27., 선고, 83감도388, 판결",
    "courtType": "판례(대법원)",
    "courtNm": "대법원",
    "judmnAdjuDe": "1983-09-27",
    "caseNoID": "83감도388",
    "caseNo": "83감도388"
  },
  "jdgmn": "보호감호 사건만의 상고에 있어서 형사피고 사건의 사실인정의 위법이 상고이유가 되는지 여부(소극)",
  "jdgmnInfo": [
    {
      "question": "보호감호 사건만의 상고에 있어서 형사피고 사건의 사실인정의 위법이 상고이유가 되는지?",
      "answer": "부정"
    }
  ],
  "Summary": [
    {
      "summ_contxt": "보호감호사건에 관한 판결에 대해서만 상고를 제기하고 피고인에 대한 형사피고사건은 피고인이 상고를 제기한 바 없어 그에 관한 제1심 유죄판결이 확정되어 버렸다면 공소 범죄사실을 유죄로 인정한 점에 채증법칙 위반으로 인한 사실오인의 위법이 있다는 사유는 원심판결에 대한 적절한 상고이유가 되지 못한다.",
      "summ_pass": "공소 범죄사실을 유죄로 인정한 점에 채증법칙 위반으로 인한 사실오인의 위법이 있다는 사유는 원심판결에 대한 적절한 상고이유가 되지 못한다."
    }
  ],
  "keyword_tagg": [
    {
      "id": 1,
      "keyword": "보호감호"
    }
  ],
  "Reference_info": {
    "reference_rules": "사회보호법 제20조",
    "reference_court_case": "대법원 1982.12.14 선고 82감도501 판결, 1983.2.22 선고 82감도635 판결"
  },
  "Class_info": {
    "class_name": "형사A(생활형)",
    "instance_name": "보호감호"
  }
}