{
  "info": {
    "id": 55565350,
    "dataType": "판결문",
    "caseNm": "공정증서원본불실기재·동행사·사기·무고",
    "caseTitle": "대법원 1984. 4. 10., 선고, 83도2289, 판결",
    "courtType": "판례(대법원)",
    "courtNm": "대법원",
    "judmnAdjuDe": "1984-04-10",
    "caseNoID": "83도2289",
    "caseNo": "83도2289"
  },
  "jdgmn": "법원을 기망하여 얻은 인낙조서에 의하여 타인소유의 미등기 토지에 대한 소유권보존등기를 경료한 경우 소송사기의 성부",
  "jdgmnInfo": [
    {
      "question": "법원을 기망하여 얻은 인낙조서에 의하여 타인소유의 미등기 토지에 대한 소유권보존등기를 경료한 경우 소송사기가 성립하는가?",
      "answer": "부정"
    }
  ],
  "Summary": [
    {
      "summ_contxt": "소송사기는 법원을 기망하여 자기에게 유리한 판결 등을 얻고 이에 기하여 상대방으로부터 재물의 교부를 받거나 재산상 이익을 취득하는 것을 말하는 것인바 피고인이 공소외 (갑)으로 하여금 피고인을 상대로 성명미상자 소유의 미등기토지에 대한 소유권이전등기청구소송을 제기토록 하고 피고인이 그 토지의 일부를 위 (갑)에게 매도하였으니 그 지분에 대한 소유권이전등기절차를 이행하라는 내용의 인낙조서를 작성하고 그 토지에 관하여 대위신청자에 의해서 등기부상에 피고인의 명의로 소유권보존등기를 등재케 하였다면 피고인은 위 인낙조서에 의하여 위 성명미상자로부터 위 토지의 소유권 또는 지분권을 이전받은 것이 아니므로 위 토지를 편취한 것이라고 볼 여지가 없으니 소송사기가 성립한다고 볼 수 없다.",
      "summ_pass": "그 지분에 대한 소유권이전등기절차를 이행하라는 내용의 인낙조서를 작성하고 그 토지에 관하여 대위신청자에 의해서 등기부상에 피고인의 명의로 소유권보존등기를 등재케 하였다면 피고인은 위 인낙조서에 의하여 위 성명미상자로부터 위 토지의 소유권 또는 지분권을 이전받은 것이 아니므로 위 토지를 편취한 것이라고 볼 여지가 없으니 소송사기가 성립한다고 볼 수 없다."
    }
  ],
  "keyword_tagg": [
    {
      "id": 1,
      "keyword": "소유권이전등기청구"
    }
  ],
  "Reference_info": {
    "reference_rules": "형법 제347조",
    "reference_court_case": ""
  },
  "Class_info": {
    "class_name": "형사A(생활형)",
    "instance_name": "공정증서원본불실기재"
  }
}