{
  "info": {
    "id": 55978649,
    "dataType": "판결문",
    "caseNm": "특정범죄가중처벌등에관한법률위반·보호감호",
    "caseTitle": "대법원 1984. 2. 28., 선고, 83도3318, 판결",
    "courtType": "판례(대법원)",
    "courtNm": "대법원",
    "judmnAdjuDe": "1984-02-28",
    "caseNoID": "83도3318",
    "caseNo": "83도3318"
  },
  "jdgmn": "가. 보호감호 기간에 대한 작량감경의 가부\n나. 사회보호법상 보호처분이 일사부재리의 원칙에 위반되는지 여부(소극)",
  "jdgmnInfo": [
    {
      "question": "형벌과 병행하여 취해진 사회보호법상 보호처분이 일사부재리의 원칙에 위반되는가?",
      "answer": "부정"
    }
  ],
  "Summary": [
    {
      "summ_contxt": "사회보호법이 정한 보호처분은 형벌과는 달리 재범의 위험성이 있는 실형전과자에 대하여 앞으로의 범죄예방 및 교화조치로서 필요한 보호처분을 하자는데 있는 것이므로 형벌과 병행하여 보호처분을 한다하여 이를 일사부재리의 원칙에 위반된다고 할 수 없다.",
      "summ_pass": "형벌과 병행하여 보호처분을 한다하여 이를 일사부재리의 원칙에 위반된다고 할 수 없다."
    }
  ],
  "keyword_tagg": [
    {
      "id": 1,
      "keyword": "일사부재리의 원칙"
    }
  ],
  "Reference_info": {
    "reference_rules": "가. 사회보호법 제5조, 형법 제53조 나. 사회보호법 제1조, 헌법 제12조",
    "reference_court_case": "가. 대법원 1983.3.8. 선고 83도181,83감도43 판결, 나. 대법원 1983.6.28. 선고 83도1070,83감도208 판결"
  },
  "Class_info": {
    "class_name": "형사A(생활형)",
    "instance_name": "특정범죄가중처벌등에관한법률위반"
  }
}