{
  "info": {
    "id": 59679482,
    "dataType": "판결문",
    "caseNm": "교통사고처리특례법위반",
    "caseTitle": "대법원 1983. 5. 24., 선고, 83도893, 판결",
    "courtType": "판례(대법원)",
    "courtNm": "대법원",
    "judmnAdjuDe": "1983-05-24",
    "caseNoID": "83도893",
    "caseNo": "83도893"
  },
  "jdgmn": "교통사고처리특례법 제3조 제2항본문 소정의 죄를 범한 자에 대한 제1심판결선고 후의 처벌희망 의사표시 철회의 효력",
  "jdgmnInfo": [
    {
      "question": "피고인의 처벌을 희망하는 의사표시를 하였다가 제1심 판결선고 후에 이르러 피고인과 화해를 하고 처벌희망의 의사를 철회하였다면 형사소송법 제232조 제3항,제1항에 의하여 그 철회는 효력이 없는가?",
      "answer": "긍정"
    }
  ],
  "Summary": [
    {
      "summ_contxt": "교통사고처리특례법 제3조 제2항본문 소정의 죄를 범한 자에 대하여 피해자가 수사단계에서 피고인의 처벌을 희망하는 의사표시를 하였다가 제1심 판결선고 후에 이르러 피고인과 화해를 하고 처벌희망의 의사를 철회하였다면형사소송법 제232조 제3항,제1항에 의하여 그 철회는 효력이 없다.",
      "summ_pass": "피고인의 처벌을 희망하는 의사표시를 하였다가 제1심 판결선고 후에 이르러 피고인과 화해를 하고 처벌희망의 의사를 철회하였다면 형사소송법 제232조 제3항,제1항에 의하여 그 철회는 효력이 없다."
    }
  ],
  "keyword_tagg": [
    {
      "id": 1,
      "keyword": "교통사고처리특례법"
    }
  ],
  "Reference_info": {
    "reference_rules": "형사소송법 제232조 제3항, 제232조 제1항, 교통사고처리특례법 제3조 제2항",
    "reference_court_case": "대법원 1983.2.8 선고 82도2860 판결"
  },
  "Class_info": {
    "class_name": "형사A(생활형)",
    "instance_name": "교통사고처리특례법위반"
  }
}