{
  "info": {
    "id": 58225553,
    "dataType": "판결문",
    "caseNm": "국가모독",
    "caseTitle": "대법원 1983. 6. 14., 선고, 83도515, 전원합의체 판결",
    "courtType": "판례(대법원)",
    "courtNm": "대법원",
    "judmnAdjuDe": "1983-06-14",
    "caseNoID": "83도515",
    "caseNo": "83도515"
  },
  "jdgmn": "가. 형법 제104조의 2 제2항 소정의 국가모독죄가 외국인을 이용한 간접정범의 처벌규정인지 여부\n나. 형법 제104조의 2 제2항소정 범죄의 성격 및 기수시기",
  "jdgmnInfo": [
    {
      "question": "형법 제104조의 2 제2항 소정의 국가모독죄가 외국인을 이용한 간접정범의 처벌규정인가?",
      "answer": "부정"
    }
  ],
  "Summary": [
    {
      "summ_contxt": "원심판결 이유기재에 의하면, 원심은 피고인이 공소장 기재 일시장소에서 그 기재내용의 \"콘트롤 데이타 사태에 대한 우리의 입장\"이라는 유인물을 등사제작하여 일본 공동통신기자인 외국인 구로다 가쓰히로를 포함한 내·외신기자 10여명에게 이를 배포한 사실은 인정되나 형법 제104조의 2는 제1항에서 내국인이 국외에서 대한민국 또는 헌법에 의하여 설치된 국가기관을 모욕 또는 비방하거나 그에 관한 사실을 왜곡 또는 허위사실을 유포하거나 기타의 방법으로 대한민국의 안전, 이익 또는 위신을 해하거나 해할 우려가 있게 한 때에 처벌한다고 규정하고 제2항에서 내국인이 외국인이나 외국단체 등을 이용하여 국내에서 전항의 행위를 한 때에도 전항과 같이 처벌한다고 규정하고 있어 형법 제104조의 2 제2항의 국가모독죄는 내국인이 국내에서 외국인과 같이 이 죄로 처벌받지 않는 자를 이용하여 국외에서 대한민국 및 그 헌법기관에 대한 비방등 행위를 하여 대한민국의 안전, 이익, 위신을 위태롭게 하는 것을 막으려는 외환죄의 하나임이 규정상 분명하고 따라서 이 죄가 성립하려면 내국인이 외국인을 이용하는 행위와 이용당한 그 외국인이 국외에서 대한민국 및 그 헌법기관을 비방하는 등의 행위가 있어야 하는바 기록상 피고인이 위 유인물을 외국인에게 배포한 사실만이 특정될 뿐 위 구로다 가쓰히로가 이에 이용되어 국가모독죄가 규정하는 국외에서 대한민국 정부를 비방하여 국가안전 이익 또는 위신을 해하거나 해할 우려가 있는 행위를 하였다고 볼 아무런 증거가 없고 또 국가모독죄는 미수범에 대한 처벌규정이 없으므로 피고인의 이 사건 행위는 어차피 처벌할 수 없음이 법리상 분명하다고 판시하였다.",
      "summ_pass": "형법 제104조의 2 제2항의 국가모독죄는 내국인이 국내에서 외국인과 같이 이 죄로 처벌받지 않는 자를 이용하여 국외에서 대한민국 및 그 헌법기관에 대한 비방등 행위를 하여 대한민국의 안전, 이익, 위신을 위태롭게 하는 것을 막으려는 외환죄의 하나임이 규정상 분명하고 따라서 이 죄가 성립하려면 내국인이 외국인을 이용하는 행위와 이용당한 그 외국인이 국외에서 대한민국 및 그 헌법기관을 비방하는 등의 행위가 있어야 하는바 기록상 피고인이 위 유인물을 외국인에게 배포한 사실만이 특정될 뿐 위 구로다 가쓰히로가 이에 이용되어 국가모독죄가 규정하는 국외에서 대한민국 정부를 비방하여 국가안전 이익 또는 위신을 해하거나 해할 우려가 있는 행위를 하였다고 볼 아무런 증거가 없고 또 국가모독죄는 미수범에 대한 처벌규정이 없으므로 피고인의 이 사건 행위는 어차피 처벌할 수 없음이 법리상 분명하다고 판시하였다."
    }
  ],
  "keyword_tagg": [
    {
      "id": 1,
      "keyword": "모욕 또는 비방"
    }
  ],
  "Reference_info": {
    "reference_rules": "가. 형법 제104조의 2 제2항, 제104조의 2 제1항, 제34조 제1항 나. 형법 제104조의 2 제2항",
    "reference_court_case": ""
  },
  "Class_info": {
    "class_name": "형사A(생활형)",
    "instance_name": "국가모독"
  }
}