{
  "info": {
    "id": 54951715,
    "dataType": "판결문",
    "caseNm": "변호사법위반",
    "caseTitle": "대법원 1983. 11. 8., 선고, 83도2499, 판결",
    "courtType": "판례(대법원)",
    "courtNm": "대법원",
    "judmnAdjuDe": "1983-11-08",
    "caseNoID": "83도2499",
    "caseNo": "83도2499"
  },
  "jdgmn": "병과형 또는 선택형이 있는 경우 법정형의 경중 비교방법",
  "jdgmnInfo": [
    {
      "question": "법정형의 경중은 병과형 또는 선택형 중 가장 중한 형을 기준으로 하여 다른 형과 경중을 정하는 것인가?",
      "answer": "긍정"
    }
  ],
  "Summary": [
    {
      "summ_contxt": "행위시법인구 변호사법(1982.12.31 개정전의 법률) 제54조에 규정된 형은 징역 3년이고 재판시법인 현행변호사법 제78조에 규정된 형은 5년 이하의 징역 또는 1천만원 이하의 벌금으로서 신법에서는 벌금형의 선택이 가능하다 하더라도 법정형의 경중은 병과형 또는 선택형 중 가장 중한 형을 기준으로 하여 다른 형과 경중을 정하는 것이므로 행위시법인 구법의 형이 더 경하다.",
      "summ_pass": "법정형의 경중은 병과형 또는 선택형 중 가장 중한 형을 기준으로 하여 다른 형과 경중을 정하는 것이므로 행위시법인 구법의 형이 더 경하다."
    }
  ],
  "keyword_tagg": [
    {
      "id": 1,
      "keyword": "중한 벌금형"
    }
  ],
  "Reference_info": {
    "reference_rules": "형법 제1조, 제50조",
    "reference_court_case": ""
  },
  "Class_info": {
    "class_name": "형사A(생활형)",
    "instance_name": "변호사법위반"
  }
}