{
  "info": {
    "id": 56342784,
    "dataType": "판결문",
    "caseNm": "영업정지처분무효확인",
    "caseTitle": "대법원 1983. 12. 13., 선고, 83누383, 판결",
    "courtType": "판례(대법원)",
    "courtNm": "대법원",
    "judmnAdjuDe": "1983-12-13",
    "caseNoID": "83누383",
    "caseNo": "83누383"
  },
  "jdgmn": "가. 구두계약에 기하여 하도급업자가 공사를 착수한 경우 건설업법 제34조 제3항에의 위반여부(적극)\n나. 건설업법위반 행위에 관한 법령의 변경과 행정상의 제재처분시 적용할 법령(=행위시 규정)",
  "jdgmnInfo": [
    {
      "question": "건설업법위반 행위에 관한 법령의 변경시에 행정상의 제재처분시 적용할 법령은 행위시 규정인가?",
      "answer": "긍정"
    }
  ],
  "Summary": [
    {
      "summ_contxt": "정당한 절차에 의하지 않고 구두에 의한 하도급계약을 체결하여 공사를 시작한 때에건설업법 제34조 제3항의 위반행위를 범한 것이 되니 그 위반행위를 이유로 한 행정상의 제재처분(행위당시에는 필요적 취소사유)을 하려면 그 위반행위 이후 법령의 변경에 의하여 처분의 종류를 달리(영업정지 사유로) 규정하였다 하더라도 그 법률적용에 관한특별한 규정이 없다면 위반행위 당시에 시행되던 법령을 근거로 처분을 하여야 마땅하다.",
      "summ_pass": "그 위반행위 이후 법령의 변경에 의하여 처분의 종류를 달리(영업정지 사유로) 규정하였다 하더라도 그 법률적용에 관한특별한 규정이 없다면 위반행위 당시에 시행되던 법령을 근거로 처분을 하여야 마땅하다."
    }
  ],
  "keyword_tagg": [
    {
      "id": 1,
      "keyword": "법령 위반행위"
    }
  ],
  "Reference_info": {
    "reference_rules": "가.나. 구 건설업법(1975. 12. 31. 법률 제2851호) 제34조 제3항 나. 구 건설업법(1971. 1. 19. 법률 제2290호) 제38조 제1항 제13호, 건설업법 제34조 제3항, 제37조 제2항 제4호, 형법 제1조",
    "reference_court_case": ""
  },
  "Class_info": {
    "class_name": "형사A(생활형)",
    "instance_name": "영업정지처분무효확인"
  }
}