{
  "info": {
    "id": 54546634,
    "dataType": "판결문",
    "caseNm": "변호사법위반·사문서위조·사문서위조행사",
    "caseTitle": "대법원 1983. 6. 28., 선고, 83도1036, 판결",
    "courtType": "판례(대법원)",
    "courtNm": "대법원",
    "judmnAdjuDe": "1983-06-28",
    "caseNoID": "83도1036",
    "caseNo": "83도1036"
  },
  "jdgmn": "가. 변호사 선임을 의뢰받아 그 선임비용을 교부받은 경우 변호사법위반 여부(소극)\n나. 허위의 신탁증서에 명의자를 속여 날인을 받아 행사한 경우 사문서위조동행사죄의 성부(적극)",
  "jdgmnInfo": [
    {
      "question": "변호사 선임을 의뢰받아 그 선임비용을 교부받은 경우 변호사법위반인가?",
      "answer": "부정"
    }
  ],
  "Summary": [
    {
      "summ_contxt": "변호사선임을 의뢰받아 그 선임비용을 교부받은 행위는 구 변호사법 제54조에서 규정한 공무원이 취급하는 사건 또는 사무에 관하여 청탁 또는 알선한다는 명목으로 금품을 공여받은 행위에 해당된다고 볼 수 없다.",
      "summ_pass": "청탁 또는 알선한다는 명목으로 금품을 공여받은 행위에 해당된다고 볼 수 없다."
    }
  ],
  "keyword_tagg": [
    {
      "id": 1,
      "keyword": "변호사법위반"
    },
    {
      "id": 2,
      "keyword": "사문서위조"
    },
    {
      "id": 3,
      "keyword": "사문서위조행사"
    }
  ],
  "Reference_info": {
    "reference_rules": "가. 구 변호사법(1982. 12. 31. 법률 제3594호로 개정되기전의 것) 제54조변호사법 제78조 제1호 나. 형법 제231조, 제234조",
    "reference_court_case": ""
  },
  "Class_info": {
    "class_name": "형사A(생활형)",
    "instance_name": "변호사법위반"
  }
}