{
  "info": {
    "id": 51695144,
    "dataType": "판결문",
    "caseNm": "살인등피고사건",
    "caseTitle": "서울고법 1983. 11. 22., 선고, 83노2165, 제1형사부판결 : 상고",
    "courtType": "판례(하급심)",
    "courtNm": "서울고법",
    "judmnAdjuDe": "1983-11-22",
    "caseNoID": "83노2165",
    "caseNo": "83노2165"
  },
  "jdgmn": "살인의 고의로 청산가리분말을 소주병에 넣어 피해자 집 부엌창고에 둔 경우 실행의 착수 여부",
  "jdgmnInfo": [
    {
      "question": "살인의 고의로 청산가리분말을 소주병에 넣어 피해자 집 부엌창고에 둔 경우 실행의 착수인가?",
      "answer": "긍정"
    }
  ],
  "Summary": [
    {
      "summ_contxt": "피해자를 살해할 것을 공모하고, 피고인 갑이 피고인 을로부터 청산가리 분말을 교부받아 평소 술을 좋아하는 피해자가 마실 것을 예상하고 소주병에 이를 타 넣어 피해자 집 부엌창고에 놓아두었다면 이는 살인의 실행에 착수한 것이라고 볼 수 있다.",
      "summ_pass": "평소 술을 좋아하는 피해자가 마실 것을 예상하고 소주병에 이를 타 넣어 피해자 집 부엌창고에 놓아두었다면 이는 살인의 실행에 착수한 것이라고 볼 수 있다."
    }
  ],
  "keyword_tagg": [
    {
      "id": 1,
      "keyword": "피해자"
    }
  ],
  "Reference_info": {
    "reference_rules": "형법 제25조",
    "reference_court_case": ""
  },
  "Class_info": {
    "class_name": "형사A(생활형)",
    "instance_name": "살인"
  }
}