{
  "info": {
    "id": 59764841,
    "dataType": "판결문",
    "caseNm": "특정범죄가중처벌등에관한법률위반·무역거래법위반",
    "caseTitle": "대법원 1984. 2. 14., 선고, 83도2227, 판결",
    "courtType": "판례(대법원)",
    "courtNm": "대법원",
    "judmnAdjuDe": "1984-02-14",
    "caseNoID": "83도2227",
    "caseNo": "83도2227"
  },
  "jdgmn": "수입신고서에 기재된 물품과 동일성이 없는 다른 물품을 반입, 통관한 경우의 죄책",
  "jdgmnInfo": [
    {
      "question": "수입신고서에 기재된 물품과 동일성이 없는 다른 물품을 반입, 통관한 경우에 무면허수입인가?",
      "answer": "긍정"
    }
  ],
  "Summary": [
    {
      "summ_contxt": "수입면허의 효력은 수입신고서기재 물품과 동일성이 없는 반입물품에는 미치지 아니하므로 수입신고자가 실제로 반입한 물품과 동일성이 없는 다른 물품을 수입신고서에 허위기재하여 그 신고대로 면허를 받고 그 반입물품을 통관하였다면 그 수입행위는 관세법 제181조에 규정된 무면허수입행위에 해당한다 할 것이다.(당원 1983.12.13. 선고 83도2193 판결 참조)같은 취지에서 피고인의 원판시 소위가 무면허수입죄에 해당한다고 판단한 원심의 조치는 정당하고 거기에 소론과 같은 법리오해의 위법이 없고 양형이 과중하다는 취지의 주장은 이 건에 있어서 적법한 상고이유가 되지 못하므로 논지는 모두 이유 없다.",
      "summ_pass": "수입면허의 효력은 수입신고서기재 물품과 동일성이 없는 반입물품에는 미치지 아니하므로 수입신고자가 실제로 반입한 물품과 동일성이 없는 다른 물품을 수입신고서에 허위기재하여 그 신고대로 면허를 받고 그 반입물품을 통관하였다면 그 수입행위는 관세법 제181조에 규정된 무면허수입행위에 해당한다 할 것이다."
    }
  ],
  "keyword_tagg": [
    {
      "id": 1,
      "keyword": "법리오해의 위법"
    }
  ],
  "Reference_info": {
    "reference_rules": "관세법 제181조, 제137조",
    "reference_court_case": "대법원 1983.12.13. 선고 83도2193 전원합의부 판결"
  },
  "Class_info": {
    "class_name": "형사A(생활형)",
    "instance_name": "특정범죄가중처벌등에관한법률위반"
  }
}