{
  "info": {
    "id": 56398299,
    "dataType": "판결문",
    "caseNm": "절도·인장위조·사문서위조·사문서위조행사·공정증서원본불실기재·공정증서원본불실기재행사",
    "caseTitle": "대법원 1984. 1. 31., 선고, 83도3027, 판결",
    "courtType": "판례(대법원)",
    "courtNm": "대법원",
    "judmnAdjuDe": "1984-01-31",
    "caseNoID": "83도3027",
    "caseNo": "83도3027"
  },
  "jdgmn": "별거중인 남편이 궤짝에 넣어 보관중인 인장을 처가 소지한 열쇠를 사용하여 취거한 경우 절도죄의 성부",
  "jdgmnInfo": [
    {
      "question": "별거중인 남편이 궤짝에 넣어 보관중인 인장을 처가 소지한 열쇠를 사용하여 취거한 경우 절도죄가 성립하는가?",
      "answer": "긍정"
    }
  ],
  "Summary": [
    {
      "summ_contxt": "인장이 들은 돈궤짝을 사실상 별개 가옥에 별거 중인 남편이 그 거주가옥에 보관중이었다면 처가 그 돈궤짝의 열쇠를 소지하고 있었다고 하더라도 그안에 들은 인장은 처의 단독보관하에 있은 것이 아니라 남편과 공동보관하에 있다고 보아야 할 것이므로, 공동보관자중의 1인인 처가 다른 보관자인 남편의 동의없이 불법영득의 의사로 위 인장을 취거한 이상 절도죄를 구성한다고 보아야 할 것이다.",
      "summ_pass": "그안에 들은 인장은 처의 단독보관하에 있은 것이 아니라 남편과 공동보관하에 있다고 보아야 할 것이므로, 공동보관자중의 1인인 처가 다른 보관자인 남편의 동의없이 불법영득의 의사로 위 인장을 취거한 이상 절도죄를 구성한다고 보아야 할 것이다."
    }
  ],
  "keyword_tagg": [
    {
      "id": 1,
      "keyword": "불법영득의 의사"
    }
  ],
  "Reference_info": {
    "reference_rules": "형법 제329조, 민법 제197조",
    "reference_court_case": ""
  },
  "Class_info": {
    "class_name": "형사A(생활형)",
    "instance_name": "절도"
  }
}