{
  "info": {
    "id": 58041742,
    "dataType": "판결문",
    "caseNm": "보호감호(특정범죄가중처벌등에관한법률위반)",
    "caseTitle": "대법원 1983. 9. 13., 선고, 83감도326, 판결",
    "courtType": "판례(대법원)",
    "courtNm": "대법원",
    "judmnAdjuDe": "1983-09-13",
    "caseNoID": "83감도326",
    "caseNo": "83감도326"
  },
  "jdgmn": "경합범으로 형을 선고받은 동종의 죄가 경합관계에 있는 동종 이외의 죄보다 중한 경우 보호감호기간 산정에 있어서의 형기 합산방법",
  "jdgmnInfo": [
    {
      "question": "경합범으로 형을 선고받은 동종의 죄가 경합관계에 있는 동종 이외의 죄보다 중한 경우 보호감호기간 산정에 있어서 선고된 형기를 모두 합산함이 타당한가?",
      "answer": "긍정"
    }
  ],
  "Summary": [
    {
      "summ_contxt": "사회보호법시행령 제2조의 반대해석상 동종 또는 유사한 죄와 이외의 죄가 경합되어 형법 제37조 전단의 경합범으로 처벌받는 경우라도 동종 또는 유사한 죄에 정한 형이 가장 중한 때에는 사회보호법 제5조 제1항 제1호에 규정된 형기계산에 있어서 그 선고된 형기를 모두 합산하여야 할 것이다.",
      "summ_pass": "동종 또는 유사한 죄에 정한 형이 가장 중한 때에는 사회보호법 제5조 제1항 제1호에 규정된 형기계산에 있어서 그 선고된 형기를 모두 합산하여야 할 것이다."
    }
  ],
  "keyword_tagg": [
    {
      "id": 1,
      "keyword": "사회보호법"
    }
  ],
  "Reference_info": {
    "reference_rules": "사회보호법 제5조 제1항 제1호, 동법시행령 제2조",
    "reference_court_case": ""
  },
  "Class_info": {
    "class_name": "형사A(생활형)",
    "instance_name": "보호감호"
  }
}