{
  "info": {
    "id": 56375613,
    "dataType": "판결문",
    "caseNm": "특정범죄가중처벌등에관한법률위반",
    "caseTitle": "대법원 1983. 12. 13., 선고, 83도2266, 판결",
    "courtType": "판례(대법원)",
    "courtNm": "대법원",
    "judmnAdjuDe": "1983-12-13",
    "caseNoID": "83도2266",
    "caseNo": "83도2266"
  },
  "jdgmn": "감정인의 자격과 감정의 신빙성",
  "jdgmnInfo": [
    {
      "question": "감정인이 공무소 등에 소속되지 않고 직업이 없거나 또는 임의단체 등 사법인에 속한다고 하여 그 감정에 특별히 신빙성이 희박하다고 할 수 있는가?",
      "answer": "부정"
    }
  ],
  "Summary": [
    {
      "summ_contxt": "감정인은 그 감정에 필요한 학식과 경험이 있는 사람이면 되고, 그 감정인이 공무소 등에 소속되지 않고 직업이 없거나 또는 임의단체 등 사법인에 속한다고 하여 그 감정에 특별히 신빙성이 희박하다고 할 이유가 없다.",
      "summ_pass": "감정인이 공무소 등에 소속되지 않고 직업이 없거나 또는 임의단체 등 사법인에 속한다고 하여 그 감정에 특별히 신빙성이 희박하다고 할 이유가 없다."
    }
  ],
  "keyword_tagg": [
    {
      "id": 1,
      "keyword": "소속 법인"
    }
  ],
  "Reference_info": {
    "reference_rules": "형사소송법 제169조",
    "reference_court_case": ""
  },
  "Class_info": {
    "class_name": "형사A(생활형)",
    "instance_name": "특정범죄가중처벌등에관한법률위반"
  }
}