{
  "info": {
    "id": 57875107,
    "dataType": "판결문",
    "caseNm": "의료법위반",
    "caseTitle": "대법원 1983. 6. 14., 선고, 83도939, 판결",
    "courtType": "판례(대법원)",
    "courtNm": "대법원",
    "judmnAdjuDe": "1983-06-14",
    "caseNoID": "83도939",
    "caseNo": "83도939"
  },
  "jdgmn": "무면허의료 행위의 일부에 대한 약식명령의 확정과 면소판결",
  "jdgmnInfo": [
    {
      "question": "무면허의료 행위의 일부에 대한 약식명령의 확정이 있으면 면소판결이 타당한가?",
      "answer": "긍정"
    }
  ],
  "Summary": [
    {
      "summ_contxt": "무면허의료행위는 그 범죄의 구성요건의 성질상 동종행위의 반복이 예상되는 것이므로 반복된 수개의 행위는 포괄적으로 1개의 범죄를 구성하므로 4개월여(1982.1.30∼동년 6.17)에 걸친 무면허의료행위중 그 일부에 대하여 약식명령이 확정된 바 있다면 동 약식명령의 효력은 그 고지(1982.7.7) 이전의 이 사건 무면허의료행위전부에 미친다 할 것이니, 이미 확정판결이 있는 때에 해당하여 면소판결을 선고할 것이다.",
      "summ_pass": "4개월여(1982.1.30∼동년 6.17)에 걸친 무면허의료행위중 그 일부에 대하여 약식명령이 확정된 바 있다면 동 약식명령의 효력은 그 고지(1982.7.7) 이전의 이 사건 무면허의료행위전부에 미친다 할 것이니, 이미 확정판결이 있는 때에 해당하여 면소판결을 선고할 것이다."
    }
  ],
  "keyword_tagg": [
    {
      "id": 1,
      "keyword": "약식명령이 확정"
    }
  ],
  "Reference_info": {
    "reference_rules": "의료법 제25조 제1항, 형법 제37조 / 형사소송법 제326조, 제457조",
    "reference_court_case": "대법원 1966.9.20 선고 66도928 판결"
  },
  "Class_info": {
    "class_name": "형사A(생활형)",
    "instance_name": "의료법위반"
  }
}