{
  "info": {
    "id": 53845962,
    "dataType": "판결문",
    "caseNm": "살인",
    "caseTitle": "대법원 1984. 5. 22., 선고, 84도545, 판결",
    "courtType": "판례(대법원)",
    "courtNm": "대법원",
    "judmnAdjuDe": "1984-05-22",
    "caseNoID": "84도545",
    "caseNo": "84도545"
  },
  "jdgmn": "심신상실 여부의 판단의 자료",
  "jdgmnInfo": [
    {
      "question": "심신장애의 여부는 기록에 나타난 제반자료와 공판정에서의 피고인의 태도 등을 종합하여 판단하여도 무방한가?",
      "answer": "긍정"
    }
  ],
  "Summary": [
    {
      "summ_contxt": "원심이 유지한 제1심판결 이유에 의하면, 피고인은 피해자가 피고인의 무질서한 사생활을 폭로하자 이제까지 쌓아놓은 피고인의 위신이 추락하게 될 것을 염려한 나머지 격분하여 피해자를 돌로 때리고 상처난 피해자의 머리를 시멘트 바닥에 찧어서 외상성 경뇌막하출혈로 피해자를 사망에 이르게 한 사실을 인정하고 있는바 기록에 의하여 살펴보니 그 사실인정은 정당하여 긍인되고 거기에 소론과 같은 채증법칙위배로 인한 사실오인의 위법이 없으며, 또한 심신장애의 여부는 기록에 나타난 제반자료와 공판정에서의 피고인의 태도 등을 종합하여 판단하여도 무방하다 할 것인바 기록에 비추어 보아도 피고인의 이 사건 범행 과정에서 심신장애 상태였는지를 의심할 만한 아무런 자료도 없다.",
      "summ_pass": "심신장애의 여부는 기록에 나타난 제반자료와 공판정에서의 피고인의 태도 등을 종합하여 판단하여도 무방하다 할 것인바 기록에 비추어 보아도 피고인의 이 사건 범행 과정에서 심신장애 상태였는지를 의심할 만한 아무런 자료도 없다."
    }
  ],
  "keyword_tagg": [
    {
      "id": 1,
      "keyword": "사실오인의 위법"
    }
  ],
  "Reference_info": {
    "reference_rules": "형법 제10조",
    "reference_court_case": ""
  },
  "Class_info": {
    "class_name": "형사A(생활형)",
    "instance_name": "살인"
  }
}