{
  "info": {
    "id": 51529225,
    "dataType": "판결문",
    "caseNm": "업무상횡령·업무상횡령방조·배임증재·특정범죄가중처벌등에관한법률위반(조세)·조세범처벌법위반·특정범죄가중처벌등에관한법률위반(뇌물)·뇌물수수·뇌물공여·건축법위반·관광사업법위반·자연공원법위반·산림법위반·부정수표단속법위반",
    "caseTitle": "대법원 1984. 8. 14., 선고, 84도1139, 판결",
    "courtType": "판례(대법원)",
    "courtNm": "대법원",
    "judmnAdjuDe": "1984-08-14",
    "caseNoID": "84도1139",
    "caseNo": "84도1139"
  },
  "jdgmn": "가. 예금계약 성립시기 및 금융기관의 직원이 그 받은 돈을 입금치 아니한 경우에 그 예금계약의 성립여부\n나. 수기식 통장에 의한 예금계약이 무효인지 여부\n다. 공소장 기재 공소사실의 특정의 취지 및 정도\n라. 피해법익이 단일하고 단일 또는 계속된 범의의 발동에 의하여 이루어진 수회의 업무상 횡령행위의 죄수\n마. 채무확인을 위한 증표로서 발행한 수표로서 당사자 사이에 유가증권으로 통용하지 않기로 특약한 경우에도 위 수표가 부정수표단속법상의 수표인지 여부\n바. 수표소지인이 지급되지 않으리라고 예상하고 지급 제시한 경우 그 부도에 관한 수표발행인의 부정수표단속법상의 책임유무\n사. 공판정에서 공소사실을 부인하는 경우 검찰이나 경찰에서의 자백은 임의성이나 신빙성이 부정되어야 하는지 여부\n아. 피고인의 자백이 임의로 진술한 것이 아니라고 인정키 위한 요건 및 인정된 경우의 효과\n자. 공범자가 작성한 진술서의 다른 공범자에 대한 관계에 있어서의 증거능력\n차. 사법경찰관에 의한 신문과정에서 피의자에 의하여 작성 제출된 진술서의 증거능력\n카. 불태워 버렸거나 수사기관에 압수된 콘도미니엄 분양권 및 골프회원권의 가액추징의 적부\n타. 정부관리기업체의 간부직원이 공무원으로 재직중의 직무에 관하여 금품을 수수한 경우, 특정범죄가중처벌등에관한법률 제4조의 적용여부(소극)\n파. 공무원의 의무위반 행위를 수반하지 않는 금품수수의 뇌물성 및 시도지사에게 위임된 칸트리클럽 지도감독업무와 교통부장관 보좌관의 직무관련성",
  "jdgmnInfo": [
    {
      "question": "금융기관의 직원이 그 받은 돈을 입금치 아니한 경우에 그 예금계약이 성립하는가?",
      "answer": "긍정"
    }
  ],
  "Summary": [
    {
      "summ_contxt": "예금계약은 예금자가 예금의 의사를 표시하면서 금융기관에 돈을 제공하고 금융기관이 그 의사에 따라서 그 돈을 받아 확인을 하면 그로써 성립하며 금융기관의 직원이 그 받은 돈을 금융기관에 입금하지 아니하고 이를 횡령하였다고 하더라도 예금계약의 성립에는 아무 소장이 없다.",
      "summ_pass": "그 돈을 받아 확인을 하면 그로써 성립하며 금융기관의 직원이 그 받은 돈을 금융기관에 입금하지 아니하고 이를 횡령하였다고 하더라도 예금계약의 성립에는 아무 소장이 없다."
    }
  ],
  "keyword_tagg": [
    {
      "id": 1,
      "keyword": "예금계약의 성립"
    }
  ],
  "Reference_info": {
    "reference_rules": "가. 민법 제111조, 제532조, 제702조 나. 제108조 다. 형사소송법 제254조 라. 형법 제37조, 제356조 마. 부정수표단속법 제1조 바. 제2조 사. 형사소송법 제317조 아. 제309조 자. 제310조의2 차. 제313조 카. 형법 제134조 타. 특정범죄가중처벌등에관한법률 제4조 / 형법 제129조 내지 제132조 파. 형법 제129조",
    "reference_court_case": "대법원 1982.9.14. 선고 82도1479 판결"
  },
  "Class_info": {
    "class_name": "형사A(생활형)",
    "instance_name": "업무상횡령"
  }
}