{
  "info": {
    "id": 58425178,
    "dataType": "판결문",
    "caseNm": "살인",
    "caseTitle": "대법원 1984. 5. 15., 선고, 84도508, 판결",
    "courtType": "판례(대법원)",
    "courtNm": "대법원",
    "judmnAdjuDe": "1984-05-15",
    "caseNoID": "84도508",
    "caseNo": "84도508"
  },
  "jdgmn": "증거보전 절차에서 작성된 증인신문조서 중 증인에 대한 반대신문과정에서 피의자가 진술한 내용을 기재한 부분의 증거능력",
  "jdgmnInfo": [
    {
      "question": "증거보전 절차에서 작성된 증인신문조서 중 증인에 대한 반대신문과정에서 피의자가 진술한 내용을 기재한 부분의 증거능력이 인정되는가?",
      "answer": "부정"
    }
  ],
  "Summary": [
    {
      "summ_contxt": "증인신문조서가 증거보전절차에서 피고인이 증인으로서 증언한 내용을 기재한 것이 아니라 증인(갑)의 증언내용을 기재한 것이고 다만 피의자였던 피고인이 당사자로 참여하여 자신의 범행사실을 시인하는 전제하에 위 증인에게 반대신문한 내용이 기재되어 있을 뿐이라면, 위 조서는 공판준비 또는 공판기일에 피고인 등의 진술을 기재한 조서도 아니고, 반대신문과정에서 피의자가 한 진술에 관한 한형사소송법 제184조에 의한 증인신문조서도 아니므로 위 조서중 피의자의 진술기재부분에 대하여는형사소송법 제311조에 의한 증거능력을 인정할 수 없다.",
      "summ_pass": "자신의 범행사실을 시인하는 전제하에 위 증인에게 반대신문한 내용이 기재되어 있을 뿐이라면, 위 조서는 공판준비 또는 공판기일에 피고인 등의 진술을 기재한 조서도 아니고, 반대신문과정에서 피의자가 한 진술에 관한 한형사소송법 제184조에 의한 증인신문조서도 아니므로 위 조서중 피의자의 진술기재부분에 대하여는형사소송법 제311조에 의한 증거능력을 인정할 수 없다."
    }
  ],
  "keyword_tagg": [
    {
      "id": 1,
      "keyword": "피고인 신문"
    }
  ],
  "Reference_info": {
    "reference_rules": "형사소송법 제184조, 제311조",
    "reference_court_case": ""
  },
  "Class_info": {
    "class_name": "형사A(생활형)",
    "instance_name": "살인"
  }
}