{
  "info": {
    "id": 53383558,
    "dataType": "판결문",
    "caseNm": "직무유기·특정범죄가중처벌등에관한법률위반·허위공문서작성·허위공문서작성행사",
    "caseTitle": "대법원 1984. 7. 24., 선고, 84도705, 판결",
    "courtType": "판례(대법원)",
    "courtNm": "대법원",
    "judmnAdjuDe": "1984-07-24",
    "caseNoID": "84도705",
    "caseNo": "84도705"
  },
  "jdgmn": "가. 특정범죄가중처벌등에 관한 법률 제15조(특수직무유기) 규정의 성질\n나. 산림법 위반의 범죄수사에 종사하는 공무원이 직무에 위배하여 허위공문서 등을 작성 행사한 경우 특수직무유기죄의 성부",
  "jdgmnInfo": [
    {
      "question": "산림법 위반의 범죄수사에 종사하는 공무원이 직무에 위배하여 허위공문서 등을 작성 행사한 경우 특수직무유기죄가 성립하는가?",
      "answer": "긍정"
    }
  ],
  "Summary": [
    {
      "summ_contxt": "공무원이 그 직무상의 의무에 위배하여 허위공문서를 작성행사한 경우 직무위배의 위법 상태는 허위공문서작성 당시부터 그 속에 포함되어 별도로 형법 제122조의 직무유기죄가 성립되지 않는다는 당원 1982.12.28 선고 82도2210 판결은 형법 제122조의 직무유기죄와는 별도의 범죄인특정범죄가중처벌등에 관한 법률 제15조의 특수직무유기죄에는 적절한 것이 될수 없다 할 것이므로, 사법경찰리 직무취급을 겸하여 산림법위반의 범죄수사에 종사하는 공무원이 특정범죄가중처벌등에 관한 법률위반의 범죄사실을 인지하고도 필요한 조치를 취하지 아니하고 그 범죄사실을 은폐하기 위하여 그 직무에 관한 허위의 공문서를 작성행사하였다면 특정범죄가중처벌등에 관한 법률 제15조의 특수직무유기죄가 성립한다 할 것이다.",
      "summ_pass": "사법경찰리 직무취급을 겸하여 산림법위반의 범죄수사에 종사하는 공무원이 특정범죄가중처벌등에 관한 법률위반의 범죄사실을 인지하고도 필요한 조치를 취하지 아니하고 그 범죄사실을 은폐하기 위하여 그 직무에 관한 허위의 공문서를 작성행사하였다면특정범죄가중처벌등에 관한 법률 제15조의 특수직무유기죄가 성립한다 할 것이다."
    }
  ],
  "keyword_tagg": [
    {
      "id": 1,
      "keyword": "특수직무유기죄"
    },
    {
      "id": 2,
      "keyword": "허위공문서작성"
    }
  ],
  "Reference_info": {
    "reference_rules": "특정범죄가중처벌등에 관한 법률 제15조, 형법 제122조",
    "reference_court_case": ""
  },
  "Class_info": {
    "class_name": "형사A(생활형)",
    "instance_name": "직무유기"
  }
}