{
  "info": {
    "id": 55154363,
    "dataType": "판결문",
    "caseNm": "사기",
    "caseTitle": "대법원 1984. 9. 25., 선고, 84도882, 판결",
    "courtType": "판례(대법원)",
    "courtNm": "대법원",
    "judmnAdjuDe": "1984-09-25",
    "caseNoID": "84도882",
    "caseNo": "84도882"
  },
  "jdgmn": "재산권에 관한 거래관계에 있어서 당사자의 고지의무",
  "jdgmnInfo": [
    {
      "question": "재산권에 관한 거래관계에 있어서 당사자의 고지의무가 있는가?",
      "answer": "부정"
    }
  ],
  "Summary": [
    {
      "summ_contxt": "재산권에 관한 거래관계에 있어서, 일방이 상대방에게 그 거래에 관련된 어떠한 사항에 대하여 이를 고지하지 아니하므로써 장차 그 거래관계의 효력 또는 채무의 이행에 장애를 가져와 계약상의 채권을 확보하지 못할 위험이 생길 수 있음을 알면서 이를 상대방에게 고지하지 아니하고 거래관계를 맺거나 그러한 상태를 묵비하여 상대방으로부터 재물의 교부를 받거나 재산상의 이익을 받고 상대방은 그와 같은 사정에 관한 고지를 받았더라면 당해 거래관계에 임하지 아니하였거나, 이를 지속하여 재물 등의 교부를 하지 아니하였을 것임이 경험칙상 명백한 경우, 그 재물의 수취인에게는 신의성실의 원칙상 사전에 상대방에게 그와 같은 사정을 고지할 의무가 있다할 것이고 이를 고지하지 아니한 것은 상대방을 기망한 것이되어 사기죄를 구성한다 할 것이고 법률관계의 효력에 영향이 없고 상대방의 권리실현에 장애가 되지 아니하는 사유는 이를 고지할 의무가 없다.",
      "summ_pass": "고지하지 아니하고 거래관계를 맺거나 그러한 상태를 묵비하여 상대방으로부터 재물의 교부를 받거나 재산상의 이익을 받고 상대방은 그와 같은 사정에 관한 고지를 받았더라면 당해 거래관계에 임하지 아니하였거나, 이를 지속하여 재물 등의 교부를 하지 아니하였을 것임이 경험칙상 명백한 경우, 그 재물의 수취인에게는 신의성실의 원칙상 사전에 상대방에게 그와 같은 사정을 고지할 의무가 있다할 것이고 이를 고지하지 아니한 것은 상대방을 기망한 것이되어 사기죄를 구성한다 할 것이고 법률관계의 효력에 영향이 없고 상대방의 권리실현에 장애가 되지 아니하는 사유는 이를 고지할 의무가 없다."
    }
  ],
  "keyword_tagg": [
    {
      "id": 1,
      "keyword": "신의성실의 원칙"
    }
  ],
  "Reference_info": {
    "reference_rules": "형법 제347조",
    "reference_court_case": ""
  },
  "Class_info": {
    "class_name": "형사A(생활형)",
    "instance_name": "사기"
  }
}