{
  "info": {
    "id": 51193988,
    "dataType": "판결문",
    "caseNm": "살인·강간미수",
    "caseTitle": "대법원 1984. 3. 13., 선고, 84도37, 판결",
    "courtType": "판례(대법원)",
    "courtNm": "대법원",
    "judmnAdjuDe": "1984-03-13",
    "caseNoID": "84도37",
    "caseNo": "84도37"
  },
  "jdgmn": "심신장애인 여부에 관한 심리미진의 사례",
  "jdgmnInfo": [
    {
      "question": "피고인이 위 범행당시 정신장애가 있었던 것으로 의심이 가는데도 피고인의 심신장애의 주장과 정신감정신청에 대해 심리하지 않은 것은 심리미진 및 이유불비의 위법에 해당하는가?",
      "answer": "긍정"
    }
  ],
  "Summary": [
    {
      "summ_contxt": "피고인이 소아마비를 앓고난 후 정신이상증세를 보여 감금까지 당했던 사실과 선배어머니로서 평소 친분이 있는 피해자를 강간하려 한 점이 드문 예에 속하고 또 살해의 방법이 잔인한 바 범행후 피고인이 그 범행에 사용한 연탄집게를 땅에 묻어 은닉하면서도 피해자의 피와 살점이 묻은 범행시에 입고 있던 잠바를 그대로 입고 자다가 검거된 점 등을 고려할 때 피고인이 위 범행당시 정신장애가 있었던 것으로 의심이 가는데도 피고인의 심신장애의 주장과 정신감정신청에 대해 심리하지 않은 것은 심리미진 및 이유불비의 위법이 있다고 할 것이다.",
      "summ_pass": "의 방법이 잔인한 바 범행후 피고인이 그 범행에 사용한 연탄집게를 땅에 묻어 은닉하면서도 피해자의 피와 살점이 묻은 범행시에 입고 있던 잠바를 그대로 입고 자다가 검거된 점 등을 고려할 때 피고인이 위 범행당시 정신장애가 있었던 것으로 의심이 가는데도 피고인의 심신장애의 주장과 정신감정신청에 대해 심리하지 않은 것은 심리미진 및 이유불비의 위법이 있다고 할 것이다."
    }
  ],
  "keyword_tagg": [
    {
      "id": 1,
      "keyword": "심리 및 심신장애"
    }
  ],
  "Reference_info": {
    "reference_rules": "형사소송법 제169조, 제308조, 형법 제10조",
    "reference_court_case": ""
  },
  "Class_info": {
    "class_name": "형사A(생활형)",
    "instance_name": "살인"
  }
}