{
  "info": {
    "id": 38016141,
    "dataType": "판결문",
    "caseNm": "사기·도로운송차량법위반",
    "caseTitle": "대법원 1985. 9. 10. 선고 84도2685 판결",
    "courtType": "판례(대법원)",
    "courtNm": "대법원",
    "judmnAdjuDe": "1985-09-10",
    "caseNoID": "84도2685",
    "caseNo": "84도2685"
  },
  "jdgmn": "지급기일에 지급될 수 있다는 확신 없이 어음, 수표를 발행 교부할 경우 사기죄의 성부(적극)",
  "jdgmnInfo": [
    {
      "question": "지급기일에 지급될 수 있다는 확신 없이 어음, 수표를 발행 교부할 경우 사기죄가 성립하는가?",
      "answer": "긍정"
    }
  ],
  "Summary": [
    {
      "summ_contxt": "수표 또는 어음의 발행인이 그 지급기일에 결제되지 않으리라는 점을 예견하였거나 지급기일에 지급될 수 있다는 확신이 없으면서도 그러한 내용을 수취인에게 고지하지 아니한 채 이를 속여 수표 또는 어음을 발행교부하고 수취인으로부터 그 대가를 교부받았다면 사기죄가 성립한다 할 것인바(대법원 1981. 12. 22. 선고 81도2605; 1985. 3. 12. 선고 84도1461 판결 참조) 원심이 적법하게 인정한 이 사건 어음발행 당시의 객관적인 사실관계에 비추어 보면 피고인은 피해자들에게 발행하는 약속어음이 그 지급기일에 결제되지 않으리라는 점을 예견하였거나 적어도 지급기일에 지급될 수 있다는 확신이 없으면서도 그러한 내용을 고지하지 아니한 채 피해자들에게 피고인 명의의 약속어음을 발행교부하고 그들로부터는 제3자발행의 약속어음 또는 판시 면포를 대가로 교부받은 경우에 해당되어 사기죄를 구성한다 할 것이니 피고인의 판시 소위를 사기죄로 의율 처단한 점에도 잘못이 없다.",
      "summ_pass": "피고인이 피해자들에게 발행하는 약속어음이 그 지급기일에 결제되지 않으리라는 점을 예견하였거나 적어도 지급기일에 지급될 수 있다는 확신이 없으면서도 그러한 내용을 고지하지 아니한 채 피해자들에게 피고인 명의의 약속어음을 발행교부하고 그들로부터는 제3자 발행의 약속어음 또는 면포를 대가로 교부받은 경우 사기죄를 구성한다."
    }
  ],
  "keyword_tagg": [
    {
      "id": 1,
      "keyword": "약속어음"
    },
    {
      "id": 2,
      "keyword": "지급기일"
    },
    {
      "id": 3,
      "keyword": "사기죄"
    },
    {
      "id": 4,
      "keyword": "확신"
    },
    {
      "id": 5,
      "keyword": "고지"
    }
  ],
  "Reference_info": {
    "reference_rules": "형법 제347조",
    "reference_court_case": "대법원 1981. 12. 22. 선고 81도2605 판결, 대법원 1985. 3. 12. 선고 84도1461 판결"
  },
  "Class_info": {
    "class_name": "형사A(생활형)",
    "instance_name": "사기"
  }
}