{
  "info": {
    "id": 51264634,
    "dataType": "판결문",
    "caseNm": "국가보안법위반·반공법위반",
    "caseTitle": "대법원 1984. 9. 11., 선고, 84도1379, 판결",
    "courtType": "판례(대법원)",
    "courtNm": "대법원",
    "judmnAdjuDe": "1984-09-11",
    "caseNoID": "84도1379",
    "caseNo": "84도1379"
  },
  "jdgmn": "가. 환송 후의 새로운 증거에 의하여 환송 전의 원심판결과 동일한 결론을 낸 경우, 환송판결의 기속력\n나. 검사작성의 피의자 신문조서의 증거능력\n다. 보강증거의 양과 질",
  "jdgmnInfo": [
    {
      "question": "검사가 작성한 피의자신문조서는 그 피의자였던 피고인이 공판정에서 그 서명날인을 시인하여 진정성립을 인정하는 경우에는 검찰에서의 진술이 특히 임의로 되지 아니하여 신빙할 수 없는 상태하에서 된 것이라고 의심할만한 사유가 없으면 증거능력이 있는가?",
      "answer": "긍정"
    }
  ],
  "Summary": [
    {
      "summ_contxt": "검사가 작성한 피의자신문조서는 그 피의자였던 피고인이 공판정에서 그 서명날인을 시인하여 진정성립을 인정하는 경우에는 검찰에서의 진술이 특히 임의로 되지 아니하여 신빙할 수 없는 상태하에서 된 것이라고 의심할만한 사유가 없으면 증거능력이 있다고 할 것인바(당원 1982.6.8. 선고 82도754 판결 참조), 기록에 의하면 피고인이 제1심 공판정에서 검사작성의 피고인에 대한 피의자신문조서의 진정성립을 인정하고 있고 또 그 피의자신문조서가 임의성이 없는 진술로서 그 내용이 신빙할 수 없는 것이라고 의심할만한 자료를 발견할 수 없을 뿐더러 수사기관에서 심한 고문을 당한데다가 검찰에 송치된 후에도 계속하여 수사기관에 불려가 수사기관에서 자백한 내용을 검찰에서도 그대로 진술하도록 강요당한 나머지 그 심리적인 연장선상에서 자백한 것이라고 볼만한 자료도 없으므로 검사작성의 피고인에 대한 피의자신문조서를 증거로 채택한 제1심이나 환송후 원심의 조치에 소론과 같은 증거법칙을 어긴 위법이 있다고 할 수 없다.",
      "summ_pass": "검사가 작성한 피의자신문조서는 그 피의자였던 피고인이 공판정에서 그 서명날인을 시인하여 진정성립을 인정하는 경우에는 검찰에서의 진술이 특히 임의로 되지 아니하여 신빙할 수 없는 상태하에서 된 것이라고 의심할만한 사유가 없으면 증거능력이 있다."
    }
  ],
  "keyword_tagg": [
    {
      "id": 1,
      "keyword": "임의성 없는 자백"
    }
  ],
  "Reference_info": {
    "reference_rules": "가. 법원조직법 제7조의2 나. 형사소송법 제312조 다. 제310조",
    "reference_court_case": "가. 대법원 1983.2.8. 선고 82도2672 판결 / 나. 1982.6.8. 선고 82도754 판결 / 다. 1982.3.9. 선고 81도2596 판결, 1983.4.26. 선고 83도176 판결"
  },
  "Class_info": {
    "class_name": "형사A(생활형)",
    "instance_name": "국가보안법위반"
  }
}