{
  "info": {
    "id": 57455335,
    "dataType": "판결문",
    "caseNm": "살인",
    "caseTitle": "대법원 1984. 6. 12., 선고, 84도683, 판결",
    "courtType": "판례(대법원)",
    "courtNm": "대법원",
    "judmnAdjuDe": "1984-06-12",
    "caseNoID": "84도683",
    "caseNo": "84도683"
  },
  "jdgmn": "상관의 심한 기합에 격분하여 상관을 사살한 행위와 정당방위의 성부(소극)",
  "jdgmnInfo": [
    {
      "question": "상관의 심한 기합에 격분하여 상관을 사살한 행위에서 정당방위가 성립하는가?",
      "answer": "부정"
    }
  ],
  "Summary": [
    {
      "summ_contxt": "정당방위는 침해행위에 의해 침해되는 법익의 종류, 정도, 침해방법, 침해행위의 완급과 방위행위에 의해 침해될 법익의 종류, 정도등 일체의 구체적 사정을 참작하여 방위행위가 사회적으로 상당한 것이었다고 인정할 수 있는 것이어야 하는바, 전투경찰대원이 상관의 다소 심한 기합에 격분하여 상관을 사살한 행위는 자신의 신체에 대한 침해를 방위하기 위한 상당한 방법이었다고 볼 수 없다.",
      "summ_pass": "전투경찰대원이 상관의 다소 심한 기합에 격분하여 상관을 사살한 행위는 자신의 신체에 대한 침해를 방위하기 위한 상당한 방법이었다고 볼 수 없다."
    }
  ],
  "keyword_tagg": [
    {
      "id": 1,
      "keyword": "상당한 정도"
    }
  ],
  "Reference_info": {
    "reference_rules": "형법 제21조, 제250조",
    "reference_court_case": ""
  },
  "Class_info": {
    "class_name": "형사A(생활형)",
    "instance_name": "살인"
  }
}