{
  "info": {
    "id": 38016358,
    "dataType": "판결문",
    "caseNm": "중감금·폭력행위등처벌에관한법률위반",
    "caseTitle": "대법원 1985. 6. 25. 선고 84도2083 판결",
    "courtType": "판례(대법원)",
    "courtNm": "대법원",
    "judmnAdjuDe": "1985-06-25",
    "caseNoID": "84도2083",
    "caseNo": "84도2083"
  },
  "jdgmn": "가. 폭력에 의한 권리행사방해를 하고 이를 근거로 계속하여 갈취행위를 한 경우의 죄수\n나. 폭행·협박을 사용한 권리행사와 공갈죄의 성부\n다. 감금행위의 방법",
  "jdgmnInfo": [
    {
      "question": "재물의 교부를 받거나 재산상 이익을 취득할 권리가 있는 자라고 할지라도 사회통념상 일반적으로 용인될 수 없는 정도의 폭행, 협박의 방법을 사용하여 재물의 교부를 받거나 재산상 이익을 취득한 때에는 공갈죄가 성립하는가?",
      "answer": "긍정"
    }
  ],
  "Summary": [
    {
      "summ_contxt": "재물의 교부를 받거나 재산상 이익을 취득할 권리가 있는 자라고 할지라도 사회통념상 일반적으로 용인될 수 없는 정도의 폭행·협박의 방법을 사용하여 재물의 교부를 받거나 재산상 이익을 취득한 때에는 이는 정당한 권리행사라고 볼 수 없으므로 공갈죄를 구성한다고 보아야 할 것이다.\n피고인이 가사 소론주장과 같이 피해자 공소외 4에게 채권을 가지고 있다고 하여도 원심판시와 같이 피해자에게 장시간 폭행·협박 등 가혹한 행위를 가하여 금원지급의 승낙을 받아낸 것이라면 공갈미수죄의 성립을 인정할 수 있을 것이므로 공갈미수죄를 인정한 원심판단에 채증법칙위반과 법리오해의 위법이 있다는 논지는 이유 없다.",
      "summ_pass": "재물의 교부를 받거나 재산상 이익을 취득할 권리가 있는 자라고 할지라도 사회통념상 일반적으로 용인될 수 없는 정도의 폭행, 협박의 방법을 사용하여 재물의 교부를 받거나 재산상 이익을 취득한 때에는 공갈죄가 성립하므로 공갈미수죄를 인정한 원심판단에 채증법칙위반과 법리오해의 위법이 없다."
    }
  ],
  "keyword_tagg": [
    {
      "id": 1,
      "keyword": "공갈"
    },
    {
      "id": 2,
      "keyword": "정당한 권리행사"
    },
    {
      "id": 3,
      "keyword": "사회통념"
    }
  ],
  "Reference_info": {
    "reference_rules": "가. 형법 제324조 나. 형법 제350조, 제37조 다. 형법 제276조 제1항",
    "reference_court_case": ""
  },
  "Class_info": {
    "class_name": "형사A(생활형)",
    "instance_name": "공갈/협박"
  }
}