{
  "info": {
    "id": 59705020,
    "dataType": "판결문",
    "caseNm": "부정수표단속법위반·유가증권위조·유가증권위조행사·사기·횡령·사문서위조·사문서위조행사·업무상횡령",
    "caseTitle": "대법원 1984. 10. 23., 선고, 84도1729, 판결",
    "courtType": "판례(대법원)",
    "courtNm": "대법원",
    "judmnAdjuDe": "1984-10-23",
    "caseNoID": "84도1729",
    "caseNo": "84도1729"
  },
  "jdgmn": "작성명의인의 기명만 있고 날인이 빠진 예금청구서를 권한없이 작성한 경우 사문서위조죄의 성부(적극)",
  "jdgmnInfo": [
    {
      "question": "작성명의인의 기명만 있고 날인이 빠진 예금청구서를 권한없이 작성한 경우 사문서위조죄가 성립하는가?",
      "answer": "긍정"
    }
  ],
  "Summary": [
    {
      "summ_contxt": "예금청구서에 작성명의자의 기명만 있고 날인이 빠져있다 하여도 일반인이 그 작성명의자에 의하여 작성된 예금청구서라고 오신할 만한 형식과 외관을 갖추고 있는 이상 권한없이 위 예금청구서를 작성한 행위는 사문서위조죄에 해당하고 날인이 없다하여 이를 미완성문서로 볼 수는 없다.",
      "summ_pass": "예금청구서라고 오신할 만한 형식과 외관을 갖추고 있는 이상 권한없이 위 예금청구서를 작성한 행위는 사문서위조죄에 해당하고 날인이 없다하여 이를 미완성문서로 볼 수는 없다."
    }
  ],
  "keyword_tagg": [
    {
      "id": 1,
      "keyword": "형식과 외관"
    }
  ],
  "Reference_info": {
    "reference_rules": "형법 제231조",
    "reference_court_case": "대법원 1982.10.12. 선고 81도3176 판결"
  },
  "Class_info": {
    "class_name": "형사A(생활형)",
    "instance_name": "부정수표단속법위반"
  }
}