{
  "info": {
    "id": 57420813,
    "dataType": "판결문",
    "caseNm": "광고물등관리법위반",
    "caseTitle": "대법원 1984. 11. 27., 선고, 84도1545, 판결",
    "courtType": "판례(대법원)",
    "courtNm": "대법원",
    "judmnAdjuDe": "1984-11-27",
    "caseNoID": "84도1545",
    "caseNo": "84도1545"
  },
  "jdgmn": "검사의 무혐의결정후의 기소처분이 일사부재리의 원칙에 위배되는지 여부",
  "jdgmnInfo": [
    {
      "question": "검사의 무혐의결정후의 기소처분이 일사부재리의 원칙에 위배되는가?",
      "answer": "부정"
    }
  ],
  "Summary": [
    {
      "summ_contxt": "일사부재리의 효력은 확정판결이 있을 때에 발생하는 것이므로 검사가 일차 무혐의 결정을 하였다가 다시 공소를 제기하였다 하여도 이를 일사부재리의 원칙에 위배된 것이라고는 할 수 없다.",
      "summ_pass": "검사가 일차 무혐의 결정을 하였다가 다시 공소를 제기하였다 하여도 이를 일사부재리의 원칙에 위배된 것이라고는 할 수 없다."
    }
  ],
  "keyword_tagg": [
    {
      "id": 1,
      "keyword": "일사부재리의 원칙"
    }
  ],
  "Reference_info": {
    "reference_rules": "헌법 제12조 / 형사소송법 제247조",
    "reference_court_case": "1983. 12. 27 선고 83도2686,83감도456 판결"
  },
  "Class_info": {
    "class_name": "형사A(생활형)",
    "instance_name": "광고물등관리법위반"
  }
}