{
  "info": {
    "id": 58691075,
    "dataType": "판결문",
    "caseNm": "명예훼손",
    "caseTitle": "대법원 1984. 7. 10., 선고, 84도1197, 판결",
    "courtType": "판례(대법원)",
    "courtNm": "대법원",
    "judmnAdjuDe": "1984-07-10",
    "caseNoID": "84도1197",
    "caseNo": "84도1197"
  },
  "jdgmn": "예배시간에 교인의 교회재산전용을 공표한 부목사의 행위와 명예훼손죄의 성부",
  "jdgmnInfo": [
    {
      "question": "예배시간에 교인의 교회재산전용을 공표한 부목사의 행위의 경우 명예훼손죄가 성립하는가?",
      "answer": "긍정"
    }
  ],
  "Summary": [
    {
      "summ_contxt": "교회의 부목사가 다수 교인이 모인 예배시간에 “본 교회소유 대지에 관한사실을 밝힘”이란 제목으로, 위 교회가 대표자들의 명의로 불하받은 귀속 재산인 위 토지가 교회가 처분한 바 없는데도 소외 학원으로 소유권이전 등기된 것은 위 대표자 중의 1인인 학교장이 사리를 좇아 증여한 것처럼 날조한 사기행각이라는 내용의 유인물을 배포. 낭독하고 위 학교장을 단상에 불러 경위를 해명하라고 요구한 행위는, 사실을 적시하여 위 소외 학원과 소외 학교장의 명예를 훼손한 경우에 해당한다.",
      "summ_pass": "교회가 처분한 바 없는데도 소외 학원으로 소유권이전 등기된 것은 위 대표자 중의 1인인 학교장이 사리를 좇아 증여한 것처럼 날조한 사기행각이라는 내용의 유인물을 배포. 낭독하고 위 학교장을 단상에 불러 경위를 해명하라고 요구한 행위는, 사실을 적시하여 위 소외 학원과 소외 학교장의 명예를 훼손한 경우에 해당한다."
    }
  ],
  "keyword_tagg": [
    {
      "id": 1,
      "keyword": "소유권 이전 등기"
    }
  ],
  "Reference_info": {
    "reference_rules": "형법 제307조",
    "reference_court_case": ""
  },
  "Class_info": {
    "class_name": "형사A(생활형)",
    "instance_name": "명예훼손"
  }
}