{
  "info": {
    "id": 53340915,
    "dataType": "판결문",
    "caseNm": "교통사고처리특례법위반",
    "caseTitle": "대법원 1984. 9. 25., 선고, 84도1695, 판결",
    "courtType": "판례(대법원)",
    "courtNm": "대법원",
    "judmnAdjuDe": "1984-09-25",
    "caseNoID": "84도1695",
    "caseNo": "84도1695"
  },
  "jdgmn": "자동차운전자에게 야간에 무등화인 자전거가 차도를 무단횡단하는 경우까지 예상하여 이에 대응조치해야 할 주의의무가 있는지 여부",
  "jdgmnInfo": [
    {
      "question": "자동차운전자에게 야간에 무등화인 자전거가 차도를 무단횡단하는 경우까지 예상하여 이에 대응조치해야 할 주의의무가 있는가?",
      "answer": "부정"
    }
  ],
  "Summary": [
    {
      "summ_contxt": "더우기 운전자에게 야간에 무등화인 자전거를 타고 차도를 무단횡단하는 경우까지를 예상하여 제한속력을 감속하고 잘 보이지 않은 반대차선상의 동태까지 살피면서 서행운행할 주의의무가 있다고 할 수 없다 할 것이어서 이러한 취지에서 이 사건 사고에 있어서 피고인에게 전방주시의무를 위반한 과실이 없다.",
      "summ_pass": "운전자에게 야간에 무등화인 자전거를 타고 차도를 무단횡단하는 경우까지를 예상하여 제한속력을 감속하고 잘 보이지 않은 반대차선상의 동태까지 살피면서 서행운행할 주의의무가 있다고 할 수 없다."
    }
  ],
  "keyword_tagg": [
    {
      "id": 1,
      "keyword": "주의의무 위반"
    }
  ],
  "Reference_info": {
    "reference_rules": "교통사고처리특례법 제3조",
    "reference_court_case": ""
  },
  "Class_info": {
    "class_name": "형사A(생활형)",
    "instance_name": "교통사고처리특례법위반"
  }
}