{
  "info": {
    "id": 58528879,
    "dataType": "판결문",
    "caseNm": "도로교통법위반·보호감호·절도·특수공무집행방해·특정범죄가중처벌등에관한법률위반·폭행",
    "caseTitle": "대법원 1984. 10. 23., 선고, 84도2001, 판결",
    "courtType": "판례(대법원)",
    "courtNm": "대법원",
    "judmnAdjuDe": "1984-10-23",
    "caseNoID": "84도2001",
    "caseNo": "84도2001"
  },
  "jdgmn": "형법 제144조 특수공무방해죄에 있어서 \"위험한 물건을 휴대하여\"의 의미",
  "jdgmnInfo": [
    {
      "question": "형법 제144조 특수공무방해죄에 있어서 \"위험한 물건을 휴대하여\"라는 말은 소지뿐만 아니라 널리 이용한다는 뜻도 포함하고 있는가?",
      "answer": "긍정"
    }
  ],
  "Summary": [
    {
      "summ_contxt": "형법 제144조특수공무방해죄에 있어서의 \"위험한 물건\"이라 함은 흉기는 아니라고 하더라도 널리 사람의 생명·신체에 해를 가하는 데 사용할 수 있는 일체의 물건을 포함한다고 풀이할 것이므로 본래 살상용·파괴용으로 만들어진 것뿐만 아니라 다른 목적으로 만들어진 칼·가위·유리병·각종 공구·자동차등은 물론, 화학약품 또는 사주된 동물등도 그것이 사람의 생명·신체에 해를 가하는데 사용되었다면 본조의 \"위험한 물건\"이라 할 것이며, 한편, 이러한 물건을 \"휴대하여\"라는 말은 소지뿐만 아니라 널리 이용한다는 뜻도 포함하고 있다.",
      "summ_pass": "화학약품 또는 사주된 동물등도 그것이 사람의 생명·신체에 해를 가하는 데 사용되었다면 본조의 \"위험한 물건\"이라 할 것이며, 한편, 이러한 물건을 \"휴대하여\"라는 말은 소지뿐만 아니라 널리 이용한다는 뜻도 포함하고 있다."
    }
  ],
  "keyword_tagg": [
    {
      "id": 1,
      "keyword": "위험한 물건"
    }
  ],
  "Reference_info": {
    "reference_rules": "형법 제144조",
    "reference_court_case": ""
  },
  "Class_info": {
    "class_name": "형사A(생활형)",
    "instance_name": "도로교통법위반"
  }
}