{
  "info": {
    "id": 38016171,
    "dataType": "판결문",
    "caseNm": "사기",
    "caseTitle": "대법원 1986. 10. 28. 선고 84도2386 판결",
    "courtType": "판례(대법원)",
    "courtNm": "대법원",
    "judmnAdjuDe": "1986-10-28",
    "caseNoID": "84도2386",
    "caseNo": "84도2386"
  },
  "jdgmn": "사망한 자를 상대로 한 제소와 소송사기의 성부",
  "jdgmnInfo": [
    {
      "question": "피고인의 이 사건 제소가 사망한 자를 상대로 한 것이라면 그 판결은 그 내용에 따른 효력이 생기지 아니하여 상속인에게 그 효력이 미치지 아니하고, 따라서 사기죄를 구성하지 아니한다고 할 것인가?",
      "answer": "긍정"
    }
  ],
  "Summary": [
    {
      "summ_contxt": "이른바 소송사기에 있어서 피기망자인 법원의 재판은 피해자의 처분행위에 갈음하는 내용과 효력이 있는 것이어야 하고 그렇지 아니하는 경우에는 착오에 의한 재물의 교부행위가 있다고 할 수 없어서 사기죄는 성립되지 아니한다고 할 것이다. 그러므로 이 사건에서와 같이 피고인의 이 사건 제소가 사망한 자를 상대로 한 것이라면 그 판결은 그 내용에 따른 효력이 생기지 아니하여 상속인에게 그 효력이 미치지 아니하고, 따라서 사기죄를 구성하지 아니한다고 할 것이다. 같은 취지의 원심판결은 정당하고, 거기에 소론과 같은 법리오해의 위법이 있다고 할 수 없다. 논지는 다른 견해에서 원심판결을 탓하는 것이니 받아들일 수 없다.\n원심이 피고인들에게 법원을 기망할 의사가 있었거나 원심판시 임야가 매도인인 공소외 박○○의 단독소유가 아님을 알고 있었다고 인정할 만한 증거가 없었다고 한 원심의 조처를 기록에 비추어 살펴보면 수긍할 수 있다.",
      "summ_pass": "피고인의 이 사건 제소가 사망한 자를 상대로 한 것이라면 그 판결은 그 내용에 따른 효력이 생기지 아니하여 상속인에게 그 효력이 미치지 아니하고, 따라서 사기죄를 구성하지 아니한다고 할 것이다.\n원심이 피고인들에게 법원을 기망할 의사가 있었거나 원심판시 임야가 매도인인 공소외 박○○의 단독소유가 아님을 알고 있었다고 인정할 만한 증거가 없었다고 한 원심의 조처를 기록에 비추어 살펴보면 수긍할 수 있다."
    }
  ],
  "keyword_tagg": [
    {
      "id": 1,
      "keyword": "법리오해의 위법"
    },
    {
      "id": 2,
      "keyword": "재물의 교부"
    }
  ],
  "Reference_info": {
    "reference_rules": "형법 제347조",
    "reference_court_case": ""
  },
  "Class_info": {
    "class_name": "형사A(생활형)",
    "instance_name": "사기"
  }
}