{
  "info": {
    "id": 53231692,
    "dataType": "판결문",
    "caseNm": "사문서위조·사문서위조행사·사기",
    "caseTitle": "대법원 1984. 3. 27., 선고, 84도115, 판결",
    "courtType": "판례(대법원)",
    "courtNm": "대법원",
    "judmnAdjuDe": "1984-03-27",
    "caseNoID": "84도115",
    "caseNo": "84도115"
  },
  "jdgmn": "대금수령에 관하여 포괄적 위임을 받은 자가 대금을 지급받는 방법으로 본인명의의 차용증서를 작성해 준 경우에 있어서 사문서위조, 동행사의 범의",
  "jdgmnInfo": [
    {
      "question": "대금수령에 관하여 포괄적 위임을 받은 자가 대금을 지급받는 방법으로 본인명의의 차용증서를 작성해 준 경우에 있어서 사문서위조, 동행사의 범의가 인정되는가?",
      "answer": "부정"
    }
  ],
  "Summary": [
    {
      "summ_contxt": "급식용 가공돼지고기를 납품하는 단지원들에 의하여 돼지고기의 가공, 납품 및 대금수령에 관한 사무를 총괄적으로 위임받고 이를 위하여 그들의 인장을 맡아 사용하는 단지장이 그 대금의 수령을 위해 납품자인 단지원의 이름으로 축산협동조합에 예금청구서와 차용증서를 작성 제출하고 선급금명목으로 납품대금을 받아 이를 단지원에게 지급한 사실이 인정된다면 위 예금청구서와 차용증서는 단지원들로부터 돼지고기의 가공, 납품에 따른 포괄적 위임에 따라 작성된 것이라고 보여져 이에 대하여 사문서위조 동행사의 범의를 인정할 수 없다.",
      "summ_pass": "단지장이 그 대금의 수령을 위해 납품자인 단지원의 이름으로 축산협동조합에 예금청구서와 차용증서를 작성 제출하고 선급금명목으로 납품대금을 받아 이를 단지원에게 지급한 사실이 인정된다면 위 예금청구서와 차용증서는 단지원들로부터 돼지고기의 가공, 납품에 따른 포괄적 위임에 따라 작성된 것이라고 보여져 이에 대하여 사문서위조 동행사의 범의를 인정할 수 없다."
    }
  ],
  "keyword_tagg": [
    {
      "id": 1,
      "keyword": "사문서 위조"
    }
  ],
  "Reference_info": {
    "reference_rules": "형법 제231조, 제234조",
    "reference_court_case": ""
  },
  "Class_info": {
    "class_name": "형사A(생활형)",
    "instance_name": "사문서위조"
  }
}