{
  "info": {
    "id": 50808023,
    "dataType": "판결문",
    "caseNm": "명령위반",
    "caseTitle": "대법원 1984. 3. 13., 선고, 84도95, 판결",
    "courtType": "판례(대법원)",
    "courtNm": "대법원",
    "judmnAdjuDe": "1984-03-13",
    "caseNoID": "84도95",
    "caseNo": "84도95"
  },
  "jdgmn": "지.오.피(G.O.P) 등 내에서의 병력가동에 관한 사단장의 근무지침과 군형법 제47조 소정의 “정당한 명령”",
  "jdgmnInfo": [
    {
      "question": "사단장의 명령인 근무지침이나 구두지시는 통수작전상 중요하고도 구체성이 있는 특정사항에 관한 것이므로 군형법 제47조에서 말하는 정당한 명령에 해당하는가?",
      "answer": "긍정"
    }
  ],
  "Summary": [
    {
      "summ_contxt": "지.오.피(G.O.P)등 내에서의 병력이동은 규정된 무장을 하여 4인 이상 단체행동(전술대형유지)하라는 사단장의 명령인 근무지침이나 구두지시는 통수작전상 중요하고도 구체성이 있는 특정사항에 관한 것이므로 군형법 제47조에서 말하는 정당한 명령에 해당한다.",
      "summ_pass": "사단장의 명령인 근무지침이나 구두지시는 통수작전상 중요하고도 구체성이 있는 특정사항에 관한 것이므로군형법 제47조에서 말하는 정당한 명령에 해당한다."
    }
  ],
  "keyword_tagg": [
    {
      "id": 1,
      "keyword": "정당한 명령"
    }
  ],
  "Reference_info": {
    "reference_rules": "군형법 제47조",
    "reference_court_case": ""
  },
  "Class_info": {
    "class_name": "형사A(생활형)",
    "instance_name": "명령위반"
  }
}