{
  "info": {
    "id": 38016593,
    "dataType": "판결문",
    "caseNm": "공정증서원본불실기재·공정증서원본불실기재행사·배임",
    "caseTitle": "대법원 1985. 2. 13. 선고 84도2703 판결",
    "courtType": "판례(대법원)",
    "courtNm": "대법원",
    "judmnAdjuDe": "1985-02-13",
    "caseNoID": "84도2703",
    "caseNo": "84도2703"
  },
  "jdgmn": "건물일부에 대해 이중으로 소유권보존등기를 경료한 자에게 공정증서원본 부실기재의 범의가 있다고 본 사례",
  "jdgmnInfo": [
    {
      "question": "건물일부에 대해 이중으로 소유권보존등기를 경료한 자에게 공정증서원본 부실기재의 범의가 있다고 할 수 있는가?",
      "answer": "긍정"
    }
  ],
  "Summary": [
    {
      "summ_contxt": "공소외 1이 위증피고사건으로 유죄판결을 받은 사실을 알고 있다고 진술하고 있는바 사실심인 원심으로서는 위 판결등본 등에 관하여 증거조사를 하고 이점에 관하여 심리를 다하였다면 공소사실에 부합하는 증인 등의 증언이나 그 진술기재의 신빙성에 관한 판단이 달라질 수도 있다고 할 것이므로 증거조사나 심리를 하지 않은채 제1심판결의 결론을 지지한 원심조치에는 판결결과에 영향을 미침이 분명한 심리미진과 채증법칙 위반으로 인한 사실오인의 위법이 있다 하겠으니 검사의 상고논지는 그 이유가 있다고 하겠다. 이 사건 건물을 동업으로 시공건축하여 완공한 후 동인과의 사이에 민형사간 분쟁이 발생하여 쟁송중에 있고 이 사건 공정증서원본불실기재, 동행사, 배임사문서위조, 동행사 등 피고사건중 유죄가 확정된 위 사문서위조, 동행사등의 공소범죄사실은 위 지하 1층과 2층 창고에 관한 공소외 이해성 명의의 소유권이전등기청구권보전의 가등기를 말소하기 위하여 위 김○○ 명의의 가등기말소신청서 및 위임장 각 1통을 위조하여 이를 행사하였다는 것이라는 등을 감안하면 2중등기의 민사상 효력문제 등은 별론으로 하고 이 사건 건물중 위 지하1, 2층 부분에 관한한 그 면적을 달리 기재하여 마치 별개의 건물인양 불실의 사실을 등기공무원에게 신고한 것이라는 범의를 인정할 수 있다. 피고인이 신청하여 경료된 부동산소유권보존등기가 다같이 서울특별시 중구 황학동 1205 및 같은곳 2필 지상의 등기표시번호 1번으로 되어 있는 사실이 인정되어 피고인이 이 사건 건물의 소유권보존등기를 신청 경료함에 있어 그 건물전체의 지번표시를 같은 번지의 1호로 하였다고 인정할 증거가 없다는 원심판시는 이 점에서도 잘못임이 명백하다. 피고인이 위 소유권보존등기를 신청함에 있어서 이 건물전체의 지번표시를 같은 번지의 1호로 하였다거나 다른 허위의 신고를 하여 불실의 사실을 기재하게 하였다고 인정할 만한 증거가 없다고 판시한 조치에는 필경 심리를 다하지 아니하고 채증법칙을 위반하였다고 할 것이므로 이 점에 관한 상고논지도 그 이유가 있다고 할 것이다. 무죄부분을 파기한다.",
      "summ_pass": "공소외 1이 위증피고사건으로 유죄판결을 받은 사실을 알고 있다고 진술하고 있는바 그렇다면 사실심인 원심으로서는 위 판결등본 등에 관하여 증거조사를 하고 이점에 관하여 심리를 다하였다면 판결결과에 영향을 미침이 분명한 심리미진과 채증법칙 위반으로 인한 사실오인의 위법이 있다 하겠으니 이 점을 나무라는 검사의 상고논지는 그 이유가 있다고 하겠다.\n피고인이 위 소유권보존등기를 신청함에 있어서 이 건물전체의 지번표시를 같은 번지의 1호로 하였다거나 다른 허위의 신고를 하여 불실의 사실을 기재하게 하였다고 인정할 만한 증거가 없다고 판시한 조치에는 필경 심리를 다하지 아니하고 채증법칙을 위반하였다고 할 것이므로 이 점에 관한 상고논지도 그 이유가 있다고 할 것이다. 무죄부분을 파기한다."
    }
  ],
  "keyword_tagg": [
    {
      "id": 1,
      "keyword": "공정증서원본불실기재"
    },
    {
      "id": 2,
      "keyword": "배임"
    }
  ],
  "Reference_info": {
    "reference_rules": "형법 제228조, 형사소송법 제308조",
    "reference_court_case": ""
  },
  "Class_info": {
    "class_name": "형사A(생활형)",
    "instance_name": "공문서/사문서"
  }
}