{
  "info": {
    "id": 52717435,
    "dataType": "판결문",
    "caseNm": "배임수재·업무상배임",
    "caseTitle": "대법원 1984. 9. 25., 선고, 84도1436, 판결",
    "courtType": "판례(대법원)",
    "courtNm": "대법원",
    "judmnAdjuDe": "1984-09-25",
    "caseNoID": "84도1436",
    "caseNo": "84도1436"
  },
  "jdgmn": "조합임원들로 구성된 조합여신위원회의 사전심사와 결의에 따라 대출한도액을 초과하거나 비조합원에게 대출한 신용협동조합 이사장의 행위에 대한 업무상 배임죄의 성립 여부(적극)",
  "jdgmnInfo": [
    {
      "question": "조합임원들로 구성된 조합여신위원회의 사전심사와 결의에 따라 대출한도액을 초과하거나 비조합원에게 대출한 신용협동조합 이사장의 행위에 대한 업무상 배임죄의 성립하는가?",
      "answer": "긍정"
    }
  ],
  "Summary": [
    {
      "summ_contxt": "신용협동조합의 이사장은 동 조합을 위하여 성실히 직무를 수행하여야 할 임무가 있으므로 제 3 자의 이익을 도모하여 임무에 위배하여 소정의 대출한도액을 초과하여 대출하거나 비조합원에게 대출하여 동 조합에 그 대출상당액의 재산상의 손해를 가하였다면 동조합내 여신위원회의 결의가 있었다거나 대출금에 대한 회수의 가능여부에 관계없이 업무상 배임죄가 성립된다.",
      "summ_pass": "임무에 위배하여 소정의 대출한도액을 초과하여 대출하거나 비조합원에게 대출하여 동 조합에 그 대출상당액의 재산상의 손해를 가하였다면 동조합내 여신위원회의 결의가 있었다거나 대출금에 대한 회수의 가능여부에 관계없이 업무상 배임죄가 성립된다."
    }
  ],
  "keyword_tagg": [
    {
      "id": 1,
      "keyword": "재산상의 손해"
    }
  ],
  "Reference_info": {
    "reference_rules": "형법 제356조",
    "reference_court_case": ""
  },
  "Class_info": {
    "class_name": "형사A(생활형)",
    "instance_name": "배임수재"
  }
}