{
  "info": {
    "id": 50463875,
    "dataType": "판결문",
    "caseNm": "무고",
    "caseTitle": "대법원 1984. 12. 11., 선고, 84도1953, 판결",
    "courtType": "판례(대법원)",
    "courtNm": "대법원",
    "judmnAdjuDe": "1984-12-11",
    "caseNoID": "84도1953",
    "caseNo": "84도1953"
  },
  "jdgmn": "고소장을 기재하지 않은 사실을 고소보충조서작성시 자진하여 진술한 경우, 이 부분도 무고죄에 있어서의 신고로 볼 수 있는지의 여부(적극)",
  "jdgmnInfo": [
    {
      "question": "고소장을 기재하지 않은 사실을 고소보충조서작성시 자진하여 진술한 경우, 이 부분도 무고죄에 있어서의 신고로 볼 수 있는가?",
      "answer": "긍정"
    }
  ],
  "Summary": [
    {
      "summ_contxt": "무고죄에 있어서의 신고는 자발적인 것이어야 하고 수사기관 등의 추문에 대하여 허위의 진술을 하는 것은 무고죄를 구성하지 않는 것이지만 당초 고소장에 기재하지 않은 사실을 수사기관에서 고소보충조서를 받을 때 자진하여 진술하였다면 이 진술부분까지 신고한 것으로 보아야 한다.",
      "summ_pass": "당초 고소장에 기재하지 않은 사실을 수사기관에서 고소보충조서를 받을 때 자진하여 진술하였다면 이 진술부분까지 신고한 것으로 보아야 한다."
    }
  ],
  "keyword_tagg": [
    {
      "id": 1,
      "keyword": "허위의 진술"
    }
  ],
  "Reference_info": {
    "reference_rules": "형법 제156조",
    "reference_court_case": "대법원 1961.12.14 선고 4294형상273 판결"
  },
  "Class_info": {
    "class_name": "형사A(생활형)",
    "instance_name": "무고"
  }
}