{
  "info": {
    "id": 38017496,
    "dataType": "판결문",
    "caseNm": "명예훼손피고사건",
    "caseTitle": "대구지방법원 1986. 2. 13. 선고 85노1264 제2형사부판결 : 상고",
    "courtType": "판례(하급심)",
    "courtNm": "대구지방법원",
    "judmnAdjuDe": "1986-02-13",
    "caseNoID": "85노1264",
    "caseNo": "85노1264"
  },
  "jdgmn": "명예훼손죄에 있어서의 공연성과 위법성이 없다고 판단한 사례",
  "jdgmnInfo": [
    {
      "question": "피해를 방지하려는 방안을 구하는 일념으로 2회에 걸쳐 어느 특정인이 자기 소유의 사과를 훔쳐갔다고 이야기했다 하더라도 그 행위당시 형법 제307조 소정의 공연성이 있었다고 보기 어려울 뿐만 아니라 사회생활의 통상 있을 수 있는 것으로서 위법성이 있다고 할 수 있는가?",
      "answer": "부정"
    }
  ],
  "Summary": [
    {
      "summ_contxt": "피고인 소유의 과수원을 경작하면서 그의 자형인 공소외4로 하여금 이를 관리케 하고 있었으나, 1984년에 이르러, 몇차례에 걸쳐 사과를 도난당한 사실이 있어, 같은해 7. 18. 12:00경 피고인이 직접 그의 사과밭 옆에서 잠복하고 있던 중, 공소외1이 피고인 소유의 사과밭 옆에서 일을 하다가 그의 사과밭으로 들어와 사과를 따가는 것을 목격하고서, 그녀에게 \"어린애가 이러한 일을 하여도 말려야 할 사람이 무슨 짓이냐\"고 꾸짖자, 그녀가 \"사과 몇 개 따먹는 것이 어떠냐\"고 오히려 대들기에, 그무렵 그곳을 지나가는 자형인 공소외4에게 공소외 1의 위와 같은 행위에 대하여 말하면서 과수원을 잘 지켜 줄 것을 부탁하였고, 그 다음날 08:30경에는 피고인이 위 공소외 1의 남편인 공소외8(위(동명 생략) 동장임)을 찾아가, 그의 처의 위와 같은 소행에 대해 이야기를 하려 하였으나, 만나지 못하고 돌아오던 중, 그 근처 고추밭에서 위 동명 생략)의 새마을지도자이자 위 공소외 8의 친구인 공소외2를 만나, 위 공소외 1에 대한 소행을 말하면서 그녀의 나쁜 버릇을 고칠 수 있는 방안이 없겠느냐는 식으로 의논을 한 사실을 인정할 수 있고, 달리 이를 좌우할 자료가 없는바, 전후 사정이 이러하다면, 피고인이 사과를 절취당한 피해자의 입장에서 그의 과수원을 지키고 있는 자형만이 있는 면전과 새마을지도자인 공소외2만이 있는 고추밭에서, 더 이상의 피해를 당하지 않는 방안을 구하는 일념으로, 2회에 걸쳐 위 공소외 1피고인 소유의 사과를 훔쳐갔다고 이야기하였다한들, 그 행위당시 형법 제307조 소정의 공연성이 있었다고도 보기 어려울 뿐만 아니라, 그와 같은 언사를 논하는 것은 사회생활상 통상 있을 수 있는 것이고, 위와 같은 정도의 사실적시는 사회통념상 위법성이 있다고도 보기 어렵다 하겠다.",
      "summ_pass": "피고인이 사과를 절취당한 피해자의 입장에서 그의 과수원을 지키고 있는 자형만이 있는 면전과 새마을지도자인 공소외2만이 있는 고추밭에서, 더 이상의 피해를 당하지 않는 방안을 구하는 일념으로, 2회에 걸쳐 위 공소외 1이 피고인 소유의 사과를 훔쳐갔다고 이야기하였다한들, 그 행위당시 형법 제307조 소정의 공연성이 있었다고도 보기 어려울 뿐만 아니라, 그와 같은 언사를 논하는 것은 사회생활상 통상 있을 수 있는 것이고, 위와 같은 정도의 사실적시는 사회통념상 위법성이 있다고도 보기 어렵다 하겠다."
    }
  ],
  "keyword_tagg": [
    {
      "id": 1,
      "keyword": "과수원"
    },
    {
      "id": 2,
      "keyword": "공연성"
    },
    {
      "id": 3,
      "keyword": "사실적시"
    }
  ],
  "Reference_info": {
    "reference_rules": "형법 제307조",
    "reference_court_case": ""
  },
  "Class_info": {
    "class_name": "형사A(생활형)",
    "instance_name": "명예훼손"
  }
}