{
  "info": {
    "id": 38017520,
    "dataType": "판결문",
    "caseNm": "특정경제범죄가중처벌등에관한법률위반, 사기, 사기미수",
    "caseTitle": "대법원 1985. 12. 24. 선고 85도2317 판결",
    "courtType": "판례(대법원)",
    "courtNm": "대법원",
    "judmnAdjuDe": "1985-12-24",
    "caseNoID": "85도2317",
    "caseNo": "85도2317"
  },
  "jdgmn": "가. 암묵리의 의사상통과 공동정범의 성부\n나. 유가증권을 편취하는 경우의 기수시기",
  "jdgmnInfo": [
    {
      "question": "공동정범의 성립에 있어서는 사전에 공범자 사이에 모의가 있는 때뿐만 아니라 암묵리에 서로 협력하여 공동의 범의를 실현하려는 의사가 상통하면 되는가?",
      "answer": "긍정"
    }
  ],
  "Summary": [
    {
      "summ_contxt": "공동정범의 성립에 있어서는 사전에 공범자 사이에 모의가 있는 때뿐만 아니라 암묵리에 서로 협력하여 공동의 범의를 실현하려는 의사가 상통하면 족하다고 할 것인바(당원 1982. 10. 26. 선고 82도1818 판결 참조) 위 증거들에 의하면 피고인 1, 2, 3, 4, 5, 6, 7 및 분리된 피고인 8은 서울 강남구 가락동 321번지 땅이 국가 환수재산이고 이를 틀림없이 불하시켜 주겠다고 속여 원매자인 정○○로부터 금원을 편취할 것을 암묵리에 순차적으로 공모한 것이라고 보기에 충분하므로 같은 취지에서 위 피고인들을 공동정범관계에 있는 것으로 처단한 것은 정당하고 거기에 소론과 같은 공범에 관한법리오해의 위법이 없으므로 이점 논지는 이유 없다.\n사기범행으로 당좌수표등 유가증권을 편취할 경우에는 유가증권의 교부를 받은 단계에서 재물편취의 기수가 되는 것이므로 같은 취지에서 피고인들이 원판시 수표등을 교부받은 행위를 사기죄로 처단한 것은 정당하다. 양형이 과중하다는 취지의 주장은 이건에 있어서 적법한 상고이유가 되지 못한다.",
      "summ_pass": "공동정범의 성립에 있어서는 사전에 공범자 사이에 모의가 있는 때뿐만 아니라 암묵리에 서로 협력하여 공동의 범의를 실현하려는 의사가 상통하면 족하다고 할 것이다."
    }
  ],
  "keyword_tagg": [
    {
      "id": 1,
      "keyword": "사기"
    },
    {
      "id": 2,
      "keyword": "공동정범"
    },
    {
      "id": 3,
      "keyword": "모의"
    }
  ],
  "Reference_info": {
    "reference_rules": "형법 제30조, 형법 제347조",
    "reference_court_case": "가. 대법원 1982. 10. 26. 선고 82도1818 판결 나. 대법원 1984. 12. 26. 선고 84도2303 판결"
  },
  "Class_info": {
    "class_name": "형사A(생활형)",
    "instance_name": "특정경제범죄가중처벌"
  }
}