{
  "info": {
    "id": 38017816,
    "dataType": "판결문",
    "caseNm": "강도상해등피고사건",
    "caseTitle": "서울고등법원 1985. 12. 4. 선고 85노2624 제2형사부판결 : 확정",
    "courtType": "판례(하급심)",
    "courtNm": "서울고등법원",
    "judmnAdjuDe": "1985-12-04",
    "caseNoID": "85노2624",
    "caseNo": "85노2624"
  },
  "jdgmn": "상상적경합범에 있어 중한 죄는 미수이고 경한 죄는 기수일 때 미수감경을 하는 경우의 처단형의 범위",
  "jdgmnInfo": [
    {
      "question": "강도상해죄와 강도강간미수죄가 상장적경함범으로 처벌되는 경우, 중한 죄인 강도강간행위가 미수이어서 미수감경을 함에 있어서는 경한 죄인 강도상해죄의 법정형기 이상의 범위에서 감경을 하여야 하는가?",
      "answer": "긍정"
    }
  ],
  "Summary": [
    {
      "summ_contxt": "피고인에 대한 범죄사실과 이에 대한 증거는 원심이 판시한 바와 같으므로 이를 그대로 인용한다.\n법률에 비추건대, 피고인의 판시소위중 강도상해의 점은 형법 제337조에, 강도강간미수의 점은 형법 제342조, 제339조에 각 해당하나, 이는 1개의 행위가 2개의 죄명에 해당하는 경우이므로 형법 제40조, 제50조에 의하여 형이 무거운 강도강간미수죄에 정한 형으로 처벌하기로 하여 소정형중 유기징역형을 선택하고, 피고인에게는 판시 첫머리 기재의 전과가 있으므로 형법 제35조에 의하여 형법 제42조 단서의 제한내에서 누범가중을 하되, 위 강도강간행위가 미수에 그쳤으므로 형법 제25조 제2항, 제55조 제1항 제3호에 의하여 강도상해죄의 법정형기범위내에서 법률상 감경을 하고, 피고인에게는 그 외에도 위 파기이유에서 본 바와 같이 그 정상에 참작할 사유가 있으므로 형법 제53조, 제55조 제1항 제3호, 제2항에 의하여 작량감경한 형기 범위내에서 피고인을 징역 4년에 처하고, 형법 제57조에 의하여 원판결선고전의 구금일수중 75일을 위 형에 산입한다.",
      "summ_pass": "형이 무거운 강도강간미수죄에 정한 형으로 처벌하기로 하여 소정형중 유기징역형을 선택하고, 피고인에게는 판시 첫머리 기재의 전과가 있으므로 형법 제35조에 의하여 형법 제42조 단서의 제한내에서 누범가중을 하되, 위 강도강간행위가 미수에 그쳤으므로 형법 제25조 제2항, 제55조 제1항 제3호에 의하여 강도상해죄의 법정형기범위내에서 법률상 감경을 한다."
    }
  ],
  "keyword_tagg": [
    {
      "id": 1,
      "keyword": "누범가중"
    },
    {
      "id": 2,
      "keyword": "법정형기범위"
    },
    {
      "id": 3,
      "keyword": "법률상 감경"
    },
    {
      "id": 4,
      "keyword": "강도상해"
    }
  ],
  "Reference_info": {
    "reference_rules": "형법 제40조, 제337조, 제339조, 제342조",
    "reference_court_case": ""
  },
  "Class_info": {
    "class_name": "형사A(생활형)",
    "instance_name": "강도"
  }
}