{
  "info": {
    "id": 38017771,
    "dataType": "판결문",
    "caseNm": "무고",
    "caseTitle": "대법원 1985. 12. 10. 선고 85도2213 판결",
    "courtType": "판례(대법원)",
    "courtNm": "대법원",
    "judmnAdjuDe": "1985-12-10",
    "caseNoID": "85도2213",
    "caseNo": "85도2213"
  },
  "jdgmn": "무고죄에 있어 신고사실의 허위성의 입증정도",
  "jdgmnInfo": [
    {
      "question": "무고죄에 있어서는 그 신고내용의 진실성을 인정하기에 넉넉하냐의 여부를 따질 것이 아니라 신고사실의 허위성을 따져 이를 단정하기에 부족함이 없다면 죄가 성립하는가?",
      "answer": "긍정"
    }
  ],
  "Summary": [
    {
      "summ_contxt": "무고죄에 있어서는 그 신고내용의 진실성을 인정하기에 넉넉하냐의 여부를 따질 것이 아니라 신고사실의 허위성을 따져 이를 단정하기에 부족함이 없다면 죄가 성립한다고 할 것이므로 제1심판결 거시증거에 의하여 피고인이 공소외1과 간통한 사실이 없음에도 불구하고 공소외2가 피고인과 공소외 1을 간통죄로 고소하였으니 이를 처벌하여 달라는 피고인이 서울지방검찰청 동부지청에 공소외 2를 상대로 고소한 신고내용의 허위임을 인정하기에 넉넉하므로 이 신고내용의 진실임을 내세워 원심조치를 비난하는 소론논지는 그 이유가 없다.",
      "summ_pass": "무고죄에 있어서는 그 신고내용의 진실성을 인정하기에 넉넉하냐의 여부를 따질 것이 아니라 신고사실의 허위성을 따져 이를 단정하기에 부족함이 없다면 죄가 성립한다고 할 것이다."
    }
  ],
  "keyword_tagg": [
    {
      "id": 1,
      "keyword": "무고"
    },
    {
      "id": 2,
      "keyword": "신고내용"
    },
    {
      "id": 3,
      "keyword": "진실성"
    },
    {
      "id": 4,
      "keyword": "신고사실"
    },
    {
      "id": 5,
      "keyword": "허위성"
    }
  ],
  "Reference_info": {
    "reference_rules": "형법 제156조",
    "reference_court_case": ""
  },
  "Class_info": {
    "class_name": "형사A(생활형)",
    "instance_name": "무고"
  }
}