{
  "info": {
    "id": 38016337,
    "dataType": "판결문",
    "caseNm": "재심청구기각결정에대한재항고",
    "caseTitle": "대법원 1985. 7. 26.자 85모14 결정",
    "courtType": "판례(대법원)",
    "courtNm": "대법원",
    "judmnAdjuDe": "1985-07-26",
    "caseNoID": "85모14",
    "caseNo": "85모14"
  },
  "jdgmn": "공동피고인 중 1인이 자기범죄로 조사를 받는 과정에서 사법경찰관 및 검사의 심문에 따라 다른 공동피고인의 범죄사실을 허위로 진술한 경우와 무고죄의 성부",
  "jdgmnInfo": [
    {
      "question": "공동피고인 중 1인이 자기범죄로 조사를 받는 과정에서 사법경찰관 및 검사의 심문에 따라 다른 공동피고인의 범죄사실을 허위로 진술한 경우 무고죄가 성립하는가?",
      "answer": "부정"
    }
  ],
  "Summary": [
    {
      "summ_contxt": "무고죄는 당국의 추문을 받음이 없이 자진하여 타인으로 하여금 형사처분 또는 징계처분을 받게 할 목적으로 공무소 또는 공무원에 대하여 허위의 사실을 신고한 경우에 한하여 성립되는 것이라고 할 것인바, 일건기록에 의하면 위 홍○○은 사기 등의 죄로 경찰에 구속된 뒤 그 범행경위에 대한 조사를 받는 과정에서 사법경찰관 사무취급 및 검사의 신문에 따라 피고인의 본건 범죄사실을 진술한 것임이 분명하므로, 가사 위 홍○○의 진술내용이 허위라고 하더라도 이를 무고라고는 할 수 없는 것 이어서 재항고인이 주장하는 사유는 형사소송법 제420조 제3호 소정의 재심사유에 해당하지 않으므로 같은 취지로 재심청구를 기각한 원심조치는 정당하고 재항고는 그 이유가 없다.",
      "summ_pass": "무고죄는 당국의 추문을 받음이 없이 자진하여 타인으로 하여금 형사처분 또는 징계처분을 받게 할 목적으로 공무소 또는 공무원에 대하여 허위의 사실을 신고한 경우에 한하여 성립되는 것이므로 홍○○이 사기 등의 죄로 경찰에 구속된 뒤 그 범행경위에 대한 조사를 받는 과정에서 사법경찰관 및 검사의 심문에 따라 피고인의 범죄사실을 허위로 진술한 경우 무고죄가 성립하지 않는다."
    }
  ],
  "keyword_tagg": [
    {
      "id": 1,
      "keyword": "무고"
    },
    {
      "id": 2,
      "keyword": "허위의 사실"
    },
    {
      "id": 3,
      "keyword": "진술"
    },
    {
      "id": 4,
      "keyword": "조사"
    }
  ],
  "Reference_info": {
    "reference_rules": "형법 제156조",
    "reference_court_case": "대법원 1961. 12. 14. 선고 4294형상273 판결"
  },
  "Class_info": {
    "class_name": "형사A(생활형)",
    "instance_name": "무고"
  }
}