{
  "info": {
    "id": 38016594,
    "dataType": "판결문",
    "caseNm": "강도상해",
    "caseTitle": "대법원 1985. 9. 24. 선고 85도1686 판결",
    "courtType": "판례(대법원)",
    "courtNm": "대법원",
    "judmnAdjuDe": "1985-09-24",
    "caseNoID": "85도1686",
    "caseNo": "85도1686"
  },
  "jdgmn": "가. 포괄일죄가 성립하는 경우\n나. 특수강도의 상습범에 대한 가중처벌규정인 특정범죄가중처벌등에 관한 법률 제5조의 4 제1항 위반죄의 확정판결의 기판력이 강도상해죄에 미치는 여부\n다. 강도의 공범중 1인의 행위로 상해의 결과가 발생한 경우, 나머지 공범에 대한 죄책",
  "jdgmnInfo": [
    {
      "question": "강도상해죄와 특수강도죄를 같은 구성 요건 해당 행위로 특수강도의 상습범에 대한 가중처벌규정인 특정범죄가중처벌등에 관한 법률 제5조의 4 제1항 위반죄의 확정판결의 기판력이 강도상해죄에 미치는가?",
      "answer": "부정"
    }
  ],
  "Summary": [
    {
      "summ_contxt": "원심판결을 파기하고 형법상의 특수강도죄로 각 징역 4년의 선고를 하고 그 무렵 그 형이 확정되었으며 피고인등의 이 사건 강도상해죄는 각 위 확정판결 선고전인 1982. 3. 29. 범하여진 것이나 강도상해죄와 특수강도죄는 그 구성요건 해당 행위가 각기 상이할 뿐만 아니라 강도상해죄에 관한 형법규정에는 같은 강도, 특수강도, 약취강도, 해상강도등의 죄와는 달리 상습범가중규정을 두고 있지 아니하므로 특수강도의 상습범에 대한 가중처벌을 규정한 특정범죄가중처벌등에 관한 법률 제5조의 4 제1항 위반의 죄 (피고인 2, 3에 대하여는 위와 같이 상습성을 인정하지 아니하였고 상습성을 인정하였다 하더라도 결론을 달리할 이유가 없다)와 이 사건 강도상해죄는 포괄1죄의 관계에 있지 않고 따라서 위 각 확정판결의 기판력이 이 사건 강도상해죄에 미친다고 할 수 없으므로 강도상해죄의 포괄 1죄에 관한 법리오해와 의률착오 내지 심리미진등을 들어 원심판결을 비난하는 이 점에 관한 상고논지는 그 이유가 없다고 하겠다.",
      "summ_pass": "따라서 위 각 확정판결의 기판력이 이 사건 강도상해죄에 미친다고 할 수 없으므로 강도상해죄의 포괄 1죄에 관한 법리오해와 의률착오 내지 심리미진등을 들어 원심판결을 비난하는 이 점에 관한 상고논지는 그 이유가 없다고 하겠다."
    }
  ],
  "keyword_tagg": [
    {
      "id": 1,
      "keyword": "강도상해"
    }
  ],
  "Reference_info": {
    "reference_rules": "가.나. 형법 제37조 나. 제326조 다. 제30조, 형법 제337조",
    "reference_court_case": "대법원 1984. 2. 28. 선고 83도3321 판결"
  },
  "Class_info": {
    "class_name": "형사A(생활형)",
    "instance_name": "강도"
  }
}