{
  "info": {
    "id": 38016349,
    "dataType": "판결문",
    "caseNm": "사기",
    "caseTitle": "대법원 1985. 7. 9. 선고 85도1034 판결",
    "courtType": "판례(대법원)",
    "courtNm": "대법원",
    "judmnAdjuDe": "1985-07-09",
    "caseNoID": "85도1034",
    "caseNo": "85도1034"
  },
  "jdgmn": "저당권으로 담보되는 채무를 대위변제한 자가 저당권자의 명의로 채권계산서를 제출하여 우선변제를 받은 경우, 사기죄의 성부(소극)",
  "jdgmnInfo": [
    {
      "question": "저당권으로 담보되는 채무를 대위변제한 자가 저당권자의 명의로 채권계산서를 제출하여 우선변제를 받은 경우, 사기죄가 성립하는가?",
      "answer": "부정"
    }
  ],
  "Summary": [
    {
      "summ_contxt": "원심이 인용한 제1심판결의 거시증거와 기록에 의하면, 피고인이 1번 근저당채권자인 공소외 정○○, 안○○에 대한 채무를 변제하게 된 것은 채무자인 김○○가 위 채무를 변제하지 못하고 위 채권자들은 그들의 채권관계를 알선한 피고인에게 변제독촉을 하므로 피고인이 채무자인 김○○의 승낙을 얻어 공소외 박○○으로부터 금 900만 원을 차용하여 위 정○○, 안○○에 대한 채무 800만 원을 대신변제하고, 그들 명의의 1번 근저당권설정등기를 그 대로 남겨둔 채 그들로부터 차용증서, 약속어음, 근저당설정계약서 및 그 등기권리증만을 교부받고, 나머지 100만 원을 위 김○○에게 주고 위 900만 원에 대한 선이자 100만 원을 합한 200만 원에 대하여 위 박○○의 양해하에 동인명의로 채권최고액 320만 원의 2번 근저당권설정등기를 경료하여준 사실이 인정되는바 그렇다면 피고인은 위 김○○의 정○○, 안○○에 대한 1번 근저당채무 800만 원을 직접 대위변제하였거나 적어도 공소외 박○○으로 하여금 위 채무를 대위변제케 한 것이라 할 것이고, 타인의 채무를 대위변제한 경우에는 그 채무를 위한 담보권은 당연히 소멸되는 것이 아니고 대위변제한 자가 채권자를 대위하여 그 담보권에 기하여 우선변제를 받는 것이므로, 피고인과 공소외 박○○이 1번 근저당채무의 대위변제자로서 원심판시와 같이 2번 근저당권의 실행으로 인한 판시 경락 대금 중에서 선순위 근저당권자인 정○○, 안○○을 대위하여 우선변제를 받는 것은 정당하고 그 과정에 있어서 민법상 변제자대위의 방식에 의하지 아니하고 선순위 근저당권자인 위 정○○, 안○○이 직접 우선변제를 받는 것 같이 그들 명의로 채권계산서를 제출하여 우선배당금을 수령하였다 하더라도, 실질적으로 위 우선배당금을 받을 권리가 있는 이상, 피고인이나 위 박○○에게 타인의 재물을 편취할 범의가 있었다고는 볼 수 없다 할 것이다.",
      "summ_pass": "피고인과 공소외 박○○이 1번 근저당채무의 대위변제자로서 원심판시와 같이 2번 근저당권의 실행으로 인한 판시 경락 대금중에서 선순위 근저당권자인 정○○, 안○○을 대위하여 우선변제를 받는 것은 정당하고 그 과정에 있어서 민법상 변제자대위의 방식에 의하지 아니하고 선순위 근저당권자인 위 정○○, 안○○이 직접 우선변제를 받는 것 같이 그들 명의로 채권계산서를 제출하여 우선배당금을 수령하였다 하더라도, 실질적으로 위 우선배당금을 받을 권리가 있는 이상, 피고인이나 위 박○○에게 타인의 재물을 편취할 범의가 있었다고는 볼 수 없다 할 것이다."
    }
  ],
  "keyword_tagg": [
    {
      "id": 1,
      "keyword": "근저당채무"
    },
    {
      "id": 2,
      "keyword": "대위변제"
    },
    {
      "id": 3,
      "keyword": "편취"
    },
    {
      "id": 4,
      "keyword": "범의"
    }
  ],
  "Reference_info": {
    "reference_rules": "형법 제347조",
    "reference_court_case": ""
  },
  "Class_info": {
    "class_name": "형사A(생활형)",
    "instance_name": "사기"
  }
}