{
  "info": {
    "id": 38016325,
    "dataType": "판결문",
    "caseNm": "간통",
    "caseTitle": "대법원 1985. 8. 20. 선고 85도1171 판결",
    "courtType": "판례(대법원)",
    "courtNm": "대법원",
    "judmnAdjuDe": "1985-08-20",
    "caseNoID": "85도1171",
    "caseNo": "85도1171"
  },
  "jdgmn": "공소제기된 수 개의 간통행위 중 일부 간통행위에 대하여만 고소가 있는 경우, 위 고소의 효력이 미치는 범위",
  "jdgmnInfo": [
    {
      "question": "공소제기된 수 개의 간통행위 중 그 일부 간통행위에 대하여만 배우자의 고소가 있고 다른 일부 간통행위에 대하여 그 고소가 없는 경우에 위 고소는 고소 제기가 없는 간통행위에 대하여 효력을 미칠 수 있는가?",
      "answer": "부정"
    }
  ],
  "Summary": [
    {
      "summ_contxt": "형법 제241조의 간통죄는 각 성교행위마다 1개의 간통죄가 성립하는 것이고, 또 고소는 고소인이 일정한 범죄사실을 수사기관에 신고하여 범인의 처벌을 구하는 의사표시로서 그 고소한 범죄사실이 특정되어야 할 것임은 당연한 것인즉, 공소제기된 수개의 간통행위중 그 일부 간통행위에 대하여만 배우자의 고소가 있고 다른 일부 간통행위에 대하여 그 고소가 없는 경우에 위 고소는 고소제기가 없는 간통행위에 대하여는 그 효력을 미칠수 없다 할 것이다.\n원심은 이와 같은 취지에서 피고인에 대한 이 사건 공소사실중 1982. 12. 5. 간통사실에 대하여는 배우자의 고소가 없다는 이유로 공소기각의 판결을 선고한 제1심 판결을 유지한 원심의 조치는 정당하고 거기에 소론과 같은 법리오해의 위법이 있다고는 할 수 없다. 논지는 이유 없다.",
      "summ_pass": "공소제기된 수 개의 간통행위 중 그 일부 간통행위에 대하여만 배우자의 고소가 있고 다른 일부 간통행위에 대하여 그 고소가 없는 경우에 위 고소는 고소 제기가 없는 간통행위에 대하여 효력을 미칠 수 없으므로, 공소사실중 1982. 12. 5. 간통사실에 대하여는 배우자의 고소가 없다는 이유로 공소기각의 판결을 선고한 제1심 판결을 유지한 원심의 조치는 정당하다."
    }
  ],
  "keyword_tagg": [
    {
      "id": 1,
      "keyword": "간통"
    },
    {
      "id": 2,
      "keyword": "고소"
    },
    {
      "id": 3,
      "keyword": "공소제기"
    }
  ],
  "Reference_info": {
    "reference_rules": "형법 제241조, 형사소송법 제229조",
    "reference_court_case": "대법원 1980. 8. 26. 선고 80도1310 판결"
  },
  "Class_info": {
    "class_name": "형사A(생활형)",
    "instance_name": "간통"
  }
}