{
  "info": {
    "id": 38017359,
    "dataType": "판결문",
    "caseNm": "공정증서원본불실기재·공정증서원본불실기재행사",
    "caseTitle": "대법원 1985. 5. 14. 선고 85도488 판결",
    "courtType": "판례(대법원)",
    "courtNm": "대법원",
    "judmnAdjuDe": "1985-05-14",
    "caseNoID": "85도488",
    "caseNo": "85도488"
  },
  "jdgmn": "1인 회사의 1인 주주가 상법 소정의 절차를 거치지 않고 임원개편등기를 한 경우, 공정증서원본불실기재죄의 성부",
  "jdgmnInfo": [
    {
      "question": "1인 회사의 1인 주주가 상법 소정의 절차를 거치지 않고 임원개편등기를 한 경우, 공정증서원본불실기재죄가 성립하는가?",
      "answer": "부정"
    }
  ],
  "Summary": [
    {
      "summ_contxt": "1인 주주인 위 김○○의 의사에 따라 소집개최된 이 사건 1982. 12. 10. 임시주주총회가 비록 소집권자에 의하여 소집되지 아니하고 명의상 주주 아닌 자가 참석하는 등 상법소정의 절차를 거치지 아니한 흠이 있다고 하여도 그와 같은 사항을 법인등기부에 등재케 한 것이 공정증서원본에 불실의 사실을 기재케 한 것이라고는 볼 수 없다. 상고를 기각한다.",
      "summ_pass": "소집권자에 의하여 소집되지 아니하고 명의상 주주 아닌 자가 참석하는 등 상법소정의 절차를 거치지 아니한 흠이 있다고 하여도 그와 같은 사항을 법인등기부에 등재케 한 것이 공정증서원본에 불실의 사실을 기재케 한 것이라고는 볼 수 없다. 상고를 기각한다."
    }
  ],
  "keyword_tagg": [
    {
      "id": 1,
      "keyword": "임시주주총회"
    },
    {
      "id": 2,
      "keyword": "불실의 사실"
    }
  ],
  "Reference_info": {
    "reference_rules": "형법 제228조",
    "reference_court_case": "대법원 1979. 12. 28. 선고 79도884 판결"
  },
  "Class_info": {
    "class_name": "형사A(생활형)",
    "instance_name": "공문서/사문서"
  }
}