{
  "info": {
    "id": 38017942,
    "dataType": "판결문",
    "caseNm": "절도",
    "caseTitle": "대법원 1985. 11. 26. 선고 85도1487 판결",
    "courtType": "판례(대법원)",
    "courtNm": "대법원",
    "judmnAdjuDe": "1985-11-26",
    "caseNoID": "85도1487",
    "caseNo": "85도1487"
  },
  "jdgmn": "동거중인 피해자의 지갑에서 현금을 꺼내 가는 것을 피해자가 목격하고서도 만류하지 않은 경우, 절도죄의 성부",
  "jdgmnInfo": [
    {
      "question": "피고인이 동거중인 피해자의 지갑에서 현금을 꺼내가는 것을 피해자가 현장에서 목격하고도 만류하지 아니하였다면 피해자가 이를 허용하는 묵시적 의사가 있었다고 봄이 상당하여 이는 절도죄를 구성하는가?",
      "answer": "부정"
    }
  ],
  "Summary": [
    {
      "summ_contxt": "절도죄는 타인이 점유하는 재물을 절취하는 행위 즉 점유자의 의사에 의하지 아니하고 그 점유를 취득함으로 성립하는 범죄인바, 기록에 의하여 인정되는 피해자는 당시 피고인과 동거중에 있었고 피고인이 돈 60,000원을 지갑에서 꺼내 가는 것을 피해자가 현장에서 이를 목격하고도 만류하지 아니한 사정등에 비추어 볼 때 피해자가 이를 허용하는 묵시적 의사가 있었다고 봄이 상당하고 달리 소론이 지적하는 증거들만으로는 피고인이 위 돈 60,000원을 절취하였다고 인정하기에는 부족하다 할 것이다. 원심이 이와 같은 취지에서 절도의 공소사실에 관하여 범죄의 증명이 없다 하여 무죄를 선고한 제1심판결을 유지한 조치는 정당하고 거기에 소론과 같은 위법이 있다고는 할 수 없다.",
      "summ_pass": "기록에 의하여 인정되는 피해자는 당시 피고인과 동거중에 있었고 피고인이 돈 60,000원을 지갑에서 꺼내 가는 것을 피해자가 현장에서 이를 목격하고도 만류하지 아니한 사정등에 비추어 볼 때 피해자가 이를 허용하는 묵시적 의사가 있었다고 봄이 상당하다."
    }
  ],
  "keyword_tagg": [
    {
      "id": 1,
      "keyword": "절도"
    },
    {
      "id": 2,
      "keyword": "동거"
    }
  ],
  "Reference_info": {
    "reference_rules": "형법 제329조",
    "reference_court_case": ""
  },
  "Class_info": {
    "class_name": "형사A(생활형)",
    "instance_name": "절도"
  }
}