{
  "info": {
    "id": 38016306,
    "dataType": "판결문",
    "caseNm": "강간치상",
    "caseTitle": "대법원 1985. 10. 8. 선고 85도1537 판결",
    "courtType": "판례(대법원)",
    "courtNm": "대법원",
    "judmnAdjuDe": "1985-10-08",
    "caseNoID": "85도1537",
    "caseNo": "85도1537"
  },
  "jdgmn": "상해의 결과를 예견할 수 없어 강간치상죄로 처단할 수 없다고 판단한 사례",
  "jdgmnInfo": [
    {
      "question": "피고인과 피해자가 여관에 투숙하여 별다른 저항이나 마찰 없이 성행위를 한 후, 피고인이 잠시 방밖으로 나간 사이에 피해자가 방문을 안에서 잠그고 구내전화를 통하여 여관종업원에게 구조요청까지 한 후라면 강간치상죄가 되는가?",
      "answer": "부정"
    }
  ],
  "Summary": [
    {
      "summ_contxt": "그러나 결과로 인하여 형이 중한 죄에 있어서 그 결과의 발생을 예견할 수 없었을 때에는 중한 죄로 벌할 수 없는 것인바(형법 제15조 제2항) 이 건에 있어서 원판시 피해자가 3층에 있는 원판시 여관방의 창문을 넘어 탈출하다가 상해를 입기전까지의 상황이 원심이 판시한 바와 같이 피고인과 피해자가 원심판시와 같은 경위로 그 판시 여관방에 투숙하여 별다른 저항이나 마찰없이 성행위를 한 후 그 판시와 같은 경위로 피고인이 방 밖으로 나간 사이에 피해자가 방문을 안에서 잠그고 구내전화를 통하여 여관종업원에게 구조요청까지 한 후라면 (여관종업원 김○○가 전화통화 후 즉시 위 방문앞까지 온 사실은 기록상 명백하다) 일반경험칙상 이러한 상황 아래에서 피해자가 피고인의 방문 흔드는 소리에 겁을 먹고 강간을 모면하기 위하여 3층에서 창문을 넘어 탈출하다가 상해를 입을 것이라고 예견할 수는 없다 할 것이고 기록을 살펴보아도 피고인이 이 사건 당시 피해자가 피고인의 행위에 겁을 먹고 강간을 모면하기 위하여 창문을 통하여 탈출하다가 상해를 입을 것이라는 것을 예견하였거나 예견할 수 있었다고 볼 자료를 발견할 수 없다. 원심이 그 판시 증거만에 의하여 피고인이 이 사건 당시 피해자의 원판시 상해를 예견하였거나 예견할 수 있었다고 인정하여 강간치상죄로 처단한 것은 결과적 가중범에 관한 법리를 오해하였거나 채증법칙을 위배한 위법이 있다 할 것이고 이 점을 지적하는 논지는 이유 있다.",
      "summ_pass": "원심이 그 판시 증거만에 의하여 피고인이 이 사건 당시 피해자의 원판시 상해를 예견하였거나 예견할 수 있었다고 인정하여 강간치상죄로 처단한 것은 결과적 가중범에 관한 법리를 오해하였거나 채증법칙을 위배한 위법이 있다 할 것이고 이 점을 지적하는 논지는 이유 있다."
    }
  ],
  "keyword_tagg": [
    {
      "id": 1,
      "keyword": "강간치상"
    },
    {
      "id": 2,
      "keyword": "결과적 가중범"
    }
  ],
  "Reference_info": {
    "reference_rules": "형법 제15조 제2항, 제301조",
    "reference_court_case": ""
  },
  "Class_info": {
    "class_name": "형사A(생활형)",
    "instance_name": "강간"
  }
}