{
  "info": {
    "id": 38016423,
    "dataType": "판결문",
    "caseNm": "허위공문서작성·허위공문서작성행사",
    "caseTitle": "대법원 1985. 6. 25. 선고 85도758 판결",
    "courtType": "판례(대법원)",
    "courtNm": "대법원",
    "judmnAdjuDe": "1985-06-25",
    "caseNoID": "85도758",
    "caseNo": "85도758"
  },
  "jdgmn": "가. 형법상 문서에 관한 죄에 있어서의 문서의 개념\n나. 인감증명서를 발부하는 공무원이 대리인에 의한 신청임에도 본인이 직접 신청하는 것으로 기재한 경우, 허위공문서작성죄의 성부(적극)",
  "jdgmnInfo": [
    {
      "question": "인감증명서를 발부하는 공무원이 대리인에 의한 신청임에도 본인이 직접 신청하는 것으로 기재한 경우, 허위공문서작성죄가 성립하는가?",
      "answer": "긍정"
    }
  ],
  "Summary": [
    {
      "summ_contxt": "형법상 문서에 관한 죄에 있어서 문서라 함은 문자 또는 이에 대신할 수 있는 가독적 부호로 계속적으로 물체상에 기재된 의사 또는 관념의 표시로서 그 내용은 법률상, 사회생활상 주요사항에 관한 증거로 될 수 있는 것을 말하며 공문서허위작성죄에 있어서 허위라 함은 표시된 내용과 진실이 부합하지 아니하여 그 문서에 대한 공공의 신용을 위태롭게 하는 경우를 말하는 바 작성권한있는 공무원이 인감증명서를 발행함에 있어 인감증명서의 인적사항과 인감 및 그 용도를 일치하게 기재하였어도 본인이 아닌 대리인에 의한 신청임에도 그 증명서의 본인란에 O표를 하였다면 그 사항에 관하여는 허위기재한 것으로 보아야 할 것이다. 그 이유는 인감증명서를 발부함에 있어서 증명청은 본인 또는 대리인에 의한 신청을 확인하도록 하고 있고 인감증명서 자체에도 이를 각각 구별하여 표시하도록 되어 있는 인감증명법시행령 제13조의 법의와 인감증명서는 각종의 법률적 행위 등에 있어서 본인인 여부 및 본인의 진정한 의사인 여부를 확인케 하는데 일반적으로 사용되는 만큼 그 인감증명서가 본인 또는 대리인중 누구의 신청에 의하여 발행된 문서이냐 하는 점 역시 그 증명력을 담보함에 필요한 사항이라 할 것이므로 원판시와 같이 대리인의 신청에 의한 것을 본인의 신청에 의한 것으로 허위기재되었다면 그 인감증명서의 공공의 신용을 해할 위험이 있기 때문이다.",
      "summ_pass": "공문서허위작성죄에 있어서 허위라 함은 표시된 내용과 진실이 부합하지 아니하여 그 문서에 대한 공공의 신용을 위태롭게 하는 경우를 말하는 바 작성권한있는 공무원이 인감증명서를 발행함에 있어 본인이 아닌 대리인에 의한 신청임에도 본인의 신청에 의한 것으로 허위기재되었다면 그 인감증명서의 공공의 신용을 해할 위험이 있으므로 그 사항에 관하여는 허위기재한 것으로 보아야 한다."
    }
  ],
  "keyword_tagg": [
    {
      "id": 1,
      "keyword": "공문서허위작성죄"
    },
    {
      "id": 2,
      "keyword": "허위"
    },
    {
      "id": 3,
      "keyword": "공공의 신용"
    }
  ],
  "Reference_info": {
    "reference_rules": "형법 제227조",
    "reference_court_case": ""
  },
  "Class_info": {
    "class_name": "형사A(생활형)",
    "instance_name": "공문서/사문서"
  }
}