{
  "info": {
    "id": 38015971,
    "dataType": "판결문",
    "caseNm": "특정범죄가중처벌등에관한법률위반(도주차량)등피고사건",
    "caseTitle": "서울고등법원 1986. 3. 21. 선고 85노3721 제3형사부판결 : 확정",
    "courtType": "판례(하급심)",
    "courtNm": "서울고등법원",
    "judmnAdjuDe": "1986-03-21",
    "caseNoID": "85노3721",
    "caseNo": "85노3721"
  },
  "jdgmn": "가. 차량운전자가 업무상 과실로 사람을 치상케 함과 동시에 재물을 손괴하고 구호조치없이 도주한 경우의 죄수\n나. 운전면허없는 자가 음주운전을 한 경우의 죄수",
  "jdgmnInfo": [
    {
      "question": "차량운전자가 업무상 과실로 사람을 치상케 함과 동시에 재물을 손괴하고 구호조치없이 도주하였을 경우에는 재물손괴행위와 구호조치없이 도주한 행위는 별개의 행위로서 2개의 행위가 존재한다고 할 것이므로 재물손괴의 도로교통법위반죄와 특정범죄가중처벌등에 관한 법률위반(도주차량)죄는 실체적 경합범의 관계에 있다고 할 수 있는가?",
      "answer": "긍정"
    }
  ],
  "Summary": [
    {
      "summ_contxt": "피고인이 업무상과실치상후 도주한 점(특정범죄가중처벌에 관한 법률위반의 점)과 재물손괴의 점은 피해자별로 각1개의 행위가 2개의 죄명에 해당하는 상상적 경합관계에 있는 것으로 인정판시하는 한편, 이 사건 무면허운전의 죄와 음주운전의 죄 및 위 특정범죄가중처벌등에 관한 법률위반죄를 실체적 경합범의 관계에 있는 것으로 인정판시하였는바, 차량운전자가 운전중 사람을 다치게 함과 동시에 그로 인하여 재물을 손괴하였을 경우에는 업무상과실치상의 점과 재물손괴의 점만을 분리하여 보면, 1개의 행위가 수개의 죄명에 해당하는 상상적 경합관계에 있다고 할 것이나 특정범죄가중처벌등에 관한 법률위반(도주차량)죄에 있어서는 업무상과실로 사람을 치사상케 한 운전자가 그 행위의 주체가 되는 것이고 그 죄에 있어서 구성요건에 해당하는 행위는 \"피해자에 대한 구호조치없이 도주한 행위\"이므로 차량운전자가 업무상과실로 사람을 치상케 함과 동시에 재물을 손괴하고 구호조치없이 도주하였을 경우에는 재물손괴행위와 구호조치없이 도주한 행위는 별개의 행위로서 2개의 행위가 존재한다고 할 것이고 보면 재물손괴의 도로교통법위반죄와 특정범죄가중처벌등에 관한 법률위반(도주차량)죄는 실체적 경합범의 관계에 있다」고 할 것임에도 불구하고 이와 달리 이를 상상적 경합의 관계에 있는 것으로 인정판시한 원심판결은 죄수 및 실체적 경합범에 관한 법리를 오해하여 법률적용을 그르침으로써 판결에 영향을 미친 위법을 범하였다고 할 것이고, 또한 \"차량운전자가 운전면허없이 주취상태에서 차량을 운전한 경우에는 운전면허가 없다는 점과 주취상태에 있다는 것은 차량운전자의 속성에 불과하고 1개의 차량운전행위만이 존재한다고 할 것이어서 무면허운전의 죄와 음주운전의 죄는 1개의 행위가 동시에 수개의 죄명에 해당하는 경우, 즉 상상적 경합의 관계에 있다\"고 할 것이다.",
      "summ_pass": "이를 상상적 경합의 관계에 있는 것으로 인정판시한 원심판결은 죄수 및 실체적 경합범에 관한 법리를 오해하여 법률적용을 그르침으로써 판결에 영향을 미친 위법을 범하였다고 할 것이고, 또한 「차량운전자가 운전면허없이 주취상태에서 차량을 운전한 경우에는 운전면허가 없다는 점과 주취상태에 있다는 것은 차량운전자의 속성에 불과하고 1개의 차량운전행위만이 존재한다고 할 것이어서 무면허운전의 죄와 음주운전의 죄는 1개의 행위가 동시에 수개의 죄명에 해당하는 경우, 즉 상상적 경합의 관계에 있다」고 할 것이다."
    }
  ],
  "keyword_tagg": [
    {
      "id": 1,
      "keyword": "도주"
    },
    {
      "id": 2,
      "keyword": "재물손괴"
    },
    {
      "id": 3,
      "keyword": "상상적 경합관계"
    },
    {
      "id": 4,
      "keyword": "무면허운전"
    },
    {
      "id": 5,
      "keyword": "음주운전"
    },
    {
      "id": 6,
      "keyword": "구호조치"
    }
  ],
  "Reference_info": {
    "reference_rules": "형법 제37조, 제40조, 제268조 / 특정범죄가중처벌등에 관한 법률 제5조의 3 / 도로교통법 제68조, 제108조, 제109조",
    "reference_court_case": ""
  },
  "Class_info": {
    "class_name": "형사A(생활형)",
    "instance_name": "특정범죄가중처벌"
  }
}