{
  "info": {
    "id": 38016143,
    "dataType": "판결문",
    "caseNm": "부정수표단속법위반·위조유가증권행사",
    "caseTitle": "대법원 1985. 9. 10. 선고 85도1501 판결",
    "courtType": "판례(대법원)",
    "courtNm": "대법원",
    "judmnAdjuDe": "1985-09-10",
    "caseNoID": "85도1501",
    "caseNo": "85도1501"
  },
  "jdgmn": "발행인의 날인 없는 가계수표위조행위와 부정수표단속법 제5조 소정의 수표위조죄의 성부",
  "jdgmnInfo": [
    {
      "question": "위조한 가계수표가 발행인의 날인이 없는 것이라면 부정수표단속법 제5조 소정의 수표위조의 책임을 물을 수 있는가?",
      "answer": "부정"
    }
  ],
  "Summary": [
    {
      "summ_contxt": "피고인이 위조행사한 것이라는 김○○ 명의의 가계수표가 원심이 확정한 바와 같이 발행인의 날인이 없는 것이라면 이는 일반인이 진정한 것으로 오신할 정도의 형식과 외관을 갖춘 수표라 할 수 없을 것이다. 같은 취지에서 피고의 소위를 부정수표단속법상의 수표위조의 기수가 된다고 볼 수 없다고 한 원심판단은 정당하고 거기에 소론과 같은 부정수표단속법상의 수표위조에 관한 법리를 오해한 위법이 없으므로 논지는 이유 없다.\n따라서 상고를 기각하기로 하여 관여 법관의 일치된 의견으로 주문과 같이 판결한다.",
      "summ_pass": "피고인이 위조행사한 것이라는 가계수표가 발행인의 날인이 없는 것이라면 이는 일반인이 진정한 것으로 오신할 정도의 형식과 외관을 갖춘 수표라 할 수 없어 부정수표단속법 제5조 소정의 수표위조의 책임을 물을 수 없다."
    }
  ],
  "keyword_tagg": [
    {
      "id": 1,
      "keyword": "가계수표"
    },
    {
      "id": 2,
      "keyword": "위조"
    },
    {
      "id": 3,
      "keyword": "발행인"
    },
    {
      "id": 4,
      "keyword": "날인"
    },
    {
      "id": 5,
      "keyword": "수표위조"
    }
  ],
  "Reference_info": {
    "reference_rules": "부정수표단속법 제5조, 형법 제217조",
    "reference_court_case": ""
  },
  "Class_info": {
    "class_name": "형사A(생활형)",
    "instance_name": "수표금"
  }
}