{
  "info": {
    "id": 38016013,
    "dataType": "판결문",
    "caseNm": "사기",
    "caseTitle": "대법원 1986. 3. 11. 선고 85도2815 판결",
    "courtType": "판례(대법원)",
    "courtNm": "대법원",
    "judmnAdjuDe": "1986-03-11",
    "caseNoID": "85도2815",
    "caseNo": "85도2815"
  },
  "jdgmn": "계약금만 지급한 상태에서 토지소유권이전등기를 마친 소위가 편취행위에 해당하는지 여부의 판단기준",
  "jdgmnInfo": [
    {
      "question": "매수인이 계약금만 지급한 상태에서 매도인으로부터 토지에 관한 소유권 이전등기 서류를 교부받아 소유권이전등기를 마친 소위가 편취행위가 되느냐의 여부는 그 후 매수인이 중도금과 잔대금을 지급할 의사와 능력이 없었느냐의 여부에 따라 판단할 수 있는가?",
      "answer": "긍정"
    }
  ],
  "Summary": [
    {
      "summ_contxt": "피고인이 타인으로부터의 차용금만으로 건축사업을 하고 있었다 하더라도 잔대금을 지급할 능력이 없었던 경우라고는 볼 수 없고, 또한 지급할 의사도 있었으나 아파트건설에 소요될 자금조달계획의 차질로 그 약속을 제대로 이행하지 못한 경우라고 인정하기에 충분하다. 달리 제1심판결 인용의 증거를 살펴보아도 피고인에게 잔대금지급의 능력과 의사가 없었던 경우라고 볼만한 자료를 찾아볼 수 없고, 원심판시와 같이 주택은행으로부터의 융자금용도가 주택건설공사대금지급에 한정되어 있었다하여 그 점만으로 피고인에게 사기의 범의가 있었던 것이라고 단정할 수는 없다.\n원심이 피고인에게 잔대금지급 능력이나 그 지급의사가 없었던 경우라고 보아 피고인의 소위를 사기죄로 처단한 제1심판결을 유지한 조처에는 증거없이 유죄로 인정한 위법이 아니면 사기죄의 범의에 관한 법리를 오해한 위법이 있다 하겠으므로 상고논지는 이유있다 하여 원심판결을 파기하고, 사건을 원심법원에 환송하기로 관여법관의 의견이 일치되어 주문과 같이 판결한다.",
      "summ_pass": "원심이 피고인에게 잔대금지급 능력이나 그 지급의사가 없었던 경우라고 보아 피고인의 소위를 사기죄로 처단한 제1심판결을 유지한 조처에는 증거없이 유죄로 인정한 위법이 아니면 사기죄의 범의에 관한 법리를 오해한 위법이 있다 하겠으므로 상고논지는 이유 있다."
    }
  ],
  "keyword_tagg": [
    {
      "id": 1,
      "keyword": "사기"
    },
    {
      "id": 2,
      "keyword": "차용금"
    },
    {
      "id": 3,
      "keyword": "건축사업"
    },
    {
      "id": 4,
      "keyword": "잔대금"
    },
    {
      "id": 5,
      "keyword": "융자금용도"
    }
  ],
  "Reference_info": {
    "reference_rules": "형법 제347조",
    "reference_court_case": ""
  },
  "Class_info": {
    "class_name": "형사A(생활형)",
    "instance_name": "사기"
  }
}