{
  "info": {
    "id": 38016595,
    "dataType": "판결문",
    "caseNm": "배임",
    "caseTitle": "대법원 1985. 9. 24. 선고 85도1444 판결",
    "courtType": "판례(대법원)",
    "courtNm": "대법원",
    "judmnAdjuDe": "1985-09-24",
    "caseNoID": "85도1444",
    "caseNo": "85도1444"
  },
  "jdgmn": "사후에 잔금회수책의 하나로 보관증을 받을 의도로 동업자에게 동업자금의 임의소비를 승낙한 각서의 효력",
  "jdgmnInfo": [
    {
      "question": "매도대금은 피고인이 임의로 소비하여도 좋다는 각서를 요구 조건으로 동업자가 위 현금보관증을 받은 경우, 그 각서는 효력이 있는가?",
      "answer": "부정"
    }
  ],
  "Summary": [
    {
      "summ_contxt": "사정이 이러할진대 위와 같이 아파트 구입자금을 투자한 김○○이 손해를 보면서까지 아파트를 전매하면서 투자를 아니한 피고인에게 아파트 매각잔대금을 임의소비하라고 승낙을 할 리도 없으려니와 임의소비를 승낙하는 각서는 사후에 잔금회수책의 하나로 피고인으로부터 현금보관증을 징수하려는 의도에서 피고인이 요구한 대로 써서 교부한데 불과하다고 할 것이니 이로써 사전사후에 잔금의 사용, 소비를 승낙하였다고 볼 수 없다. 원심판결에는 소론과 같은 채증상의 위법이 있다고 할 수 없으므로 소론은 채택할 바 못된다.",
      "summ_pass": "이로써 사전사후에 잔금의 사용, 소비를 승낙하였다고 볼 수 없다. 원심판결에는 소론과 같은 채증상의 위법이 있다고 할 수 없으므로 소론은 채택할 바 못된다."
    }
  ],
  "keyword_tagg": [
    {
      "id": 1,
      "keyword": "현금보관증"
    },
    {
      "id": 2,
      "keyword": "원심판결"
    }
  ],
  "Reference_info": {
    "reference_rules": "형법 제355조",
    "reference_court_case": ""
  },
  "Class_info": {
    "class_name": "형사A(생활형)",
    "instance_name": "배임"
  }
}