{
  "info": {
    "id": 38016599,
    "dataType": "판결문",
    "caseNm": "뇌물수수",
    "caseTitle": "대법원 1985. 9. 10. 선고 85도1350 판결",
    "courtType": "판례(대법원)",
    "courtNm": "대법원",
    "judmnAdjuDe": "1985-09-10",
    "caseNoID": "85도1350",
    "caseNo": "85도1350"
  },
  "jdgmn": "뇌물로 받은 돈을 은행에 예금하였다가 후에 같은 액수의 돈을 증뢰자에게 반환한 경우, 그 가액의 추징여부(적극)",
  "jdgmnInfo": [
    {
      "question": "뇌물로 받은 돈을 은행에 예금하였다가 후에 같은 액수의 돈을 증뢰자에게 반환한 경우, 그 가액은 추징 대상 인가?",
      "answer": "긍정"
    }
  ],
  "Summary": [
    {
      "summ_contxt": "뇌물로 받은 돈을 은행에 예금한 경우 그 예금행위는 뇌물의 처분행위에 해당한다 할 것이므로 그후 수뢰자가 같은 액수의 돈을 증뢰자에게 반환하였다 하더라도 이를 뇌물자체의 반환이라고 볼 수 없으므로 이러한 경우에는 수뢰자로부터 그 가액을 추징하여야 할 것이므로 원심이 피고인에게 추징을 명한 것은 정당하고 소론과 같이 추징에 관한 법리오해의 위법이 없다.",
      "summ_pass": "이러한 경우에는 수뢰자로부터 그 가액을 추징하여야 할 것이므로 원심이 피고인에게 추징을 명한 것은 정당하고 소론과 같이 추징에 관한 법리오해의 위법이 없다."
    }
  ],
  "keyword_tagg": [
    {
      "id": 1,
      "keyword": "법리오해의 위법"
    },
    {
      "id": 2,
      "keyword": "처분행위"
    }
  ],
  "Reference_info": {
    "reference_rules": "형법 제134조",
    "reference_court_case": "대법원 1978. 9. 12. 선고 78도1844 판결"
  },
  "Class_info": {
    "class_name": "형사A(생활형)",
    "instance_name": "뇌물"
  }
}