{
  "info": {
    "id": 38015927,
    "dataType": "판결문",
    "caseNm": "살인",
    "caseTitle": "대법원 1986. 6. 10. 선고 86도783 판결",
    "courtType": "판례(대법원)",
    "courtNm": "대법원",
    "judmnAdjuDe": "1986-06-10",
    "caseNoID": "86도783",
    "caseNo": "86도783"
  },
  "jdgmn": "살인죄에 있어서의 범의",
  "jdgmnInfo": [
    {
      "question": "살인죄에 있어서의 범의는 행위자가 행위당시에 자기의 행위로 인하여 타인의 생명을 앗는 결과를 발생케 할 가능성 또는 위험이 있음을 인식하거나 예견하면 성립되가?",
      "answer": "긍정"
    }
  ],
  "Summary": [
    {
      "summ_contxt": "피고인에게 고분고분하던 피해자가 반항한다고 격분하여 길이 31센치미터나 되는 식칼을 들고 나와 도망가는 피해자를 쫓아가서 흉대동맥, 폐 및 간부위에 자창상이 생길 정도로 가슴부위를 두번이나 세게 찌른 피고인의 소위는 그 행위당시에 자기의 행위가 피해자의 생명을 앗게 되는 결과를 발생케 할 가능성 또는 위험이 있다는 것을 충분히 인식하거나 예견하고 저지른 소행으로 보기에 넉넉하므로 피고인에게 살인의 범의가 있었다고 인정한 원심 및 제1심판결은 정당하고, 소론과 같이 피고인의 소위가 순간적인 격분에 인한 것이라거나 피고인이 미리 피해자를 살해하기로 결의한 바 없었다하여 살인의 범의가 없었던 경우라고 볼 수 없다.",
      "summ_pass": "피고인의 소위는 그 행위당시에 자기의 행위가 피해자의 생명을 앗게 되는 결과를 발생케 할 가능성 또는 위험이 있다는 것을 충분히 인식하거나 예견하고 저지른 소행으로 보기에 넉넉하므로 피고인에게 살인의 범의가 있었다고 인정된다."
    }
  ],
  "keyword_tagg": [
    {
      "id": 1,
      "keyword": "살인"
    },
    {
      "id": 2,
      "keyword": "반항"
    },
    {
      "id": 3,
      "keyword": "위험"
    },
    {
      "id": 4,
      "keyword": "충분히 인식"
    },
    {
      "id": 5,
      "keyword": "예견"
    }
  ],
  "Reference_info": {
    "reference_rules": "형법 제250조, 제13조",
    "reference_court_case": ""
  },
  "Class_info": {
    "class_name": "형사A(생활형)",
    "instance_name": "살인"
  }
}