{
  "info": {
    "id": 38015966,
    "dataType": "판결문",
    "caseNm": "공무상표시은닉",
    "caseTitle": "대법원 1986. 3. 25. 선고 86도69 판결",
    "courtType": "판례(대법원)",
    "courtNm": "대법원",
    "judmnAdjuDe": "1986-03-25",
    "caseNoID": "86도69",
    "caseNo": "86도69"
  },
  "jdgmn": "압류물을 원래의 보관장소로부터 다른 장소로 이동시킨 경우, 공무상 비밀표시무효죄의 성부",
  "jdgmnInfo": [
    {
      "question": "압류물을 원래의 보관장소로부터 다른 장소로 이동시킨 경우, 공무상 비밀표시무효죄가 성립되는가?",
      "answer": "긍정"
    }
  ],
  "Summary": [
    {
      "summ_contxt": "샘여관에서 압류집행을 하고 그 표시를 한 칼라텔레비젼 1대와 브이.티.알(V.T.R) 녹화기1대를 피고인이 서울 강서구 공항동 210에 있는 에어포트여관으로 옮김으로서 그뒤 위 압류물의 소재불명으로 경매의 집행을 불능케 한 사실을 인정한 다음 이와 같이 고인이 채권자나 집달관 몰래 원래의 보관장소로부터 상당한 거리에 있는 다른 장소로 압류물을 이동시킨 경우에는 설사 피고인이 집행을 면탈할 목적으로 한 것이 아니라 하여도 객관적으로 집행을 현저히 곤란하게 한 것이 되어 형법 제140조 제1항 소정의 \"기타의 방법으로 그 효용을 해한\" 경우에 해당된다고 판시하고 있는바, 원심의 이와 같은 조치는 정당하고 거기에 공무상표시은닉죄의 법리를 오해한 위법을 가려낼 수 없으므로 논지는 이유 없다.",
      "summ_pass": "피고인이 채권자나 집달관 몰래 원래의 보관장소로부터 상당한 거리에 있는 다른 장소로 압류물을 이동시킨 경우에는 설사 피고인이 집행을 면탈할 목적으로 한 것이 아니라 하여도 객관적으로 집행을 현저히 곤란하게 한 것이 되어 형법 제140조 제1항 소정의 \"기타의 법으로 그 효용을 해한\" 경우에 해당된다."
    }
  ],
  "keyword_tagg": [
    {
      "id": 1,
      "keyword": "공무상표시은닉"
    },
    {
      "id": 2,
      "keyword": "압류집행"
    },
    {
      "id": 3,
      "keyword": "압류물의 소재불명"
    },
    {
      "id": 4,
      "keyword": "집달관"
    },
    {
      "id": 5,
      "keyword": "압류물을 이동"
    },
    {
      "id": 6,
      "keyword": "법리 오해"
    }
  ],
  "Reference_info": {
    "reference_rules": "형법 제140조 제1항",
    "reference_court_case": "대법원 1983. 8. 23. 선고 80도1545 판결"
  },
  "Class_info": {
    "class_name": "형사A(생활형)",
    "instance_name": "공무상표시은닉"
  }
}