{
  "info": {
    "id": 38015642,
    "dataType": "판결문",
    "caseNm": "장물취득등피고사건",
    "caseTitle": "서울형사지방법원 1986. 9. 11. 선고 86고합645 제14부판결 : 항소",
    "courtType": "판례(하급심)",
    "courtNm": "서울형사지방법원",
    "judmnAdjuDe": "1986-09-11",
    "caseNoID": "86고합645",
    "caseNo": "86고합645"
  },
  "jdgmn": "본범과 장물인 수표를 위조하기로 공모하고 그 위조를 위해 수표를 교부받은 경우 장물취득죄의 성부",
  "jdgmnInfo": [
    {
      "question": "본범과 장물인 수표를 위조하기로 공모하고 그 위조를 위해 수표를 교부받은 경우 장물취득이라 할 수 있는가?",
      "answer": "부정"
    }
  ],
  "Summary": [
    {
      "summ_contxt": "장물의 취득이라 함은 장물에 관하여 사실상의 처분권을 취득하는 경우를 의미한다 할 것인데 위에서 든 각 증거에 의하면, 피고인이 위 일시장소에서 공소외 1로부터 위 가계수표들을 건네받은 사실은 인정되나, 한편 위 증거들에 의하면 앞의 판시 범죄사실 부분에서 인정한 바와 같이 피고인은 위 일시에 위 다방에서 공소외 1을 만나 공소외 1이 소지하고 있던 위 수표들을 위조하여 함께 사용하기로 상호 공모한 뒤 피고인은 즉석에서 공소외 1로부터 위 수표들을 위조하기 위하여 이를 건네받아 위 판시 제1항 기재와 같이 각 위조한 후 함께 다니며 위 위조한 가계수표들을 사용한 사실을 인정할 수 있다. 그렇다면 피고인이 위 수표들을 공소외 1로부터 건네받은 것은 이를 위조하기 위하여 받은 것에 불과하므로 이러한 사실만으로 피고인이 위 수표들의 사실상의 처분권을 취득하였다고 인정하기는 어렵고 달리 피고인이 위 수표들의 사실상의 처분권을 취득하였다고 인정할 만한 증거가 없어 위 공소사실은 범죄의 증명이 없는 때에 해당하므로 형사소송법 제325조 후단에 의하여 위 공소사실에 대하여 무죄를 선고한다.",
      "summ_pass": "피고인이 위 수표들을 공소외 1로부터 건네받은 것은 이를 위조하기 위하여 받은 것에 불과하므로 이러한 사실만으로 피고인이 위 수표들의 사실상의 처분권을 취득하였다고 인정하기는 어렵고 달리 피고인이 위 수표들의 사실상의 처분권을 취득하였다고 인정할 만한 증거가 없어 위 공소사실은 범죄의 증명이 없는 때에 해당하므로 형사소송법 제325조 후단에 의하여 위 공소사실에 대하여 무죄를 선고한다."
    }
  ],
  "keyword_tagg": [
    {
      "id": 1,
      "keyword": "가계수표"
    },
    {
      "id": 2,
      "keyword": "위조"
    },
    {
      "id": 3,
      "keyword": "사실상의 처분권을 취득"
    },
    {
      "id": 4,
      "keyword": "장물"
    }
  ],
  "Reference_info": {
    "reference_rules": "형법 제362조 제1항",
    "reference_court_case": ""
  },
  "Class_info": {
    "class_name": "형사A(생활형)",
    "instance_name": "장물취득"
  }
}