{
  "info": {
    "id": 38015884,
    "dataType": "판결문",
    "caseNm": "강간, 강도살인미수",
    "caseTitle": "대법원 1986. 6. 24. 선고 86도776 판결",
    "courtType": "판례(대법원)",
    "courtNm": "대법원",
    "judmnAdjuDe": "1986-06-24",
    "caseNoID": "86도776",
    "caseNo": "86도776"
  },
  "jdgmn": "불법영득의 의사가 없다 하여 강도살인죄의 성립을 부정한 사례",
  "jdgmnInfo": [
    {
      "question": "불법영득의 의사가 없다 하여 강도살인죄의 성립을 부정할 수 있는가?",
      "answer": "긍정"
    }
  ],
  "Summary": [
    {
      "summ_contxt": "피해자의 진술에서 나타난 바와 같이 위 돈을 빼앗은 즉시 팁이라고 하면서 돌려준 점에 비추어 피고인의 위의 상반된 진술내용은 신빙성이 없고 그밖에 달리 증거없는바, 이와 같이 피고인이 피해자로부터 빼앗은 돈을 그 자리에서 즉시 이것은 팁이라고 하면서 피해자의 브라쟈 속에 집어넣어 반환해 주었다면 피고인은 위 돈을 불법영득하려 한 것이 아니라 피해자를 희롱하기 위하여 돈을 빼앗은 다음 그대로 돌려주려고 한 의도였다고 보아야 할 것이고 그렇다면 피고인에게 불법영득의 의사가 있었다고 보기 어려우므로 더 나아가 나머지 상고이유에 대하여 판단할 것 없이 피고인에 대하여 강도살인미수죄의 성립을 인정한 원심판결에는 채증법칙위배로 인한 사실오인 내지는 강도죄에 있어서의 불법영득의 의사에 관한 법리를 오해한 위법이 있다 할 것이고 이러한 위법은 원심판결의 결과에 영향이 있다 하겠으므로 이점을 지적한 상고논지는 이유 있다.\n따라서 나머지 상고논지에 관한 판단을 생략하고 강간죄와 강도살인미수죄를 실체적 경합범으로 하여 단일의 형으로 처단한 원심판결을 전부 파기하고 이 사건을 다시 심리판단하게 하기 위하여 원심인 서울고등법원에 환송하기로 관여법관의 의견이 일치되어 주문과 같이 판결한다.",
      "summ_pass": "피고인에게 불법영득의 의사가 있었다고 보기 어려우므로 더 나아가 나머지 상고이유에 대하여 판단할 것 없이 피고인에 대하여 강도살인미수죄의 성립을 인정한 원심판결에는 채증법칙위배로 인한 사실오인 내지는 강도죄에 있어서의 불법영득의 의사에 관한 법리를 오해한 위법이 있다 할 것이다."
    }
  ],
  "keyword_tagg": [
    {
      "id": 1,
      "keyword": "강간"
    },
    {
      "id": 2,
      "keyword": "강도살인미수"
    },
    {
      "id": 3,
      "keyword": "불법영득"
    },
    {
      "id": 4,
      "keyword": "희롱"
    },
    {
      "id": 5,
      "keyword": "채증법칙위배"
    },
    {
      "id": 6,
      "keyword": "사실오인"
    },
    {
      "id": 7,
      "keyword": "경합범"
    }
  ],
  "Reference_info": {
    "reference_rules": "형법 제338조, 제333조",
    "reference_court_case": ""
  },
  "Class_info": {
    "class_name": "형사A(생활형)",
    "instance_name": "강간"
  }
}