{
  "info": {
    "id": 38015811,
    "dataType": "판결문",
    "caseNm": "특정범죄가중처벌등에관한법률위반, 절도",
    "caseTitle": "대법원 1987. 2. 24. 선고 86도2725 판결",
    "courtType": "판례(대법원)",
    "courtNm": "대법원",
    "judmnAdjuDe": "1987-02-24",
    "caseNoID": "86도2725",
    "caseNo": "86도2725"
  },
  "jdgmn": "소년법상 보호처분과 절도죄의 상습성 인정자료",
  "jdgmnInfo": [
    {
      "question": "소년법상의 보호처분을 받은 사실도 상습성 인정의 자료가 되는가?",
      "answer": "긍정"
    }
  ],
  "Summary": [
    {
      "summ_contxt": "절도죄에 있어 상습성의 인정은 절도행위의 전과가 여러 번 있었다는 사실만으로 반드시 상습성이 인정된다고 볼 수 없고, 그 여러 번 행하여진 전과사실과의 관계에서 판시 범행이 절도습성의 발현이라고 인정될 수 있는 경우에만 상습성의 인정이 가능하다 할 것이다(당원 1984. 3. 27. 선고 84도69 판결 참조).\n또 소년법상의 보호처분을 받은 사실도 상습성 인정의 자료가 된다고 보아야 할 것이다.\n원심이 유지하고 있는 제1심판결 이유에 의하면, 피고인의 판시 첫머리 기재와 같은 절도전과들과(같은 죄의 소년법상의 보호처분 포함) 판시 범행의 동기와 수법, 출소후 6개월 남짓만에 다시 판시 동종의 범행을 반복한 점 등에 비추어 피고인의 이 사건 범행에 대하여 상습성을 인정하고 있는바, 기록과 대조하여 살펴보아도 제1심의 그와 같은 조치는 정당하여 수긍이 가고, 이를 그대로 유지한 원심판결에 소론과 같은 상습성에 관한 법리를 오해한 위법이없다. 논지는 이유 없다.",
      "summ_pass": "절도죄에 있어 상습성의 인정은 절도행위의 전과가 여러 번 있었다는 사실만으로 반드시 상습성이 인정된다고 볼 수 없고, 그 여러 번 행하여진 전과사실과의 관계에서 판시 범행이 절도습성의 발현이라고 인정될 수 있는 경우에만 상습성의 인정이 가능하다 할 것이다(당원 1984. 3. 27. 선고 84도69 판결 참조)."
    }
  ],
  "keyword_tagg": [
    {
      "id": 1,
      "keyword": "상습성의 인정"
    }
  ],
  "Reference_info": {
    "reference_rules": "형법 제332조",
    "reference_court_case": "대법원 1973. 7. 24. 선고 73도1255 판결, 대법원 1983. 12. 13. 선고 83도2137 판결, 대법원 1984. 3. 27. 선고 84도69 판결"
  },
  "Class_info": {
    "class_name": "형사A(생활형)",
    "instance_name": "절도"
  }
}