{
  "info": {
    "id": 38015819,
    "dataType": "판결문",
    "caseNm": "사기",
    "caseTitle": "대법원 1987. 2. 10. 선고 86도2338 판결",
    "courtType": "판례(대법원)",
    "courtNm": "대법원",
    "judmnAdjuDe": "1987-02-10",
    "caseNoID": "86도2338",
    "caseNo": "86도2338"
  },
  "jdgmn": "미필적 고의의 요건",
  "jdgmnInfo": [
    {
      "question": "미필적 고의가 있었다고 하려면 결과발생의 가능성에 대한 인식이 있음은 물론 나아가 결과발생을 용인하는 내심의 의사가 있음을 요하는가?",
      "answer": "긍정"
    }
  ],
  "Summary": [
    {
      "summ_contxt": "이른바 미필적 고의라 함은 결과의 발생이 불확실한 경우 즉 행위자에 있어서 그 결과발생에 대한 확실한 예견은 없으나 그 가능성은 인정하는 것으로, 이러한 미필적 고의가 있었다고 하려면 결과발생의 가능성에 대한 인식이 있음은 물론 나아가 결과발생을 용인하는 내심의 의사가 있음을 요한다고 할 것인바, 여러 증거들에 의하여 인정되는 피고인의 주장내용과 같은 여러사정들, 즉 피고인과 공소외 1과의 접촉과정, 피해자등과 피고인과의 인간관계, 피해자들 중에 형 또는 외사촌동생이 포함되어 있고, 그들 또한 많은 피해를 입었으며 피고인 또한 피해를 입은 점, 경위야 어찌되었건 정식 출국절차를 밟아 도미니카국까지 가서 약 50일 정도 체류한 점, 피고인의 학력, 직업 등을 참작하여 보면 피고인에게 기망과 편취의 고의가 없었다는 피고인의 변소를 수긍못 할 바도 아니어서 피고인에게 이 사건 기망과 편취의 고의가 있었다거나 이른바 미필적 고의가 있었다고 보기는 어렵다 할 것이다.",
      "summ_pass": "이른바 미필적 고의라 함은 결과의 발생이 불확실한 경우 즉 행위자에 있어서 그 결과발생에 대한 확실한 예견은 없으나 그 가능성은 인정하는 것으로, 이러한 미필적 고의가 있었다고 하려면 결과발생의 가능성에 대한 인식이 있음은 물론 나아가 결과발생을 용인하는 내심의 의사가 있음을 요한다."
    }
  ],
  "keyword_tagg": [
    {
      "id": 1,
      "keyword": "미필적 고의"
    }
  ],
  "Reference_info": {
    "reference_rules": "형법 제13조",
    "reference_court_case": "대법원 1985. 6. 25. 선고 85도660 판결"
  },
  "Class_info": {
    "class_name": "형사A(생활형)",
    "instance_name": "사기"
  }
}