{
  "info": {
    "id": 54032543,
    "dataType": "판결문",
    "caseNm": "과태료부과처분취소",
    "caseTitle": "대법원 1986. 11. 11., 선고, 86누400, 판결",
    "courtType": "판례(대법원)",
    "courtNm": "대법원",
    "judmnAdjuDe": "1986-11-11",
    "caseNoID": "86누400",
    "caseNo": "86누400"
  },
  "jdgmn": "특정건축물정리에 관한 특별조치법시행령 제10조 제1항 제1호〔별표1〕의 용도별 가중치 번호 5란 소정의 하역장의 의미",
  "jdgmnInfo": [
    {
      "question": "특정건축물정리에 관한 특별조치법시행령 제10조 제1항 제1호 〔별표1〕의 용도별 가중치 번호 5란 소정의 하역장은 이와 함께 기재된 터미날, 정류장, 선착장과 대비할 때 이는 영업용의 하역장을 뜻하는가?",
      "answer": "긍정"
    }
  ],
  "Summary": [
    {
      "summ_contxt": "특정건축물정리에 관한 특별조치법시행령 제10조 제1항 제1호〔별표1〕의 용도별 가중치 번호 5란 소정의 하역장은 이와 함께 기재된 터미날, 정류장, 선착장과 대비할 때 이는 영업용의 하역장을 뜻한다.",
      "summ_pass": "용도별 가중치 번호 5란 소정의 하역장은 이와 함께 기재된 터미날, 정류장, 선착장과 대비할 때 이는 영업용의 하역장을 뜻한다."
    }
  ],
  "keyword_tagg": [
    {
      "id": 1,
      "keyword": "특별조치법"
    }
  ],
  "Reference_info": {
    "reference_rules": "특정건축물정리에관한특별조치법 제9조, 특정건축물정리에관한특별조치법시행령 제10조 제1항",
    "reference_court_case": ""
  },
  "Class_info": {
    "class_name": "형사A(생활형)",
    "instance_name": "과태료부과처분취소"
  }
}