{
  "info": {
    "id": 38016282,
    "dataType": "판결문",
    "caseNm": "배임",
    "caseTitle": "대법원 1986. 10. 28. 선고 86도936 판결",
    "courtType": "판례(대법원)",
    "courtNm": "대법원",
    "judmnAdjuDe": "1986-10-28",
    "caseNoID": "86도936",
    "caseNo": "86도936"
  },
  "jdgmn": "가. 부동산양도인이 계약금 및 중도금에 갈음하여 양수인 소유부동산에 관한 소유권이전등기 소요서류를 교부 받았다가 그 양도부동산을 제3자에게 이 중양도한 경우의 죄책\n나. 배임죄에 있어서 손해를 가한 때의 의미",
  "jdgmnInfo": [
    {
      "question": "배임죄에 손해를 가한 때라 함은 재산적 실해를 가한 경우뿐만 아니라 실해발생의 위험성을 초래한 경우도 포함하는 것인가?",
      "answer": "긍정"
    }
  ],
  "Summary": [
    {
      "summ_contxt": "배임죄에 있어서 손해를 가한 때라 함은 재산적인 실해를 가한 경우뿐만 아니라 실해발생의 위험성을 초래케 한 경우도 포함하는 것이며 손해액이 구체적으로 확정되지 않았다 하더라도 무방한 것이니 원심 및 제1심판결이 피고인의 이중양도 행위로 양수인이 입은 손해액을 구체적으로 확정하지 않았다 하여 위법이 될 수 없고 원판시 양도계약이 매수인과 소개인의 기망에 의하여 체결되었다는 피고인의 주장을 증거가 없다 하여 배척한 원심판단에도 위법이 없다.",
      "summ_pass": "배임죄에 있어서 손해를 가한 때라 함은 재산적인 실해를 가한 경우뿐만 아니라 실해발생의 위험성을 초래케 한 경우도 포함하는 것이며 손해액이 구체적으로 확정되지 않았다 하더라도 무방한 것이니 원심 및 제1심판결이 피고인의 이중양도 행위로 양수인이 입은 손해액을 구체적으로 확정하지 않았다 하여 위법이 될 수 없다."
    }
  ],
  "keyword_tagg": [
    {
      "id": 1,
      "keyword": "배임죄"
    },
    {
      "id": 2,
      "keyword": "손해를 가한 때"
    },
    {
      "id": 3,
      "keyword": "재산적인 실해"
    },
    {
      "id": 4,
      "keyword": "실해발생의 위험성"
    }
  ],
  "Reference_info": {
    "reference_rules": "형법 제355조 제2항",
    "reference_court_case": "나. 대법원 1980. 9. 9. 선고 79도2637 판결, 대법원 1983. 3. 8. 선고 82도2873 판결"
  },
  "Class_info": {
    "class_name": "형사A(생활형)",
    "instance_name": "배임"
  }
}