{
  "info": {
    "id": 38017988,
    "dataType": "판결문",
    "caseNm": "업무상횡령(인정된죄명:횡령)",
    "caseTitle": "대법원 1987. 4. 28. 선고 86도824 판결",
    "courtType": "판례(대법원)",
    "courtNm": "대법원",
    "judmnAdjuDe": "1987-04-28",
    "caseNoID": "86도824",
    "caseNo": "86도824"
  },
  "jdgmn": "가. 행위자의 주관적 판단이 객관적으로 보아 심히 부당한 것은 아니라고 사회통념상 인정된다고 하여 횡령의 범의를 부정한 사례\n나. 정당한 사유에 기한 반환거부와 불법영득의 의사",
  "jdgmnInfo": [
    {
      "question": "횡령죄에 있어서의 이른바 불법영득의 의사는 타인의 재물을 보관하는 자가 그 취지에 반하여 정당한 권원없이 스스로 소유권자와 같이 이를 처분하는 의사를 말하는 것이므로 비록 그 반환을 거부하였다고 하더라도 그 반환거부에 정당한 사유가 있어 이를 반환하지 않는 사실만으로는 불법영득의 의사가 있다고 할 수 있는가?",
      "answer": "부정"
    }
  ],
  "Summary": [
    {
      "summ_contxt": "기록에 비추어 살펴보면, 원심의 위와 같은 사실인정과 판단은 정당하고 거기에 소론과 같은 채증법칙을 위반한 사실오인의 위법이나 횡령죄의 법리를 오해한 위법이 있다고 할 수 없다.\n횡령죄에 있어서의 이른바 불법영득의 의사는 타인의 재물을 보관하는 자가 그 취지에 반하여 정당한 권원없이 스스로 소유권자와 같이 이를 처분하는 의사를 말하는 것이므로 비록 그 반환을 거부하였다고 하더라도 그 반환거부에 정당한 사유가 있어 이를 반환하지 않는 사실만으로는 피고인에게 불법영득의 의사가 있다고 할 수는 없으므로(당원 1986. 2. 25. 선고 86도2 판결 참조) 상고논지는 이유 없다.",
      "summ_pass": "비록 그 반환을 거부하였다고 하더라도 그 반환거부에 정당한 사유가 있어 이를 반환하지 않는 사실만으로는 피고인에게 불법영득의 의사가 있다고 할 수는 없다."
    }
  ],
  "keyword_tagg": [
    {
      "id": 1,
      "keyword": "불법영득의 의사"
    }
  ],
  "Reference_info": {
    "reference_rules": "형법 제355조 제1항",
    "reference_court_case": "나. 대법원 1986. 2. 25. 선고 86도2 판결"
  },
  "Class_info": {
    "class_name": "형사A(생활형)",
    "instance_name": "업무상횡령"
  }
}