{
  "info": {
    "id": 38015951,
    "dataType": "판결문",
    "caseNm": "강도예비(인정된죄명:폭력행위등처벌에관한법률위반)",
    "caseTitle": "대법원 1987. 1. 20. 선고 86도2396 판결",
    "courtType": "판례(대법원)",
    "courtNm": "대법원",
    "judmnAdjuDe": "1987-01-20",
    "caseNoID": "86도2396",
    "caseNo": "86도2396"
  },
  "jdgmn": "가. 기본적 사실이 동일하므로 공소장 변경이 적법하다고 한 예\n나. 정당한 이유 없이 폭력범죄에 공용될 우려가 있는 흉기를 휴대하고 있는 사실만으로 폭력행위등처벌에관한법률 제7조에 해당하는지 여부",
  "jdgmnInfo": [
    {
      "question": "정당한 이유 없이 폭력범죄에 공용될 우려가 있는 흉기를 휴대하고 있는 사실만으로 폭력행위등처벌에관한법률 제7조에 해당하는가?",
      "answer": "긍정"
    }
  ],
  "Summary": [
    {
      "summ_contxt": "원심이 유지한 제1심 판결 거시의 증거들을 종합하면 종래에도 흉기로 범죄를 범한 경력이 있는 피고인들이 정당한 이유 없이 다방에 모여 각기 그 판시와 같은 면도칼과 과도 등 위험한 흉기를 휴대하고 있었음이 넉넉히 인정되므로 같은 취지로 판시한 원심의 사실인정은 정당하고 또 이와 같이 정당한 이유 없이 폭력범죄에 공용될 우려가 있는 흉기를 휴대하고 있었다면 다른 구체적인 범죄행위가 없다 하더라도 그 휴대행위 자체에 의하여 폭력행위등처벌에관한법률 제7조에 규정한 죄의 구성요건을 충족한다 할 것이므로 원심이 피고인들에게 위 법조를 적용한 조치 또한 정당하다 할 것이다.",
      "summ_pass": "정당한 이유 없이 폭력범죄에 공용될 우려가 있는 흉기를 휴대하고 있었다면 다른 구체적인 범죄행위가 없다 하더라도 그 휴대행위 자체에 의하여 폭력행위등처벌에관한법률 제7조에 규정한 죄의 구성요건을 충족한다."
    }
  ],
  "keyword_tagg": [
    {
      "id": 1,
      "keyword": "폭력행위등처벌에관한법률"
    },
    {
      "id": 2,
      "keyword": "정당한 이유"
    },
    {
      "id": 3,
      "keyword": "흉기를 휴대"
    }
  ],
  "Reference_info": {
    "reference_rules": "가. 형사소송법 제298조, 폭력행위등처벌에 관한 법률 제7조, 형법 제343조 나. 폭력행위등처벌에 관한 법률 제7조",
    "reference_court_case": "가. 대법원 1967. 3. 7. 선고 66도1749 판결, 대법원 1982. 7. 13. 선고 82도999 판결, 대법원 1983. 11. 8. 선고 83도2500 판결"
  },
  "Class_info": {
    "class_name": "형사A(생활형)",
    "instance_name": "강도"
  }
}