{
  "info": {
    "id": 38015741,
    "dataType": "판결문",
    "caseNm": "살인피고사건",
    "caseTitle": "마산지방법원 1986. 11. 13. 선고 86고합184 제2형사부판결 : 항소",
    "courtType": "판례(하급심)",
    "courtNm": "마산지방법원",
    "judmnAdjuDe": "1986-11-13",
    "caseNoID": "86고합184",
    "caseNo": "86고합184"
  },
  "jdgmn": "형사재판에서 피고인을 유죄로 인정하기 위한 증거의 증명력정도",
  "jdgmnInfo": [
    {
      "question": "형사재판에서 피고인을 유죄로 인정하기 위한 증거는 법관으로 하여금 합리적인 의심을 할 여지가 없을 정도의 확신을 가지게 하는 증명력을 가진 엄격한 증거이어야 하는가?",
      "answer": "긍정"
    }
  ],
  "Summary": [
    {
      "summ_contxt": "이 법정에 나타난 모든 증거들을 검토하여 보아도 피고인이 공소장기재와 같이 피해자에게 청산염을 먹여 독살시켰다는 점을 인정하기에 충분한 직접증거는 하나도 없으며, 다만 위 각 정황증거들을 종합하면 피해자가 청산염을 음독할 당시 그 현장에는 피고인과 피해자 밖에 없었으므로 피해자가 자살하기 위하여 스스로 청산염을 먹지 않았다면 피고인이 강제로 먹여 독살시켰을 것이라는 추측은 가능하다 할 것이나 형사재판에서의 유죄인정은 법관으로 하여금 합리적인 의심을 할 여지가 없을 정도의 확신을 가지게 하는 증명력을 가진 엄격한 증거에 의하여야 할 것이고, 이와 같은 증거가 없다면 설령 피고인에게 유죄의 의심이 간다고 하더라도 피고인의 이익으로 판단할 수밖에 없다 할 것인바(대법원 1986. 2. 25. 선고 85도2686 판결 참조) 이 사건의 경우 증인 공소외 4의 이 법정에서의 진술에 의하면, 피해자가 사망하기 전날 목과 뺨에 파스를 붙이고 증인을 찾아와서는 아무 말도 않고 한숨만 쉬길래 증인이 어째서 얼굴에 파스를 붙이고 다니느냐고 물으니 그 대답은 아니한 채 눈물을 흘리면서 살고싶지 않다는 뜻으로 \"자식만 없다면……\"하는 말만 하더라는 것이며, 이에 피해자가 사망하기 전날 청산염(꿩약)을 사갔다는 공소외 14의 이 법정 및 경찰에서의 진술내용등을 종합하면 피해자가 이 사건 범행시에 음독자살한 것은 아닌가 하는 의심을 떨쳐 버릴 수가 없고, 더욱이 피해자는 같은 동네에 사는 청년인 공소외 1과 불륜관계에 있다는 소문이 나 있었고 사법경찰관 작성의 검증조서 등에 나타나는 바와 같이 피해자가 이 사건 발생 이틀전인 같은해 5. 8. 피고인으로부터 위와 같은 사실에 관해 추궁당하면서 턱과 목 등에 수회 구타까지 당한 사실등이 있음에 비추어 자살을 결심할 만한 동기도 없지 않았다고 보여지므로 앞에서 본 각 증거들 만으로는 피고인이 피해자에게 청산염을 먹여 독살시켰다는 공소범죄사실에 관하여 합리적인 의심을 할 여지가 없을 정도의 확신을 갖기에는 부족하다고 하지 않을 수 없다.",
      "summ_pass": "피해자가 이 사건 범행시에 음독자살한 것은 아닌가 하는 의심을 떨쳐 버릴 수가 없고, 더욱이 피해자는 같은 동네에 사는 청년인 공소외 1과 불륜관계에 있다는 소문이 나 있었고 사법경찰관 작성의 검증조서 등에 나타나는 바와 같이 피해자가 이 사건 발생 이틀전인 같은해 5. 8. 피고인으로부터 위와 같은 사실에 관해 추궁당하면서 턱과 목 등에 수회 구타까지 당한 사실등이 있음에 비추어 자살을 결심할 만한 동기도 없지 않았다고 보여지므로 앞에서 본 각 증거들 만으로는 피고인이 피해자에게 청산염을 먹여 독살시켰다는 공소범죄사실에 관하여 합리적인 의심을 할 여지가 없을 정도의 확신을 갖기에는 부족하다고 하지 않을 수 없다."
    }
  ],
  "keyword_tagg": [
    {
      "id": 1,
      "keyword": "청산염"
    },
    {
      "id": 2,
      "keyword": "독살"
    },
    {
      "id": 3,
      "keyword": "직접증거"
    },
    {
      "id": 4,
      "keyword": "정황증거"
    },
    {
      "id": 5,
      "keyword": "음독"
    }
  ],
  "Reference_info": {
    "reference_rules": "형사소송법 제307조 / 형법 제250조 제1항",
    "reference_court_case": "대법원 1986. 2. 25. 선고 85도2686 판결(공774호574)"
  },
  "Class_info": {
    "class_name": "형사A(생활형)",
    "instance_name": "살인"
  }
}