{
  "info": {
    "id": 38015738,
    "dataType": "판결문",
    "caseNm": "특정경제범죄가중처불등에관한법률위반등피고사건",
    "caseTitle": "청주지방법원 1986. 11. 21. 선고 86노234 제1형사부판결 : 상고",
    "courtType": "판례(하급심)",
    "courtNm": "청주지방법원",
    "judmnAdjuDe": "1986-11-21",
    "caseNoID": "86노234",
    "caseNo": "86노234"
  },
  "jdgmn": "가. 운전자금 아닌 다른 용도에 사용할 목적으로 중소기업운전자금을 대출받은 경우 사기죄의 해당여부\n나. 중소기업자금의 제3자 명의의 부당대출에 가담한 경우 배임죄의 해당여부\n다. 업무상 타인의 사무를 처리하는 자의 신분이 없는 자가 위와 같은 신분자의 배임행위에 가담한 경우의 책임",
  "jdgmnInfo": [
    {
      "question": "운전자금 아닌 다른 용도에 사용할 목적으로 중소기업운전자금을 대출받은 경우 사기죄의 해당하는가?",
      "answer": "긍정"
    }
  ],
  "Summary": [
    {
      "summ_contxt": "피고인 1의 항소이유중 특정경제범죄가중처벌등에 관한 법률위반과 사기죄에 관하여 보건대, 원심이 적법하게 조사하여 그 판시사실의 인정자료로 삼은 여러 증거들을 기록과 대조하여 살펴보면, 원심판시 사실을 인정하기에 충분하고 거기에 소론과 같은 사실오인의 흠이 있음을 발견할 수 없으며, 또한 중소기업운전자금은 대출용도가 한정되어 있어 그 용도 이외에는 대출이 허용되지 않는바, 피고인이 원심판시와 같이 그 용도에 관하여 실제로는 연립주택의 전세금으로 사용하려고 하였음에도 마치 자신이 운영하는 시계점포의 운영자금으로 사용할 것 같이 허위사실을 들어 융자신청을 하여 중소기업은행으로 하여금 착오에 빠뜨리게 하여서 그 자금을 융자받았다면 이는 사기죄에 해당한다 할 것이므로(대법원 1983. 7. 26. 선고 83도1085 판결 참조) 위 피고인의 위 부분 항소논지는 이유 없다.",
      "summ_pass": "피고인이 원심판시와 같이 그 용도에 관하여 실제로는 연립주택의 전세금으로 사용하려고 하였음에도 마치 자신이 운영하는 시계점포의 운영자금으로 사용할 것 같이 허위사실을 들어 융자신청을 하여 중소기업은행으로 하여금 착오에 빠뜨리게 하여서 그 자금을 융자받았다면 이는 사기죄에 해당한다."
    }
  ],
  "keyword_tagg": [
    {
      "id": 1,
      "keyword": "사실오인"
    },
    {
      "id": 2,
      "keyword": "전세금"
    },
    {
      "id": 3,
      "keyword": "융자신청"
    },
    {
      "id": 4,
      "keyword": "착오"
    }
  ],
  "Reference_info": {
    "reference_rules": "형법 제33조 단서, 제347조, 제355조 제2항, 제356조 / 특정경제범죄가중처벌등에관한법률 제7조",
    "reference_court_case": "대법원 1978. 8. 22. 선고 78도958 판결(요형 형법 제355조 배임(3)(13)552면 카11907 집26②형63 공596호11072), 대법원 1983. 7. 26. 선고 83도1085 판결(요형 형법 제347조(2)(18) 475면 공713호1374)"
  },
  "Class_info": {
    "class_name": "형사A(생활형)",
    "instance_name": "특정경제범죄가중처벌"
  }
}