{
  "info": {
    "id": 38015758,
    "dataType": "판결문",
    "caseNm": "국가보안법위반, 반공법위반, 외국환관리법위반",
    "caseTitle": "대법원 1986. 7. 22. 선고 86도808 판결",
    "courtType": "판례(대법원)",
    "courtNm": "대법원",
    "judmnAdjuDe": "1986-07-22",
    "caseNoID": "86도808",
    "caseNo": "86도808"
  },
  "jdgmn": "가. 한 보강증거의 정도\n나. 반국가단체의 지배하에 있지 아니한 국가로부터의 잠입도 국가보안법 제6조 제2항 소정의 잠입죄에 해당하는지 여부\n다. 국내에 잘 알려진 사실의 탐지, 수집과 간첩죄의 성부",
  "jdgmnInfo": [
    {
      "question": "국내에 잘 알려진 사실의 탐지, 수집도 간첩죄가 되는가?",
      "answer": "긍정"
    }
  ],
  "Summary": [
    {
      "summ_contxt": "국가보안법 제4조 제1항 제2호, 형법 제98조 제1항 소정의 간첩죄의 대상이 되는 국가기밀은 순전한 국가기밀에만 국한할 것은 아니고, 정치, 경제, 사회, 문화등 각 분야에 걸쳐서 대한민국의 국방정책상 북한괴뢰집단에게 알리지 아니하거나 확인하지 아니함이 대한민국의 이익이 되는 모든 기밀사항이 포함되고 이러한 기밀사항이 국내에 알려진 것이라고 할지라도 북한괴뢰집단에게 유리한 자료가 될 경우에는 이를 탐지, 수집하는 행위는 간첩죄를 구성한다 할 것이므로(당원 1985. 11. 26. 선고 85도1876 판결 참조) 같은 취지에서 원심이 피고인의 판시 각 해당 소위에 대하여 간첩죄로 의율하였음은 정당하고, 거기에 국가기밀에 관한 법리오해의 위법은 없다.",
      "summ_pass": "기밀사항이 국내에 알려진 것이라고 할지라도 북한괴뢰집단에게 유리한 자료가 될 경우에는 이를 탐지, 수집하는 행위는 간첩죄를 구성한다."
    }
  ],
  "keyword_tagg": [
    {
      "id": 1,
      "keyword": "기밀사항"
    },
    {
      "id": 2,
      "keyword": "북한괴뢰집단"
    },
    {
      "id": 3,
      "keyword": "탐지"
    },
    {
      "id": 4,
      "keyword": "수집"
    },
    {
      "id": 5,
      "keyword": "간첩죄"
    }
  ],
  "Reference_info": {
    "reference_rules": "가. 형사소송법 제310조 나. 국가보안법 제6조 제2항구 반공법(1963. 10. 8. 법률 제1412호로 개정된 것) 제6조 제4항 다. 국가보안법 제4조 제1항 제2호형법 제98조 제1항",
    "reference_court_case": "가. 대법원 1983. 11. 8. 선고 83도2436 판결, 대법원 1986. 3. 25. 선고 86도215 판결 나. 대법원 1984. 10. 10. 선고 84도1796 판결 다. 대법원 1985. 11. 26. 선고 85도1876 판결"
  },
  "Class_info": {
    "class_name": "형사A(생활형)",
    "instance_name": "국가보안법"
  }
}