{
  "info": {
    "id": 38015949,
    "dataType": "판결문",
    "caseNm": "사문서위조, 위조사문서행사",
    "caseTitle": "대법원 1987. 1. 20. 선고 86도1867 판결",
    "courtType": "판례(대법원)",
    "courtNm": "대법원",
    "judmnAdjuDe": "1987-01-20",
    "caseNoID": "86도1867",
    "caseNo": "86도1867"
  },
  "jdgmn": "고무명판만 찍었을 뿐 서명날인이 없는 경우, 사문서위조죄의 성부",
  "jdgmnInfo": [
    {
      "question": "고무명판만 찍었을 뿐 서명날인이 없는 경우에도 사문서위조죄는 성립하는가?",
      "answer": "긍정"
    }
  ],
  "Summary": [
    {
      "summ_contxt": "사문서위조죄는 그 명의자가 작성한 진정한 사문서로 볼 수 있는 정도의 형식과 외관을 갖추어 일반인이 진정한 명의자의 사문서로 오신하기 충분하면 되는 것이고 비록 이 사건과 같이 \"부산 해운대구 ○○○동 ○○번지 ○○산업사 대표 이○○\"라고 새겨진 고무명판을 찍었을 뿐 서명 날인이 없는 문서였더라도 외관상 그 명의자가 작성한 사문서로 볼 수 있는 정도의 형식과 외관을 갖춘 이상 사문서위조죄는 성립한다 할 것이다. 원심도 같은 취지로 판단하였음은 정당하고 여기에 사문서위조죄의 법리를 오해한 위법이 없다.",
      "summ_pass": "사문서위조죄는 그 명의자가 작성한 진정한 사문서로 볼 수 있는 정도의 형식과 외관을 갖추어 일반인이 진정한 명의자의 사문서로 오신하기 충분하면 되는 것이고 외관상 그 명의자가 작성한 사문서로 볼 수 있는 정도의 형식과 외관을 갖춘 이상 사문서위조죄는 성립한다 할 것이다."
    }
  ],
  "keyword_tagg": [
    {
      "id": 1,
      "keyword": "사문서위조죄"
    },
    {
      "id": 2,
      "keyword": "형식과 외관"
    }
  ],
  "Reference_info": {
    "reference_rules": "형법 제231조",
    "reference_court_case": ""
  },
  "Class_info": {
    "class_name": "형사A(생활형)",
    "instance_name": "공문서/사문서"
  }
}