{
  "info": {
    "id": 38015831,
    "dataType": "판결문",
    "caseNm": "특정범죄가중처벌등에관한법률위반, 절도, 보호감호",
    "caseTitle": "대법원 1986. 11. 11. 선고 86도1109 판결",
    "courtType": "판례(대법원)",
    "courtNm": "대법원",
    "judmnAdjuDe": "1986-11-11",
    "caseNoID": "86도1109",
    "caseNo": "86도1109"
  },
  "jdgmn": "절도행위의 실행에 착수한 것으로 볼 수 없다고 판단한 사례",
  "jdgmnInfo": [
    {
      "question": "돈이 들어 있는 피해자의 하의 왼쪽 주머니를 스치면서 지나간 행위는 주머니속에 들은 금원을 절취하기 위한 실행의 착수에 이른 것이라고는 볼 수 있는가?",
      "answer": "부정"
    }
  ],
  "Summary": [
    {
      "summ_contxt": "피고인이 이 사건 당시 소를 흥정하고 있는 피해자의 뒤에 접근하여 그가 들고 있던 가방으로 돈이 들어 있는 피해자의 하의 왼쪽 주머니를 스치면서 지나간 사실을 인정하고 있는바 일건기록에 비추어 볼 때 위 인정은 정당하며 거기에 채증법칙을 위배한 허물이 있다고 할 수 없고 이어 원심이 이와 같은 피고인의 행위에 대하여 이는 단지 피해자의 주의력을 흐트려 주머니속에 들은 금원을 절취하기 위한 예비단계의 행위에 불과한 것이고 이로써 실행의 착수에 이른 것이라고는 볼 수 없다고 판단한 조치 또한 정당하며 거기에 실행의 착수에 관한 법리를 오해한 위법이 있다고도 할 수 없다. 논지는 모두 이유 없다.",
      "summ_pass": "피고인이 이 사건 당시 소를 흥정하고 있는 피해자의 뒤에 접근하여 그가 들고 있던 가방으로 돈이 들어 있는 피해자의 하의 왼쪽 주머니를 스치면서 지나간 사실을 인정하고 있는바 이는 단지 피해자의 주의력을 흐트려 주머니속에 들은 금원을 절취하기 위한 예비단계의 행위에 불과한 것이고 이로써 실행의 착수에 이른 것이라고는 볼 수 없다."
    }
  ],
  "keyword_tagg": [
    {
      "id": 1,
      "keyword": "법리 오해"
    },
    {
      "id": 2,
      "keyword": "실행의 착수"
    }
  ],
  "Reference_info": {
    "reference_rules": "형법 제25조, 제28조, 제329조",
    "reference_court_case": ""
  },
  "Class_info": {
    "class_name": "형사A(생활형)",
    "instance_name": "절도"
  }
}