{
  "info": {
    "id": 38015947,
    "dataType": "판결문",
    "caseNm": "살인",
    "caseTitle": "대법원 1986. 5. 27. 선고 86도367 판결",
    "courtType": "판례(대법원)",
    "courtNm": "대법원",
    "judmnAdjuDe": "1986-05-27",
    "caseNoID": "86도367",
    "caseNo": "86도367"
  },
  "jdgmn": "식칼로 피해자의 복부를 1회 찌르고 도망가는 피해자를 추격하여 오른쪽 옆구리를 다시 1회 찔러 사망케 한 경우, 살인의 고의 인정가부",
  "jdgmnInfo": [
    {
      "question": "식칼로 피해자의 복부를 1회 찌르고 도망가는 피해자를 추격하여 오른쪽 옆구리를 다시 1회 찔러 사망케 한 경우, 살인의 고의 성이 인정되는가?",
      "answer": "긍정"
    }
  ],
  "Summary": [
    {
      "summ_contxt": "사건 범행에 있어 피고인은 길이 26센티미터가량의 식칼로 피해자의 복부를 1회 찌르고 다시 약 20미터가량 도망하다가 배를 움켜쥐고 엎드려 있는 피해자를 추격하여 그의 오른쪽 옆구리를 1회 찌름으로써 그 자리에서 사망에 이르게 한 범행자체에 비추어 보면, 피고인에게 살의가 있었다고 판단한 원심판결은 정당한 것으로 인정되어 여기에 사실오인의 위법이 있다 할 수 없고, 또 기록에 의하면 피고인이 이 사건 범행의 동기와 방법등에 관하여 소상하게 진술을 하고 그 진술에 혼란이 있었다는 흔적을 찾아볼 수 없어 이 사건 범행당시 정신장애의 상태에 있었다고 보기 어려우므로 원심판결에 이 점에 대한 심리미진, 법리오해의 위법도 없다. 논지는 모두 이유 없다.",
      "summ_pass": "피고인에게 살의가 있었다고 판단한 원심판결은 정당한 것으로 인정되어 여기에 사실오인의 위법이 있다 할 수 없고, 또 기록에 의하면 피고인이 이 사건 범행의 동기와 방법등에 관하여 소상하게 진술을 하고 그 진술에 혼란이 있었다는 흔적을 찾아볼 수 없어 이 사건 범행당시 정신장애의 상태에 있었다고 보기 어려우므로 원심판결에 이 점에 대한 심리미진, 법리오해의 위법도 없다."
    }
  ],
  "keyword_tagg": [
    {
      "id": 1,
      "keyword": "식칼"
    },
    {
      "id": 2,
      "keyword": "추격"
    },
    {
      "id": 3,
      "keyword": "살의"
    },
    {
      "id": 4,
      "keyword": "사실오인의 위법"
    },
    {
      "id": 5,
      "keyword": "정신장애의 상태"
    },
    {
      "id": 6,
      "keyword": "심리미진"
    }
  ],
  "Reference_info": {
    "reference_rules": "형법 제250조, 제13조",
    "reference_court_case": ""
  },
  "Class_info": {
    "class_name": "형사A(생활형)",
    "instance_name": "살인"
  }
}