{
  "info": {
    "id": 38016277,
    "dataType": "판결문",
    "caseNm": "절도(인정된죄명:폭력행위등처벌에관한법률위반)",
    "caseTitle": "대법원 1986. 9. 23. 선고 86도941 판결",
    "courtType": "판례(대법원)",
    "courtNm": "대법원",
    "judmnAdjuDe": "1986-09-23",
    "caseNoID": "86도941",
    "caseNo": "86도941"
  },
  "jdgmn": "공중전화가 고장난 것으로 생각하고 파출소에 신고하기 위하여 전화선 코드를 빼고 떼어낸 것이 손괴죄에 해당하는지 여부",
  "jdgmnInfo": [
    {
      "question": "공중전화기가 고장난 것으로 생각하고 파출소에 신고하기 위하여 전화선코드를 빼고 이를 떼어낸 것이 그 효용을 해할려는 손괴의 범의가 있었다고 볼 수 있나?",
      "answer": "부정"
    }
  ],
  "Summary": [
    {
      "summ_contxt": "피고인은 위 공중전화기가 동전만 들어가고 전화는 걸리지 아니하므로 이를 고장난 전화기라고 생각하고 취중에 이를 파출소에 신고하기 위하여 전화기의 코드를 빼고 전화기를 떼어낸 것이라고 변소하고 있고, 원심증인 박○○은 피고인이 위 전화기를 파출소에 보관하겠다고 하면서 떼어갔다고 피고인의 위 변소내용에 부합하는 듯한 증언을 하고 있는바, 위 변소내용과 같이 위 공중전화가 이미 고장이었던 것이 사실이고 피고인도 위 전화기가 고장난 것으로 생각하고 파출소에 신고하기 위하여 전화선 코드를 빼고 이를 떼어낸 것이라면 피고인에게 위 전화기를 물질적으로 파괴하거나 또는 위 전화기를 떼어내 위 전화기의 구체적 역할인 통화를 할 수 없게 함으로써 그 효용을 해할려는 손괴의 범의가 있었다고 보기는 어려울 것이다. 결국 원심이 피고인의 위 변소내용이 사실인지의 여부를 가려보지 아니한 채 재물손괴죄로 의율한 것은 심리를 다하지 아니하고 증거없이 범의를 인정하였거나 재물손괴죄의 법리를 오해한 위법을 저지른 것으로서 논지는 이유 있으므로, 원심판결을 파기하고 다시 심리판단케 하고자 원심법원에 환송하기로 하여 관여법관의 일치된 의견으로 주문과 같이 판결한다.",
      "summ_pass": "결국 원심이 피고인의 위 변소내용이 사실인지의 여부를 가려보지 아니한 채 재물손괴죄로 의율한 것은 심리를 다하지 아니하고 증거없이 범의를 인정하였거나 재물손괴죄의 법리를 오해한 위법을 저지른 것으로서 논지는 이유 있으므로, 원심판결을 파기하고 다시 심리판단케 하고자 원심법원에 환송하기로 하여 관여법관의 일치된 의견으로 주문과 같이 판결한다."
    }
  ],
  "keyword_tagg": [
    {
      "id": 1,
      "keyword": "법리 오해"
    },
    {
      "id": 2,
      "keyword": "재물손괴죄"
    }
  ],
  "Reference_info": {
    "reference_rules": "형법 제366조",
    "reference_court_case": ""
  },
  "Class_info": {
    "class_name": "형사A(생활형)",
    "instance_name": "절도"
  }
}