{
  "info": {
    "id": 38015821,
    "dataType": "판결문",
    "caseNm": "횡령, 자격모용사문서작성, 자격모용사문서작성행사, 특수절도, 공정증서원본불실기재, 공정증서원본불실기재행사, 무고, 사기, 배임, 부정수표단속법위반",
    "caseTitle": "대법원 1987. 2. 10. 선고 86도2524 판결",
    "courtType": "판례(대법원)",
    "courtNm": "대법원",
    "judmnAdjuDe": "1987-02-10",
    "caseNoID": "86도2524",
    "caseNo": "86도2524"
  },
  "jdgmn": "정당행위에 해당하지 않는다고 본 예(공정증서원본불실기재 관계)",
  "jdgmnInfo": [
    {
      "question": "타인을 대표이사로 선임한 회사의 주주총회결의가 부존재 내지 무효인 경우 상법 소정의 소송절차에 의하여 그 효력을 배제함이 없이 피고인이 임의로 작성한 주주총회의사록을 행사하여 자신을 회사의 대표이사로 등기부상 등재한 행위는 정당한가?",
      "answer": "부정"
    }
  ],
  "Summary": [
    {
      "summ_contxt": "피고인 1은 소외 오성건설주식회사의 대표이사직에서 사임한 후 공소외 1이 그 대표이사로 등기부상에 등재되었음에도 불구하고 마치 동 피고인이 그 대표이사인양 자격을 모용하여 위조한 대표이사 직인을 사용하여 위 소외회사의 주주총회 이사록을 작성하고 이를 행사하여 동 피고인을 위 소외회사의 대표이사로 등 기부상에 등재한 사실을 적법하게 확정한 다음, 소외 최○○을 대표이사로 선임한 위 소외회사의 주주총회 결의가 소론과 같이 부존재 내지 무효라 하더라도 상법 소정의 소송절차에 의하여 그 효력을 배제함이 없이 동 피고인이 임의로 작성한 위 주주총회 의사록을 행사하여 동 피고인을 위 소외회사의 대표이사로 등기부상 등재한 행위는 정당행위로 볼 수 없다고 판단하고 있는바, 원심의 이와 같은 판단은 정당하고 거기에 정당행위에 관한 법리오해의 위법이 있다 할 수 없으므로 논지는 이유 없다.",
      "summ_pass": "소외 최○○을 대표이사로 선임한 위 소외회사의 주주총회 결의가 소론과 같이 부존재 내지 무효라 하더라도 상법 소정의 소송절차에 의하여 그 효력을 배제함이 없이 동 피고인이 임의로 작성한 위 주주총회 의사록을 행사하여 동 피고인을 위 소외회사의 대표이사로 등기부상 등재한 행위는 정당행위로 볼 수 없다."
    }
  ],
  "keyword_tagg": [
    {
      "id": 1,
      "keyword": "상법 소정의 소송절차"
    }
  ],
  "Reference_info": {
    "reference_rules": "형법 제20조, 제228조",
    "reference_court_case": ""
  },
  "Class_info": {
    "class_name": "형사A(생활형)",
    "instance_name": "횡령"
  }
}