{
  "info": {
    "id": 38015597,
    "dataType": "판결문",
    "caseNm": "교통사고처리특례법위반등",
    "caseTitle": "춘천지방법원 1988. 1. 28. 선고 87노615 제1형사부 판결 : 상고",
    "courtType": "판례(하급심)",
    "courtNm": "춘천지방법원",
    "judmnAdjuDe": "1988-01-28",
    "caseNoID": "87노615",
    "caseNo": "87노615"
  },
  "jdgmn": "교통사고처리특례법 제3조가 정한 형사처벌등의 특례가 형법상 교통방해의 죄에 적용되는지 여부",
  "jdgmnInfo": [
    {
      "question": "교통사고처리특례법 제3조가 정한 형사처벌등의 특례가 형법상 교통방해의 죄에 적용되는가?",
      "answer": "부정"
    }
  ],
  "Summary": [
    {
      "summ_contxt": "원심은 피고인에 대한 판시 업무상과실자동차전복죄에 대하여 형사처벌에 관한 한 교통사고처리등에관한특례법 제3조의 규정은 형법 제189조 제2항, 제187조 규정의 특별법규에 해당하는 것이므로 판시 업무상과실자동차전복의 점에 관하여는 교통사고처리특례법의 법규만이 적용된다고 하여 무죄를 선고하였음이 명백하다.\n그러나 교통사고처리특례법 제1조, 제2조 제2호, 제3조 제1항, 제2항의 제반규정을 살펴보면 위 특례법은 업무상과실 또는 중대한 과실로 교통사고를 일으킨 운전자에 대한 형사처벌 등의 특례를 정한 법률로서 그 적용대상이 되는 교통사고는 형법 제268조 및 도로교통법 제108조에 한정되는 것이므로 형법체계상 교통방해죄의 한 태양으로서 공중교통안전을 그 보호법익으로 하는 공공위험죄에 속하는 형법 제189조 제2항, 제187조 소정의 업무상과실자동차전복죄와는 그 입법취지, 보호법익 및 적용대상 등에 있어 차이가 있다고 할 것이므로 교통사고처리특례법 제3조 제1항이 형법 제189조 제2항, 제187조에 대한 특별법규라로 볼 수 없고 별개의 독립된 구성요건이라고 해석함이 상당하다고 할 것이다. 이 점을 지적하는 검사의 항소논지는 이유 있다.\n따라서 원심판결은 업무상과실자동차전복죄에 대한 법리를 오해하여 판결에 영향을 미친 위법이 있다 할 것이므로 파기를 면치 못한다.",
      "summ_pass": "형법체계상 교통방해죄의 한 태양으로서 공중교통안전을 그 보호법익으로 하는 공공위험죄에 속하는 형법 제189조 제2항, 제187조 소정의 업무상과실자동차전복죄와는 그 입법취지, 보호법익 및 적용대상 등에 있어 차이가 있다고 할 것이므로 교통사고처리특례법 제3조 제1항이 형법 제189조 제2항, 제187조에 대한 특별법규라로 볼 수 없고 별개의 독립된 구성요건이라고 해석함이 상당하다고 할 것이다."
    }
  ],
  "keyword_tagg": [
    {
      "id": 1,
      "keyword": "업무상과실"
    },
    {
      "id": 2,
      "keyword": "특례법"
    },
    {
      "id": 3,
      "keyword": "중대한 과실"
    },
    {
      "id": 4,
      "keyword": "형사처벌"
    },
    {
      "id": 5,
      "keyword": "교통방해죄"
    },
    {
      "id": 6,
      "keyword": "공중교통안전"
    }
  ],
  "Reference_info": {
    "reference_rules": "형법 제187조, 제189조 제2항, 제268조 / 교통사고처리특례법 제1조, 제2조, 제3조 / 도로교통법 제108조",
    "reference_court_case": "대법원 1983. 9. 27. 선고 82도671 판결(요형 형법 제189조(3) 254면 공716호 1625)"
  },
  "Class_info": {
    "class_name": "형사A(생활형)",
    "instance_name": "교통사고"
  }
}