{
  "info": {
    "id": 38017352,
    "dataType": "판결문",
    "caseNm": "특정범죄가중처벌등에관한법률위반, 강도, 강도치사, 강도강간, 강도상해, 특수절도",
    "caseTitle": "대법원 1987. 9. 8. 선고 87도1458 판결",
    "courtType": "판례(대법원)",
    "courtNm": "대법원",
    "judmnAdjuDe": "1987-09-08",
    "caseNoID": "87도1458",
    "caseNo": "87도1458"
  },
  "jdgmn": "가. 강도치사죄의 성립에 살인의 고의를 요하는지 여부\n나. 사형의 위헌여부",
  "jdgmnInfo": [
    {
      "question": "강도치사죄의 성립에 살인의 고의를 요하는가?",
      "answer": "부정"
    }
  ],
  "Summary": [
    {
      "summ_contxt": "가중범으로서 살인의 고의까지를 요하는 것이 아니므로 피고인이 강도의 기회에 사람을 죽음에 이르게 한 이상 강도치사죄의 죄책을 면할 수 없다. 인도적 또는 종교적 견지에서 존귀한 생명을 빼앗아가는 사형제도는 모름지기 피해야 할 일이겠지만 한편으로는 범죄로 인하여 침해되는 또 다른 귀중한 생명을 외면할 수 없고 사회공공의 안녕과 질서를 위하여 국가의 형사정책상 사형제도를 존치하는 것도 정당하게 긍인할 수밖에 없는 것이므로 형법 제338조가 그 법정형으로 사형을 규정하였다 하더라도 이를 헌법에 위반되는 조문이라고 할 수 없다. 상고를 기각한다.",
      "summ_pass": "결과적 가중범으로서 살인의 고의까지를 요하는 것이 아니므로 피고인이 강도의 기회에 사람을 죽음에 이르게 한 이상 강도치사죄의 죄책을 면할 수 없다. 법정형으로 사형을 규정하였다 하더라도 이를 헌법에 위반되는 조문이라고 할 수 없다.\n상고를 기각한다."
    }
  ],
  "keyword_tagg": [
    {
      "id": 1,
      "keyword": "헌법에 위반"
    },
    {
      "id": 2,
      "keyword": "강도의 기회"
    }
  ],
  "Reference_info": {
    "reference_rules": "가.나. 형법 제338조, 나. 헌법 제10조",
    "reference_court_case": "가. 대법원 1949. 2. 22. 선고 4281형상7 판결 나. 대법원 1967. 9. 19. 선고 67도988 판결"
  },
  "Class_info": {
    "class_name": "형사A(생활형)",
    "instance_name": "특정범죄가중처벌"
  }
}