{
  "info": {
    "id": 38015609,
    "dataType": "판결문",
    "caseNm": "사기·사문서위조등피고사건",
    "caseTitle": "대구고등법원 1987. 11. 26. 선고 87노1331 제2형사부판결 : 상고",
    "courtType": "판례(하급심)",
    "courtNm": "대구고등법원",
    "judmnAdjuDe": "1987-11-26",
    "caseNoID": "87노1331",
    "caseNo": "87노1331"
  },
  "jdgmn": "부동문자로 인쇄된 자동판매기 매매계약서의 공란을 타자를 쳐서 보충시킨 것을 완성된 문서로 볼 수 있는지 여부",
  "jdgmnInfo": [
    {
      "question": "부동문자로 인쇄된 자동판매기 매매계약서의 공란을 타자를 쳐서 보충시킨 것을 완성된 문서로 볼 수 있는가?",
      "answer": "부정"
    }
  ],
  "Summary": [
    {
      "summ_contxt": "위 문서는 부산시 남구 (상세지번 생략)소재 (상호 생략) 대표 공소외 2(갑)가 을에게 자동판매기를 을이 원하는 장소에 설치해 줌으로써 매도한다는 내용이 부동문자로 인쇄된 자동판매기 매매계약서의 공란을 타자를 쳐서 보충시킨 것으로서 그 을란에는 \"공소외 1 주식회사, 노조위원장 공소외 3\"이라는 타자쳐져 있을 뿐 공소외 1 주식회사나 그를 대표 또는 대리하는 사람의 날인은 물론 아무런 서명도 없는 사실을 인정할 수 있는데, 매매계약서가 당사자 사이에 매매계약이 체결되었음을 증명하는 서류로서 계약체결 후 당사자들은 그 계약에 따른 일정한 구속을 받게 된다는 점 등의 매매계약서의 기능에 비추어 보면, 위 인정의 자동판매기 매매계약서는 일반인으로 하여금 공소외 1 주식회사의 노조위원장 공소외 3이 매수인으로서 작성한 진정한 매매계약서로 오신하기에 충분한 정도의 형식과 외관을 갖춘 완성된 문서라고 인정하기에 부족하고 달리 이점을 인정할 만한 아무런 증거가 없으므로 이 부분 공소사실에 대항하는 형사소송법 제325조 후단에 의하여 무죄를 선고하여야 할 것인데도 이러한 조치를 취하지 아니한 원심판결은 사실을 오인하였거나 사문서위조죄 및 동행사죄에 있어서의 위조문서에 관한 법리를 오해하여 판결에 영향을 미쳐다 할 것이니, 이점에는 원심판결 중 사문서위조 및 동행사의 점은 파기를 면할 수 없다 할 것인데, 원심은 이 부분을 형법 제37조 전단의 경합범의 관계에 있는 나머지 부분과 동시에 심판하여 하나의 형을 선고하였으니 원심판결 전부를 파기할 수밖에 없다.",
      "summ_pass": "이 부분 공소사실에 대항하는 형사소송법 제325조 후단에 의하여 무죄를 선고하여야 할 것인데도 이러한 조치를 취하지 아니한 원심판결은 사실을 오인하였거나 사문서위조죄 및 동행사죄에 있어서의 위조문서에 관한 법리를 오해하여 판결에 영향을 미쳐다 할 것이니, 이점에는 원심판결 중 사문서위조 및 동행사의 점은 파기를 면할 수 없다 할 것인데, 원심은 이 부분을 형법 제37조 전단의 경합범의 관계에 있는 나머지 부분과 동시에 심판하여 하나의 형을 선고하였으니 원심판결 전부를 파기할 수밖에 없다."
    }
  ],
  "keyword_tagg": [
    {
      "id": 1,
      "keyword": "사문서위조"
    },
    {
      "id": 2,
      "keyword": "자동판매기"
    }
  ],
  "Reference_info": {
    "reference_rules": "형법 제231조, 제234조",
    "reference_court_case": ""
  },
  "Class_info": {
    "class_name": "형사A(생활형)",
    "instance_name": "사기"
  }
}