{
  "info": {
    "id": 38017444,
    "dataType": "판결문",
    "caseNm": "음란한물건판매",
    "caseTitle": "대법원 1987. 12. 22. 선고 87도2331 판결",
    "courtType": "판례(대법원)",
    "courtNm": "대법원",
    "judmnAdjuDe": "1987-12-22",
    "caseNoID": "87도2331",
    "caseNo": "87도2331"
  },
  "jdgmn": "형법 제243조의 음란한 물건의 의미",
  "jdgmnInfo": [
    {
      "question": "음란한 물건이라 함은 성욕을 자극하거나 흥분 또는 만족케 하는 물품으로서 일반인의 정상적인 성적 수치심을 해치고 선량한 성적 도의관념에 반하는 것을 의미하는가?",
      "answer": "긍정"
    }
  ],
  "Summary": [
    {
      "summ_contxt": "형법 제243조의 음화 등의 반포등 죄에 규정한 음란한 물건이라 함은 성욕을 자극하거나 흥분 또는 만족케 하는 물품으로서 일반인의 정상적인 성적 수치심을 해치고 선량한 성적 도의관념에 반하는 것을 가리킨다고 할 것 인바 원심은(제1심포함) 피고인이 이른바 섹스링이라는 것을 판매한 사실이 있는지 여부만 심리하고 그 물건이 과연 앞에서 본 바와 같은 음란한 물건에 해당하는지 여부에 관하여서는 이를 밝혀보지 아니한 채 공소사실을 유죄로 단정하고 있다. 이러한 원심판결은 이유불비 심리미진의 위법이 있다는 비난을 면치 못할 것이며 이는 판결의 결과에 영향을 주고 있다. 논지는 이유 있다.",
      "summ_pass": "형법 제243조의 음화 등의 반포등 죄에 규정한 음란한 물건이라 함은 성욕을 자극하거나 흥분 또는 만족케 하는 물품으로서 일반인의 정상적인 성적 수치심을 해치고 선량한 성적 도의관념에 반하는 것을 가리킨다."
    }
  ],
  "keyword_tagg": [
    {
      "id": 1,
      "keyword": "음란한 물건"
    },
    {
      "id": 2,
      "keyword": "원심판결"
    }
  ],
  "Reference_info": {
    "reference_rules": "형법 제243조",
    "reference_court_case": ""
  },
  "Class_info": {
    "class_name": "형사A(생활형)",
    "instance_name": "풍속"
  }
}