{
  "info": {
    "id": 38015020,
    "dataType": "판결문",
    "caseNm": "사기",
    "caseTitle": "대법원 1987. 6. 23. 선고 87도1045 판결",
    "courtType": "판례(대법원)",
    "courtNm": "대법원",
    "judmnAdjuDe": "1987-06-23",
    "caseNoID": "87도1045",
    "caseNo": "87도1045"
  },
  "jdgmn": "가. 사기죄의 성립요건\n나. 국민주택선매청약예금증서를 이중으로 양도한 예금주에게 사기죄와 범의를 인정한 예",
  "jdgmnInfo": [
    {
      "question": "사기죄는 상대방에게 현실적으로 재산상손해가 발생함을 요건으로 하는가?",
      "answer": "부정"
    }
  ],
  "Summary": [
    {
      "summ_contxt": "사기죄는 타인을 기망하여 그로 인한 하자있는 의사에 기하여 재물의 교부를 받거나 재산상의 이익을 취득함으로써 성립되는 범죄로서 그 요건으로서의 기망은 널리 재산상의 거래관계에 있어서 서로 지켜야 할 신의와 성실의 의무를 저버리는 모든 적극적 및 소극적 행위를 말하는 것이고 그 본질은 기망행위에 의한 재물이나 재산상 이익의 취득에 있는 것이지 상대방에게 현실적으로 재산상손해가 발생함을 요건으로 하는 것이 아니므로 사기죄는 기망수단을 써서 상대방을 착오에 빠뜨리고 그로 인하여 피기망자로부터 재물을 교부받아 편취하였으면 바로 성립되는 것이고 피해자에게 민사상의 구제수단이 있다거나 재산상의 손해가 발생하지 않았다 하더라도 사기죄의 성립에는 아무런 영향이 없다.",
      "summ_pass": "사기죄는 기망수단을 써서 상대방을 착오에 빠뜨리고 그로 인하여 피기망자로부터 재물을 교부받아 편취하였으면 바로 성립되는 것이고 피해자에게 민사상의 구제수단이 있다거나 재산상의 손해가 발생하지 않았다 하더라도 사기죄의 성립에는 아무런 영향이 없다."
    }
  ],
  "keyword_tagg": [
    {
      "id": 1,
      "keyword": "사기"
    },
    {
      "id": 2,
      "keyword": "기망수단"
    }
  ],
  "Reference_info": {
    "reference_rules": "형법 제347조",
    "reference_court_case": "가. 대법원 1978. 6. 13. 선고 78도721 판결, 대법원 1983. 2. 22. 선고 82도3139 판결, 대법원 1985. 11. 26. 선고 85도490 판결"
  },
  "Class_info": {
    "class_name": "형사A(생활형)",
    "instance_name": "사기"
  }
}