{
  "info": {
    "id": 38015623,
    "dataType": "판결문",
    "caseNm": "국가보안법위반등피고사건",
    "caseTitle": "대구고등법원 1987. 7. 29. 선고 87노879 제1형사부판결 : 상고",
    "courtType": "판례(하급심)",
    "courtNm": "대구고등법원",
    "judmnAdjuDe": "1987-07-29",
    "caseNoID": "87노879",
    "caseNo": "87노879"
  },
  "jdgmn": "정당행위와 저항권의 수용요건",
  "jdgmnInfo": [
    {
      "question": "정당행위와 저항권은 헌법적 질서를 무시하고 초법규적 권리개념으로써 현행 실정법에 위배된 행위의 정당화를 주장하는 것은 그 자체만으로써도 수용할 수 있는가?",
      "answer": "부정"
    }
  ],
  "Summary": [
    {
      "summ_contxt": "국가보안법이나 집회및시위에관한법률은 모두 국회에서 의결되어 정부가 공포한 법률(국가보안법은 1980. 12. 31. 법률 제3318호 전면개정, 위 집회및시위에관한법률은 1980. 12. 18. 법률 제3278호로서 일부 개정됨)들로서 모두 유효한 법률임이 명백하며, 또 그 내용에 있어서도 국민의 모든 권리와 자유는 국가의 안전보장, 질서유지 또는 공공복리를 위하여 필요한 경우에 한하여 법률로서 제한할 수 있도록 명시되어 있고, 그 위임에 의하여 위 각 법률이 제정 및 개정된 것이므로 헌법의 기본정신에 배치된다고 볼 수 없어 위 항소논지도 그 이유가 없으며, (3) 위 항소이유 제3점에 관하여는, 어느 행위가 형법 제20조의 정당행위에 해당한다고 할 수 있기 위해서는, 국법질서 전체의 이념에 비추어 용인될 수 있는 것으로서 첫째, 그 행위의 동기나 목적의 정당성 둘째, 행위의 수단이나 방법의 상당성 세째, 보호법익과 침해법익의 권형성 네째, 긴급성 다섯째, 그 행위외에 다른 수단이나 방법이 없다는 보충성 등의 요건을 갖추어야 할 것인바(대법원 1986. 10. 28. 선고 86도1764 판결 참조), 피고인들의 이 사건 판시 각 행위는 그 어느 것이나 국법질서를 일탈한 것으로서 위에 열거한 제반요건을 갖추지 못하였음이 분명하므로 이를 정당행위에 해당한다고 할 수 없고, 또 저항권의 개념도 실존하는 헌법적 질서를 무시하고 초법규적 권리개념으로써 현행 실정법에 위배된 행동의 정당화를 주장하는 것은 그 자체만으로도 이를 받아들일 수 없는 것이므로 위 항소논지도 역시 그 이유가 없다.",
      "summ_pass": "피고인들의 이 사건 판시 각 행위는 그 어느 것이나 국법질서를 일탈한 것으로서 위에 열거한 제반요건을 갖추지 못하였음이 분명하므로 이를 정당행위에 해당한다고 할 수 없고, 또 저항권의 개념도 실존하는 헌법적 질서를 무시하고 초법규적 권리개념으로써 현행 실정법에 위배된 행동의 정당화를 주장하는 것은 그 자체만으로도 이를 받아들일 수 없는 것이므로 위 항소논지도 역시 그 이유가 없다."
    }
  ],
  "keyword_tagg": [
    {
      "id": 1,
      "keyword": "국민의 모든 권리와 자유"
    },
    {
      "id": 2,
      "keyword": "국가의 안전보장"
    },
    {
      "id": 3,
      "keyword": "질서유지 또는 공공복리"
    },
    {
      "id": 4,
      "keyword": "헌법의 기본정신"
    },
    {
      "id": 5,
      "keyword": "정당행위"
    },
    {
      "id": 6,
      "keyword": "저항권"
    },
    {
      "id": 7,
      "keyword": "초법규적 권리개념"
    }
  ],
  "Reference_info": {
    "reference_rules": "형법 제20조",
    "reference_court_case": "대법원 1986. 10. 28. 선고 86도1764 판결(공790호3159), 대법원 1987. 1. 20. 선고 86도1809 판결(집35①형599)"
  },
  "Class_info": {
    "class_name": "형사A(생활형)",
    "instance_name": "국가보안법"
  }
}