{
  "info": {
    "id": 38018000,
    "dataType": "판결문",
    "caseNm": "무고",
    "caseTitle": "대법원 1988. 2. 9. 선고 87도2366 판결",
    "courtType": "판례(대법원)",
    "courtNm": "대법원",
    "judmnAdjuDe": "1988-02-09",
    "caseNoID": "87도2366",
    "caseNo": "87도2366"
  },
  "jdgmn": "무고죄에 있어서의 고의",
  "jdgmnInfo": [
    {
      "question": "이미 여러 차례 고소 또는 진정을 하였으나 당국에서 조사한 결과 혐의없는 것으로 종결이 된 터에 또 다시 그 사실을 들어 거듭 고소를 제기하였을 경우, 적어도 신고사실의 허위성에 대한 미필적 인식 즉 무고의 범의가 없다고 할 수 있는가?",
      "answer": "부정"
    }
  ],
  "Summary": [
    {
      "summ_contxt": "무고죄에 있어서의 범의는 반드시 확정적 고의임을 요하지 아니하고 미필적 고의로서도 족하다 할 것이므로 무고죄는 신고자가 진실하다는 확신없는 사실을 신고함으로써 성립하고 그 신고사실이 허위라는 것을 확신함을 필요로 하지 않는다 할 것이다(당원 1986. 3. 11. 선고 86도133 판결; 1986. 9. 9. 선고 86도1063 판결 참조). 원심이 확정하고 있는 바와 같이 피고인이 피해자들에 대하여 이미 여러 차례 고소 또는 진정을 하였으나 당국에서 조사한 결과 혐의없는 것으로 종결이된 터에 또 다시 그 사실을 들어 거듭 고소를 제기하였다면 적어도 신고사실의 허위성에 대한 미필적 인식 즉 무고의 범의가 없다 할 수는 없는 것이다. 원심이 같은 취지에서 피고인에게 무고의 범의를 인정하였음도 정당하고 거기에 소론과 같이 무고죄에 관한 법리를 오해한 위법이 있을 수 없다.",
      "summ_pass": "피고인이 피해자들에 대하여 이미 여러 차례 고소 또는 진정을 하였으나 당국에서 조사한 결과 혐의없는 것으로 종결이된 터에 또 다시 그 사실을 들어 거듭 고소를 제기하였다면 적어도 신고사실의 허위성에 대한 미필적 인식 즉 무고의 범의가 없다 할 수는 없는 것이다."
    }
  ],
  "keyword_tagg": [
    {
      "id": 1,
      "keyword": "무고"
    }
  ],
  "Reference_info": {
    "reference_rules": "형법 제156조",
    "reference_court_case": "대법원 1985. 4. 9. 선고, 85도220 판결, 대법원 1986. 3. 11. 선고, 86도133 판결, 대법원 1986. 9. 9. 선고, 86도1063 판결"
  },
  "Class_info": {
    "class_name": "형사A(생활형)",
    "instance_name": "무고"
  }
}