{
  "info": {
    "id": 38017487,
    "dataType": "판결문",
    "caseNm": "국가보안법위반, 반공법위반",
    "caseTitle": "대법원 1987. 11. 10. 선고 87도1730 판결",
    "courtType": "판례(대법원)",
    "courtNm": "대법원",
    "judmnAdjuDe": "1987-11-10",
    "caseNoID": "87도1730",
    "caseNo": "87도1730"
  },
  "jdgmn": "가. 자백에 대한 보강증거의 정도\n나. 철회된 공소사실을 다른 범죄사실의 경과적 사실로 삼는 것의 불고불리원칙의 위반여부\n다. 구 국가보안법(1982. 6. 24. 법률 제1151호) 제3조 제1항 소정의 국가기밀의 의미",
  "jdgmnInfo": [
    {
      "question": "철회된 공소사실은 처음부터 공소가 없는 것으로 돌아가므로 심판의 대상이 될 수 없다고 할 것이어서 그 철회된 사실을 다른 범죄사실의 내용 및 경과적 사실로 삼을 수 있는가?",
      "answer": "부정"
    }
  ],
  "Summary": [
    {
      "summ_contxt": "검사가 공소사실 중 특정한 공소사실을 별개의 범죄로 기소하지 아니한다 하여 이를 철회하였으면 그것을 철회되지 아니한 다른 공소사실 중의 범죄에 포함시킨다는 명시가 없는 한 그 철회된 공소사실은 처음부터 공소가 없는 것으로 돌아가므로 심판의 대상이 될 수 없다고 할 것이며, 뿐만 아니라 제1심법원에서 그 철회된 공소사실에 대하여 공소기각의 결정을 한 바에야 이는 심판의 대상이 될 수 없음은 말할 나위도 없다 할 것이고, 따라서 그 철회된 사실을 다른 회합죄, 잠입죄, 간첩죄의 지령내용이나 보고내용 및 경과적 사실로도 삼을 수 없다. 그 철회된 공소사실에 대하여 공소기각의 결정을 한 바에야 이는 심판의 대상이 될 수 없음은 말할 나위도 없다 할 것이고, 따라서 그 철회된 사실을 다른 회합죄, 잠입죄, 간첩죄의 지령내용이나 보고내용 및 경과적 사실로도 삼을 수 없다. 위 공소기각된 부분을 그 판시 범죄사실의 모두에 지령내용이나 보고내용 및 경과적 사실로 적시하고 있음이 분명하니 원심은 필경 불고불리의 원칙에 관한 법리를 오해한 위법을 범하였다고 하지 않을 수 없다. 피고인이 탐지, 수집하였다는 위 각 정보내용은 한국에 유학온 재일교포에게 묻거나, 텔레비젼을 시청하고 제주도를 여행하는 사람이면 누구나 쉽게 지득할 수 있는 것으로서 이것이 구 국가보안법 제3조 제1호에 규정된 고도의 중요성을 가진 국가기밀이라고 할 수는 없을 것이다. 원심판결을 파기하고, 사건을 서울고등법원에 환송한다.",
      "summ_pass": "검사가 공소사실 중 특정한 공소사실을 별개의 범죄로 기소하지 아니한다 하여 이를 철회하였으면 그것을 철회되지 아니한 다른 공소사실 중의 범죄에 포함시킨다는 명시가 없는 한 그 철회된 공소사실은 처음부터 공소가 없는 것으로 돌아가므로 심판의 대상이 될 수 없다. 그 철회된 공소사실에 대하여 공소기각의 결정을 한 바에야 이는 심판의 대상이 될 수 없음은 말할 나위도 없다 할 것이고, 따라서 그 철회된 사실을 다른 회합죄, 잠입죄, 간첩죄의 지령내용이나 보고내용 및 경과적 사실로도 삼을 수 없다. 원심판결을 파기하고, 사건을 서울고등법원에 환송한다."
    }
  ],
  "keyword_tagg": [
    {
      "id": 1,
      "keyword": "법리 오해"
    },
    {
      "id": 2,
      "keyword": "불고불리의 원칙"
    }
  ],
  "Reference_info": {
    "reference_rules": "형사소송법 제310조, 제298조, 구 국가보안법 제3조 제1항, 제3조 제2항, 형법 제98조, 제3조 제2항, 형법 제98조",
    "reference_court_case": "가. 대법원 1983. 11. 8. 선고 83도2436 판결, 대법원 1985. 7. 9. 선고 84도1381 판결, 대법원 1986. 7. 22. 선고 86도808 판결, 대법원 1987. 6. 23. 선고 87도705 판결 나. 대법원 1968. 7. 30. 선고 68도754 판결, 대법원 1985. 11. 12. 선고 85도1925 판결 다. 대법원 1974. 7. 26. 선고 74도1477 판결, 대법원 1982. 4. 27. 선고 82도285 판결, 대법원 1987. 2. 10. 선고 86도2313 판결, 대법원 1987. 5. 26. 선고 87도455 판결"
  },
  "Class_info": {
    "class_name": "형사A(생활형)",
    "instance_name": "국가보안법"
  }
}