{
  "info": {
    "id": 38017992,
    "dataType": "판결문",
    "caseNm": "배임",
    "caseTitle": "대법원 1987. 4. 28. 선고 87도265 판결",
    "courtType": "판례(대법원)",
    "courtNm": "대법원",
    "judmnAdjuDe": "1987-04-28",
    "caseNoID": "87도265",
    "caseNo": "87도265"
  },
  "jdgmn": "채권담보의 목적으로 부동산소유권이전등기를 경료받은 채권자가 변제기일 이전에 제3자에게 근저당권설정등기를 경료한 경우 배임죄의 성부",
  "jdgmnInfo": [
    {
      "question": "채권담보의 목적으로 부동산소유권이전등기를 경료받은 채권자가 변제기일 이전에 제3자에게 근저당권설정등기를 경료한 경우 배임죄는 성립하는가?",
      "answer": "긍정"
    }
  ],
  "Summary": [
    {
      "summ_contxt": "채권의 담보를 목적으로 부동산의 소유권이전등기를 경료받은 채권자는 채무자가 변제기일까지 그 채무를 변제하면 채무자에게 그 소유명의를 환원하여 주기 위하여 그 소유권이전등기를 이행할 의무가 있으므로 그 변제기일 이전에 그 임무에 위배하여 제3자에게 근저당권설정등기를 경료하여 주었다면 변제기일까지 채무자의 채무변제가 없었다 하더라도 배임죄는 성립된다 할 것이고 그와 같은 법리는 채무자에게 환매권을 주는 형식을 취하였다 하여 다를 바 없다 할 것이다.",
      "summ_pass": "변제기일 이전에 그 임무에 위배하여 제3자에게 근저당권설정등기를 경료하여 주었다면 변제기일까지 채무자의 채무변제가 없었다 하더라도 배임죄는 성립된다 할 것이다."
    }
  ],
  "keyword_tagg": [
    {
      "id": 1,
      "keyword": "배임"
    },
    {
      "id": 2,
      "keyword": "소유권이전등기"
    },
    {
      "id": 3,
      "keyword": "경료"
    },
    {
      "id": 4,
      "keyword": "근저당권설정등기"
    },
    {
      "id": 5,
      "keyword": "환매권"
    }
  ],
  "Reference_info": {
    "reference_rules": "형법 제355조 제2항",
    "reference_court_case": "대법원 1973. 3. 13. 선고 73도181 판결, 대법원 1976. 9. 14. 선고 76도2069 판결"
  },
  "Class_info": {
    "class_name": "형사A(생활형)",
    "instance_name": "배임"
  }
}