{
  "info": {
    "id": 38015357,
    "dataType": "판결문",
    "caseNm": "폭력행위등처벌등에관한법률위반, 보호감호, 치료감호",
    "caseTitle": "대법원 1987. 7. 21. 선고 87도1141 판결",
    "courtType": "판례(대법원)",
    "courtNm": "대법원",
    "judmnAdjuDe": "1987-07-21",
    "caseNoID": "87도1141",
    "caseNo": "87도1141"
  },
  "jdgmn": "피고인의 심신장애 정도에 대한 판단기준",
  "jdgmnInfo": [
    {
      "question": "피고인의 심신장애의 정도에 관하여 기록에 나타난 제반자료와 공판정에서의 피고인의 태도등을 종합하여 그 정도가 판단되는 경우에는 전문가의 감정에 의하지 않고 이를 인정하였다면 위법인가?",
      "answer": "부정"
    }
  ],
  "Summary": [
    {
      "summ_contxt": "피고인의 심신장애의 정도는 전문가의 감정에 의하여 가리는 것이 원칙적으로 바람직한 것이지만 기록에 나타난 제반자료와 공판정에서의 피고인의 태도등을 종합하여 그 정도가 판단되는 경우에는 전문가의 감정에 의하지 않고 이를 인정하였다 하여 위법이라고 할 수는 없는바,(대법원 1983. 12. 27. 선고 83감도470 판결 참조), 원심 및 제1심판결이 거시한 증거와 기록에 나타난 피고인의 태도등을 참작하여 보면 피고인이 이 사건 감호원인이 되는 행위의 전후를 통하여 심신장애로 인하여 사물을 변별할 능력이 미약한 상태에 있으므로 사회보호법 제8조 제1항 제2호 소정의 치료감호요건에 해당한다 하여 치료감호에 처한 조치는 정당하여 수긍이 가고 피고인의 그와 같은 심신장애의 정도는 제1심판결이 거시한 마산교도소에 대한 사실조회회보결과 및 의사 이 은주가 작성한 진단서의 기재에 의하여도 엿볼 수 있으므로 원심판결에 전문가의 감정을 받지않고 심신미약의 사실을 인정한 위법이 있다는 논지는 이유 없다.",
      "summ_pass": "사회보호법 제8조 제1항 제2호 소정의 치료감호요건에 해당한다 하여 치료감호에 처한 조치는 정당하여 수긍이 가고 피고인의 그와 같은 심신장애의 정도는 제1심판결이 거시한 마산교도소에 대한 사실조회회보결과 및 의사 이 은주가 작성한 진단서의 기재에 의하여도 엿볼 수 있으므로 원심판결에 전문가의 감정을 받지않고 심신미약의 사실을 인정한 위법이 있다는 논지는 이유 없다."
    }
  ],
  "keyword_tagg": [
    {
      "id": 1,
      "keyword": "사실조회회보"
    },
    {
      "id": 2,
      "keyword": "사회보호법"
    }
  ],
  "Reference_info": {
    "reference_rules": "형법 제10조, 사회보호법 제8조",
    "reference_court_case": "대법원 1983. 12. 27. 선고 83감도470 판결, 대법원 1986. 9. 23. 선고 86도1663 판결"
  },
  "Class_info": {
    "class_name": "형사A(생활형)",
    "instance_name": "폭력행위"
  }
}