{
  "info": {
    "id": 38017994,
    "dataType": "판결문",
    "caseNm": "배임수재",
    "caseTitle": "대법원 1987. 4. 28. 선고 87도414 판결",
    "courtType": "판례(대법원)",
    "courtNm": "대법원",
    "judmnAdjuDe": "1987-04-28",
    "caseNoID": "87도414",
    "caseNo": "87도414"
  },
  "jdgmn": "가. 배임수재죄의 성립에 있어 취득당시 취재와 관련된 임무를 현실적으로 담당하고 있음을 요하는지 여부\n나. 배임수재죄에 있어서의 ‘부정한 청탁’의 의미",
  "jdgmnInfo": [
    {
      "question": "형법 제357조 제1항의 배임수재죄는 타인의 사무를 처리하는 자의 청렴성을 그 보호법익으로 하고 있는바, 그 임무에 관하여 부정한 청탁을 받고, 재물을 수수함으로써 성립되고, 반드시 취재 당시에도 취재와 관련된 임무를 현실적으로 담당하고 있음을 그 요건으로 하는가?",
      "answer": "부정"
    }
  ],
  "Summary": [
    {
      "summ_contxt": "형법 제357조 제1항의 배임수재죄는 타인의 사무를 처리하는 자의 청렴성을 그 보호법익으로 하고 있는바, 그 임무에 관하여 부정한 청탁을 받고 재물을 수수함으로써 성립되고 반드시 취재 당시에도 취재와 관련된 임무를 현실적으로 담당하고 있음을 그 요건으로 하는 것은 아니므로 타인의 사무를 처리하는 자가 그 임무에 관하여 부정한 청탁을 받은 이상 그후 사무분담변경으로 그 직무를 담당하지 아니하게 된 상태에서 재물을 수수하게 되었다 하더라도 여전히 타인의 사무를 처리하는 지위에 있고, 그 재물등의 수수가 부정한 청탁과 관련하여 이루어진 것이라면 배임수재죄는 성립한다고 보아야 할 것이다.",
      "summ_pass": "배임수재죄는 타인의 사무를 처리하는 자의 청렴성을 그 보호법익으로 하고 있는바, 그 임무에 관하여 부정한 청탁을 받고 재물을 수수함으로써 성립되고 반드시 취재 당시에도 취재와 관련된 임무를 현실적으로 담당하고 있음을 그 요건으로 하는 것은 아니다."
    }
  ],
  "keyword_tagg": [
    {
      "id": 1,
      "keyword": "배임수재"
    },
    {
      "id": 2,
      "keyword": "청렴성"
    },
    {
      "id": 3,
      "keyword": "보호법익"
    },
    {
      "id": 4,
      "keyword": "부정한 청탁"
    },
    {
      "id": 5,
      "keyword": "사무분담변경"
    }
  ],
  "Reference_info": {
    "reference_rules": "형법 제357조 제1항",
    "reference_court_case": "나. 대법원 1982. 2. 9. 선고 80도2130 판결, 대법원 1984. 7. 10. 선고 84도179 판결, 대법원 1984. 11. 27. 선고 84도1906 판결"
  },
  "Class_info": {
    "class_name": "형사A(생활형)",
    "instance_name": "배임수재"
  }
}