{
  "info": {
    "id": 38017959,
    "dataType": "판결문",
    "caseNm": "구반공법위반, 구국가보안법위반, 국가보안법위반",
    "caseTitle": "대법원 1987. 5. 26. 선고 87도455 판결",
    "courtType": "판례(대법원)",
    "courtNm": "대법원",
    "judmnAdjuDe": "1987-05-26",
    "caseNoID": "87도455",
    "caseNo": "87도455"
  },
  "jdgmn": "가. 구 국가보안법(법률 제1151호) 제3조 제1호의 국가기밀과 동법 제2조형법 제98조 제1항의 국가기밀과의 차이\n나. 누구에게나 공개되어 쉽게 지득할 수 있는 사항이 구 국가보안법 제3조 제1호에 규정된 국가기밀인지 여부",
  "jdgmnInfo": [
    {
      "question": "탐지, 수집하였다는 정보내용이 김포국제공항을 통하여 입국하는 사람이라면 누구에게나 공개되어 쉽게 지득할 수 있는 것이라면 이것을 구 국가보안법 제3조 제1호에 규정된 고도의 중요성을 가진 국가기밀이라고 할 수 있는가?",
      "answer": "부정"
    }
  ],
  "Summary": [
    {
      "summ_contxt": "구 국가보안법 제3조 제1호에 규정된 국가기밀은 구 국가보안법 제2조, 형법 제98조 제1항이 정하는 국가기밀과는 그 기밀의 중요성과 가치의 정도에 차이가 있는 것으로 보아, 전자에 있어서의 국가기밀은 후자에 있어서의 국가기밀보다 고도의 국가기밀을 뜻하는 것으로 해석하여야 한다는 것이 당원의 판례인바(당원 1987. 2. 10. 선고 86도2313 판결; 1982. 4. 27. 선고 82도285 판결; 1974. 7. 26. 선고 74도1477 판결 등 참조), 피고인이 탐지 수집하였다는 위 정보내용은 김포국제공항을 통하여 입국하는 사람이라면 누구에게나 공개되어 쉽게 지득할 수 있는 것으로서, 이것이 구 국가보안법 제3조 제1호에 규정된 고도의 중요성을 가진 국가기밀이라고 할 수는 없을 것이다.",
      "summ_pass": "피고인이 탐지 수집하였다는 위 정보내용은 김포국제공항을 통하여 입국하는 사람이라면 누구에게나 공개되어 쉽게 지득할 수 있는 것으로서, 이것이 구 국가보안법제3조 제1호에 규정된 고도의 중요성을 가진 국가기밀이라고 할 수는 없을 것이다."
    }
  ],
  "keyword_tagg": [
    {
      "id": 1,
      "keyword": "국가기밀"
    },
    {
      "id": 2,
      "keyword": "중요성"
    }
  ],
  "Reference_info": {
    "reference_rules": "구 국가보안법(법률 제1151호) 제3조, 제2조, 형법 제98조 제1항",
    "reference_court_case": "가. 대법원 1974. 7. 26. 선고 74도1477 판결, 대법원 1982. 4. 27. 선고 82도285 판결, 대법원 1987. 2. 10. 선고 86도2313 판결"
  },
  "Class_info": {
    "class_name": "형사A(생활형)",
    "instance_name": "국가보안법"
  }
}