{
  "info": {
    "id": 38016207,
    "dataType": "판결문",
    "caseNm": "특정범죄가중처벌등에관한법률위반(강도)등",
    "caseTitle": "서울고등법원 1988. 6. 24. 선고 88노666 제3형사부판결 : 확정",
    "courtType": "판례(하급심)",
    "courtNm": "서울고등법원",
    "judmnAdjuDe": "1988-06-24",
    "caseNoID": "88노666",
    "caseNo": "88노666"
  },
  "jdgmn": "상습특수절도죄가 상습특수강도죄에 흡수되는지 여부(소극)",
  "jdgmnInfo": [
    {
      "question": "상습특수절도죄와 상습특수강도죄는 별개의 것이라면 이 둘은 실체적 경합관계인가?",
      "answer": "긍정"
    }
  ],
  "Summary": [
    {
      "summ_contxt": "다음 직권으로 살피건대, 원심은 피고인이 범행한 원심판시 제1의 다 행위, 같은 제2의 마 행위, 같은 제3의 마 행위 및 같은 제4의 행위 등의 상습특수절도 범죄사실은 포괄하여 피고인의 원심판시 제1의 나 행위, 같은 제2의 나, 다, 라 행위, 같은 제3의 가, 나, 다, 라 행위 등의 상습특수강도죄에 흡수된다고 보아 특정범죄가중처벌등에관한법률위반(강도)의 포괄일죄로 처단하고 있음이 원심판시에 의해 명백하므로 보건대, 무릇 상습성이란 동종형태의 행위를 반복누행하는 습벽을 말하는 것으로서, 절도와 강도는 동종의 행위유형이라고 보기 어려우므로 절도의 상습성과 강도의 상습성은 별개의 상습성으로 보아, 위 각 상습특수절도행위는 포괄하여 특정범죄가중처벌등에관한법률 제5조의4 제1항, 형법 제329조에, 위 각 상습특수강도행위는 같은 법 제5조의4 제3항, 형법 제334조 제2항에 각 해당하고 위 각 죄는 형법 제37조 전단의 경합범관계에 있다고 봄이 타당하다고 할 것인바, 이 점에서 원심판결에는 형법상 죄수 내지 경합범에 관한 법리오해가 있으며 이 잘못은 판결에 영향을 미쳤음이 명백하므로 원심판결은 양형부당 주장에 대하여는 판단한 필요조차 없이 파기를 면치 못한다고 할 것이다.",
      "summ_pass": "무릇 상습성이란 동종형태의 행위를 반복누행하는 습벽을 말하는 것으로서, 절도와 강도는 동종의 행위유형이라고 보기 어려우므로 절도의 상습성과 강도의 상습성은 별개의 상습성으로 보아, 위 각 상습특수절도행위는 포괄하여 특정범죄가중처벌등에관한법률 제5조의4 제1항, 형법 제329조에, 위 각 상습특수강도행위는 같은 법 제5조의4 제3항, 형법 제334조 제2항에 각 해당하고 위 각 죄는 형법 제37조 전단의 경합범관계에 있다고 봄이 타당하다."
    }
  ],
  "keyword_tagg": [
    {
      "id": 1,
      "keyword": "특정범죄가중처벌등에관한법률위반"
    },
    {
      "id": 2,
      "keyword": "경합범에 관한 법리"
    }
  ],
  "Reference_info": {
    "reference_rules": "형법 제331조 제2항, 제334조 제1항, 제334조 제2항 / 특정범죄가중처벌등에관한법률 제5조의4",
    "reference_court_case": ""
  },
  "Class_info": {
    "class_name": "형사A(생활형)",
    "instance_name": "특정범죄가중처벌"
  }
}