{
  "info": {
    "id": 38016078,
    "dataType": "판결문",
    "caseNm": "횡령(예비적죄명:배임·사기)",
    "caseTitle": "인천지방법원 1989. 8. 17. 선고 88노806 제1형사부판결 : 상고",
    "courtType": "판례(하급심)",
    "courtNm": "인천지방법원",
    "judmnAdjuDe": "1989-08-17",
    "caseNoID": "88노806",
    "caseNo": "88노806"
  },
  "jdgmn": "가. 준공검사를 마치지 아니한 건축중인 건물의 건축허가명의자가 횡령죄의 주체인 재물의 보관자에 해당하는지 여부\n나. 대표이사 아닌 법인의 실질적인 경영자가 횡령죄의 주체가 될 수 있는지 여부",
  "jdgmnInfo": [
    {
      "question": "대표이사 아닌 법인의 실질적인 경영자가 횡령죄의 주체가 될 수 있는가?",
      "answer": "긍정"
    }
  ],
  "Summary": [
    {
      "summ_contxt": "돌이켜 이 사전에 관하여 보건대 위 회사가 수건축허가명의자이기는 하나 법인은 그를 대표하는 자연인인 대표기관의 의사결정에 따른 대표행위에 의하여 법률행위 실현할 수밖에 없어 그 대표기관이 법인명의로 수탁된 부동산을 횡령한 경우 그 자연인이 횡령의 주체가 된다고 할 것이고 그 대표기관이란 법률상 형식상의 대표이사 뿐만아니라 사실상 그 법인을 실질적으로 경영하는 자를 포함한다 할 것이므로 그와 같은 지위에 있는 피고인 1이 이 사건 횡령의 주체가 된다고 봄이 상당하고 따라서 동 피고인과 공모하여 위 죄를 저지른 피고인 2 역시 공동정범의 법리에 따라 위 죄책을 면할 수는 없다 할 것이므로 원심판결은 필경 횡령죄의 법리를 오해하여 피고인들에게 무죄를 선고함으로써 판결에 영향을 미친 법리오해의 위법을 범하여 파기를 면할 수 없다 할 것이므로 검사의 나머지 예비적 공소사실에 대하여는 판단할 필요없이 형사소송법 제364조 제4항에 의하여 원심판결을 파기하고 변론을 거쳐 다시 다음과 같이 판결한다.",
      "summ_pass": "원심판결은 필경 횡령죄의 법리를 오해하여 피고인들에게 무죄를 선고함으로써 판결에 영향을 미친 법리오해의 위법을 범하여 파기를 면할 수 없다 할 것이므로 검사의 나머지 예비적 공소사실에 대하여는 판단할 필요없이 형사소송법 제364조 제4항에 의하여 원심판결을 파기하고 변론을 거쳐 다시 다음과 같이 판결한다."
    }
  ],
  "keyword_tagg": [
    {
      "id": 1,
      "keyword": "횡령"
    }
  ],
  "Reference_info": {
    "reference_rules": "형법 제355조 제1항",
    "reference_court_case": "대법원 1984. 10. 10. 선고 82도2595 판결(요형 형법 제355조(57) 540-2면 집32④형530 공741호 1816)"
  },
  "Class_info": {
    "class_name": "형사A(생활형)",
    "instance_name": "횡령"
  }
}