{
  "info": {
    "id": 38017987,
    "dataType": "판결문",
    "caseNm": "매장및묘지등에관한법률위반, 사문서위조, 동행사, 조세범처벌법위반, 특정범죄가중처벌등에관한법률위반",
    "caseTitle": "대법원 1989. 8. 8. 선고 88도2209 판결",
    "courtType": "판례(대법원)",
    "courtNm": "대법원",
    "judmnAdjuDe": "1989-08-08",
    "caseNoID": "88도2209",
    "caseNo": "88도2209"
  },
  "jdgmn": "가. 작성명의자의 인영이나 주민등록번호의 등재가 누락된 문서가 사문서위조죄의 객체인 사문서에 해당하는지 여부\n나. 사문서위조 및 동행사죄가 조세범처벌법 제9조 소정의 조세포탈의 수단으로 행해진 경우 후자의 죄에 흡수되는지 여부(소극)",
  "jdgmnInfo": [
    {
      "question": "사문서의 작성명의자의 인장이 압날되지 아니하고 주민등록번호가 기재되지 않았더라도, 일반인으로 하여금 그 작성명의자가 진정하게 작성한 사문서로 믿기에 충분할 정도의 형식과 외관을 갖추었으면 사문서위조죄 및 동행사죄의 객체가 되는 사문서라고 보아야 하는가?",
      "answer": "긍정"
    }
  ],
  "Summary": [
    {
      "summ_contxt": "사문서의 작성명의자의 인장이 압날되지 아니하고 주민등록번호가 기재되지 않았다고 하더라도, 일반인으로 하여금 그 작상명의자가 진정하게 작성한 사문서로 믿기에 충분할 정도의 형식과 외관을 갖추었으면 사문서위조죄 및 동행사죄의 객체가 되는 사문서라고 보아야 할 것이고, 사문서위조 및 동행사죄가 조세범처벌법 제9조 제1항 소정의 “사기 기타 부정한 행위로써 조세를 포탈”하기 위한 수단으로 행하여졌다고 하여 조세범처벌법 제9조 소정의 조세포탈죄에 흡수된다고 볼 수도 없는 것이므로, 논지는 이유가 없다.",
      "summ_pass": "사문서의 작성명의자의 인장이 압날되지 아니하고 주민등록번호가 기재되지 않았더라도, 일반인으로 하여금 그 작성명의자가 진정하게 작성한 사문서로 믿기에 충분할 정도의 형식과 외관을 갖추었으면 사문서위조죄 및 동행사죄의 객체가 되는 사문서라고 보아야 한다."
    }
  ],
  "keyword_tagg": [
    {
      "id": 1,
      "keyword": "사문서위조"
    },
    {
      "id": 2,
      "keyword": "동행사"
    }
  ],
  "Reference_info": {
    "reference_rules": "가.나. 형법 제231조, 제234조 나. 조세범처벌법 제9조, 형법 제37조",
    "reference_court_case": ""
  },
  "Class_info": {
    "class_name": "형사A(생활형)",
    "instance_name": "사문서위조"
  }
}