{
  "info": {
    "id": 38016208,
    "dataType": "판결문",
    "caseNm": "특정경제범죄가중처벌등에관한법률위반(업무상배임)등",
    "caseTitle": "서울고등법원 1988. 6. 10. 선고 88노938 제3민사부판결 : 상고",
    "courtType": "판례(하급심)",
    "courtNm": "서울고등법원",
    "judmnAdjuDe": "1988-06-10",
    "caseNoID": "88노938",
    "caseNo": "88노938"
  },
  "jdgmn": "가. 은행직원이 그 임무에 위배하여 부정대출하였을 경우 그 대출 금 전액에 대하여 배임죄가 성립하는 여부(적극)\n나. 배임죄의 범의\n다. 부정대출인 정을 알면서 상관에게 대출에 필요한 서류들을 작성하여 결재를 받은 행위가 배임죄의 공동정범에 해당되는지 여부(적극)",
  "jdgmnInfo": [
    {
      "question": "은행직원이 그 임무에 위배하여 부정대출하였을 경우 그 대출 금 전액에 대하여 배임죄가 성립 하고, 부정대출인 정을 알면서 상관에게 대출에 필요한 서류들을 작성하여 결재를 받은 행위가 배임죄의 공동정범에 해당하는가?",
      "answer": "긍정"
    }
  ],
  "Summary": [
    {
      "summ_contxt": "(3) 한편 피고인 3의 변호인의 항소이유 요지 제2점에 관하여 보건대, 무릇 공동정범의 본질은 분업적 역할분담에 의한 기능적 행위지배에 있다고 할 것이므로 공동정범은 공동의사에 의한 기능적 행위지배가 있음에 반하여 종범은 그 행위지배가 없는 점에서 양자가 구별된다고 할 것인바, 원심이 적법하게 조사 채택한 증거들에 의하면 동 피고인은 이 사건 대출이 부정대출인 정을 알면서 상피고인들에게 대출에 필요한 서류들을 작성하여 결재를 받은 사실이 인정되므로 동 피고인의 위 행위에는 공동의사에 의한 기능적 행위지배가 있었다고 보아야 할 것이고, 따라서 동 피고인의 행위를 공동정범으로 처벌한 원심판결은 정당하고 위 항소논지는 이유 없다.",
      "summ_pass": "피고인의 위 행위에는 공동의사에 의한 기능적 행위지배가 있었다고 보아야 할 것이고, 따라서 동 피고인의 행위를 공동정범으로 처벌한 원심판결은 정당하고 위 항소논지는 이유 없다."
    }
  ],
  "keyword_tagg": [
    {
      "id": 1,
      "keyword": "기능적 행위지배"
    },
    {
      "id": 2,
      "keyword": "항소이유"
    }
  ],
  "Reference_info": {
    "reference_rules": "형법 제30조, 제555조 제2항, 제556조",
    "reference_court_case": "1. 대법원 1975. 12. 23. 선고 74도2215 판결(요형 형법 제355조삼(10) 552면 카1116 집23③형70 공531호8956), 대법원 1980. 9. 9. 선고 79도2637 판결(요형 형법 제355조삼(17) 553면 카12601 집28③형5 공643호13175) 2. 대법원 1983. 12. 13. 선고 83도2330 전원합의체 판결(요형 형법 제355조이(53)나550면 공721호227)"
  },
  "Class_info": {
    "class_name": "형사A(생활형)",
    "instance_name": "특정경제범죄가중처벌"
  }
}