{
  "info": {
    "id": 38017956,
    "dataType": "판결문",
    "caseNm": "권리행사방해",
    "caseTitle": "대법원 1989. 7. 25. 선고 88도410 판결",
    "courtType": "판례(대법원)",
    "courtNm": "대법원",
    "judmnAdjuDe": "1989-07-25",
    "caseNoID": "88도410",
    "caseNo": "88도410"
  },
  "jdgmn": "형법상 정당행위에 해당하지 않는다고 본사례",
  "jdgmnInfo": [
    {
      "question": "차량대여회사가 대여차량을 실력으로 회수한 행위는 정당행위에 해당되는가?",
      "answer": "부정"
    }
  ],
  "Summary": [
    {
      "summ_contxt": "이 사건 차량을 대여받은 사람들이 차량대여회사로부터 차량을 대여받으면서 장차 회사에 대한 지입료등 월납입금을 미납할 경우 회사 임의로 차량을 철수 회수하거나 번호판을 제거하여도 이의없다는 취지의 서면약정을 한 사실이 있음은 소론과 같으나, 위와 같이 대여받은 사람들 가운데 일부는 월납입금을 담보할 보증금을 예치하고 매월 지입료 등 명목의 금원을 납입하기로 하여 이 사건 차량회수 당시에 그 미납액이 보증금액수에 미달되어 있었고 또 일부는 당초 위 회사로부터 이 사건 차량을 인수한 자로부터 다시 인수하여 위 회사에 대한 지입료등 납부의무 자체의 존부와 그 액수가 불명확한 상태에 있었던 사정 등이 엿보이는 데다가 월납입금의 미납이 발생할 경우 회사측이 법적 절차에 의하지 아니하고 다소간의 실력을 행사하는 등 일방적으로 차량 등을 회수하여야만 될 급박한 필요성이 있게 된다고 볼만한 자료를 기록상 찾아볼 수 없는 이 사건에 있어서는 차량대여시에 위와 같은 서면약정을 받아 두었다 하여 차량 등을 실제로 회수할 때에 이를 회수당하고 사람들의 의사에 반한다면 일방적인 실력행사에 의하는 등의 판시 회수행위는 형법에 정한 정당행위에 해당한다 할 수 없다 할 것이다. 따라서 같은 견해에서 원심이 피고인들을 권리행사방해죄로 처단한 조치는 옳고 거기에 형법에 정한 정당행위에 대한 법리오해의 위법이 없다.",
      "summ_pass": "이 사건 차량회수 당시에 그 미납액이 보증금액수에 미달되어 있었고 또 일부는 당초 위 회사로부터 이 사건 차량을 인수한 자로부터 다시 인수하여 위 회사에 대한 지입료등 납부의무 자체의 존부와 그 액수가 불명확한 상태에 있었던 사정 등이 엿보이는 데다가 월납입금의 미납이 발생할 경우 회사측이 법적 절차에 의하지 아니하고 다소간의 실력을 행사하는 등 일방적으로 차량 등을 회수하여야만 될 급박한 필요성이 있게 된다고 볼만한 자료를 기록상 찾아볼 수 없는 이 사건에 있어서는 차량대여시에 위와 같은 서면약정을 받아 두었다 하여 차량 등을 실제로 회수할 때에 이를 회수당하고 사람들의 의사에 반한다면 일방적인 실력행사에 의하는 등의 판시 회수행위는 형법에 정한 정당행위에 해당한다 할 수 없다 할 것이다."
    }
  ],
  "keyword_tagg": [
    {
      "id": 1,
      "keyword": "권리행사방해"
    },
    {
      "id": 2,
      "keyword": "정당행위"
    },
    {
      "id": 3,
      "keyword": "권리행사방해죄"
    }
  ],
  "Reference_info": {
    "reference_rules": "형법 제20조, 형법 제323조",
    "reference_court_case": ""
  },
  "Class_info": {
    "class_name": "형사A(생활형)",
    "instance_name": "권리행사방해"
  }
}