{
  "info": {
    "id": 38017460,
    "dataType": "판결문",
    "caseNm": "위증",
    "caseTitle": "대법원 1988. 9. 27. 선고 88도236 판결",
    "courtType": "판례(대법원)",
    "courtNm": "대법원",
    "judmnAdjuDe": "1988-09-27",
    "caseNoID": "88도236",
    "caseNo": "88도236"
  },
  "jdgmn": "주관적 평가나 법률적 효력에 관한 견해를 부연한 부분에 다소의 오류가 있는 경우 위증죄의 성부",
  "jdgmnInfo": [
    {
      "question": "경험한 사실에 기초한 주관적 평가나 법률적 효력에 관한 견해를 부연한 부분에 다소의 오류가 있다 하여도 위증죄가 성립되는가?",
      "answer": "부정"
    }
  ],
  "Summary": [
    {
      "summ_contxt": "경험한 사실에 기초한 주관적 평가나 법률적 효력에 관한 견해를 부연한 부분에 다소의 오류가 있다 하여도 위증죄가 성립되는 것이 아니라 함은 소론과 같다 하겠으나(대법원 1984. 2. 14. 선고 83도37 판결;대법원 1981. 8. 25. 선고 80도2019 판결), 원심 및 제1심이 적법하게 인정한 사실에 의하면 당초 체결된 이 사건 매매계약이 해제되지 아니한 채 이행된 사실을 피고인이 잘 알면서도 위 매매계약상의 매도인인 임재국 등으로 하여금 조세감면혜택을 받게 할 목적으로 피고인이 같은 계약서상의 매수인회사 대표인 황종식으로부터 매매계약일자, 중도금지급일자 등을 달리한 계약서를 형식상으로 받아놓은 것임에도 불구하고 그 알고 있는 사실과 달리 먼저의 계약이 해제되고 새로운 계약을 체결하였다고 증언하였다는 것이니 이는 단순히 주관적 평가나 법률적 견해를 부연설명한 것이 아니라 기억에 반한 사실을 증언한 것으로써 이와 같은 사실을 위증죄로 인정 처단한 원심의 조처는 정당하고 원심이 위증죄의 법리를 오해하였다거나 심리미진으로 인한 판단유탈 내지 이유불비의 위법을 범하였다는 소론은 독자적 견해로서 이를 받아들일 수 없다.",
      "summ_pass": "경험한 사실에 기초한 주관적 평가나 법률적 효력에 관한 견해를 부연한 부분에 다소의 오류가 있다 하여도 위증죄가 성립되는 것이 아니다."
    }
  ],
  "keyword_tagg": [
    {
      "id": 1,
      "keyword": "위증"
    },
    {
      "id": 2,
      "keyword": "경험한 사실"
    },
    {
      "id": 3,
      "keyword": "심리미진"
    }
  ],
  "Reference_info": {
    "reference_rules": "형법 제152조 제1항",
    "reference_court_case": "대법원 1981. 8. 25. 선고 80도2019 판결, 대법원 1984. 2. 14. 선고 83도37 판결"
  },
  "Class_info": {
    "class_name": "형사A(생활형)",
    "instance_name": "위증"
  }
}