{
  "info": {
    "id": 38016103,
    "dataType": "판결문",
    "caseNm": "폭력행위등처벌에관한법률위반",
    "caseTitle": "서울고등법원 1989. 1. 27. 선고 88노3486 제3형사부판결 : 상고",
    "courtType": "판례(하급심)",
    "courtNm": "서울고등법원",
    "judmnAdjuDe": "1989-01-27",
    "caseNoID": "88노3486",
    "caseNo": "88노3486"
  },
  "jdgmn": "사회보호법 제5조 제1항 제1호 소정의 \"최종형의 전부 또는 일부의 집행을 받거나 면제를 받은 후\"의 의미",
  "jdgmnInfo": [
    {
      "question": "최종형의 집행에 관하여 형의 집행기관으로부터 전부 또는 일부의 집행을 받거나 면제를 받는 등의 조처를 받은 경우를 의미한다고 해석함이 상당하므로 최종형의 선고시 미결구금일수 40일만이 위 형에 산입되어 있을 뿐 위 형 자체가 집행되지 아니한 상태라면, 최종형의 일부의 집행을 받은 때로 해당되는가?",
      "answer": "부정"
    }
  ],
  "Summary": [
    {
      "summ_contxt": "기록에 의하면 피고인은 최종형인 1986. 11. 13. 대전지방법원 천안지원에서 폭력행위등처벌에관한법률위반죄로 징역 1년을 선고받아 그 형이 그달 21.에 확정된 사실은 있으나 피고인에 대해서는 이미 그애 1. 8.자로 구속집행정지결정이 되어 있어 당시 불구속상태로 재판을 받았기 때문에 위 형이 이 사건 범죄가 발생한 1988. 5. 1.이 지난 현재까지도 아직 집행되지 않은 상태로 있는 사실을 인정할 수 있는바, 그렇다면 이 사건의 경우는 필요적 보호감호의 대상이 아니된다고 할 것임에도 불구하고 원심은 위 최종형의 선고시 미결구금일수 40일을 산입한 것을 형의 일부가 집행된 것으로 보아 피고인에게 보호감호 10년에 처하는 선고를 하였으니 원심판결 중 감호청구부분에는 필경 형의 집행에 관한 법리를 오해함으로써 판결에 영향을 미치는 위법이 있다고 할 것이므로 이 점에서 원심판결 중 감호청구부분은 파기되어야 한다.",
      "summ_pass": "원심판결 중 감호청구부분에는 필경 형의 집행에 관한 법리를 오해함으로써 판결에 영향을 미치는 위법이 있다고 할 것이므로 이 점에서 원심판결 중 감호청구부분은 파기되어야 한다."
    }
  ],
  "keyword_tagg": [
    {
      "id": 1,
      "keyword": "폭력행위등처벌에관한법률위반"
    }
  ],
  "Reference_info": {
    "reference_rules": "형법 제57조, 사회보호법 제5조",
    "reference_court_case": ""
  },
  "Class_info": {
    "class_name": "형사A(생활형)",
    "instance_name": "보호감호"
  }
}