{
  "info": {
    "id": 38016320,
    "dataType": "판결문",
    "caseNm": "일반교통방해, 업무방해",
    "caseTitle": "대법원 1989. 6. 27. 선고 88도2264 판결",
    "courtType": "판례(대법원)",
    "courtNm": "대법원",
    "judmnAdjuDe": "1989-06-27",
    "caseNoID": "88도2264",
    "caseNo": "88도2264"
  },
  "jdgmn": "일반교통방해죄에 있어서의 ‘육로’의 의미",
  "jdgmnInfo": [
    {
      "question": "형법 제185조 소정의 일반교통방해죄에 있어서의 육로라 함은 그 관리자나 부지의 소유자가 누구인가 또는 그 노면폭이나 통행인의 다과 등을 불문하고 사실상 일반공중의 왕래에 공용되는 도로라 할 수 있는가?",
      "answer": "긍정"
    }
  ],
  "Summary": [
    {
      "summ_contxt": "형법 제185조 소정의 일반교통방해죄에 있어서의 육로라 합은 그 관리자나 부지의 소유자가 누구인가 또는 그 노면폭이나 통행인의 다과 등을 불문하고사실상 일반공중의 왕래에 공용되는 도로를 이르는 것이므로, 이와 같은 취지에서 원심이 피고인의 판시 범죄사실을 인정하여 형법 제185조 소정의 일반교통방해죄와 형법 제314조 소정의 업무방해죄의 상상적경합범으로 처단하였음은 정당하고, 거기에 논지가 주장하는 것과 같이 채증법칙위반으로 사실을 오인하거나 업무방해의 법리를 오해한 위법이 없으므로 논지는 이유 없다.",
      "summ_pass": "형법 제185조 소정의 일반교통방해죄에 있어서의 육로라 합은 그 관리자나 부지의 소유자가 누구인가 또는 그 노면폭이나 통행인의 다과 등을 불문하고사실상 일반공중의 왕래에 공용되는 도로를 이르는 것이다."
    }
  ],
  "keyword_tagg": [
    {
      "id": 1,
      "keyword": "형법"
    },
    {
      "id": 2,
      "keyword": "일반교통방해죄"
    },
    {
      "id": 3,
      "keyword": "육로"
    },
    {
      "id": 4,
      "keyword": "노면폭"
    },
    {
      "id": 5,
      "keyword": "통행인"
    },
    {
      "id": 6,
      "keyword": "일반공중"
    },
    {
      "id": 7,
      "keyword": "도로"
    }
  ],
  "Reference_info": {
    "reference_rules": "형법 제185조",
    "reference_court_case": "대법원 1971. 3. 9. 선고 71도152 판결, 대법원 1987. 4. 14. 선고 87도393 판결, 대법원 1988. 4. 25. 선고 88도18 판결"
  },
  "Class_info": {
    "class_name": "형사A(생활형)",
    "instance_name": "업무방해"
  }
}