{
  "info": {
    "id": 41017632,
    "dataType": "판결문",
    "caseNm": "횡령",
    "caseTitle": "대법원 1990. 12. 3. 선고 89도904 판결",
    "courtType": "판례(대법원)",
    "courtNm": "대법원",
    "judmnAdjuDe": "1990-12-03",
    "caseNoID": "89도904",
    "caseNo": "89도904"
  },
  "jdgmn": "용도를 특정하여 위탁받은 금전을 임의소비한 경우 횡령죄의 성부(적극)",
  "jdgmnInfo": [
    {
      "question": "용도를 특정하여 위탁받은 금전을 임의소비한 경우 횡령죄가 성립하는가?",
      "answer": "긍정"
    }
  ],
  "Summary": [
    {
      "summ_contxt": "위탁자로부터 특정용도에 사용하도록 위탁받은 금원을 수탁자가 그 용도에 사용하지 아니하고 임의로 소비한 경우에는 횡령죄를 구성하는 것인바, 원심이 이 사건에서 적법히 확정한 사실에 의하면 피고인은 피해자 안원길로부터 산재보험료 지불을 의뢰받아 그 보험료 불입금 15,000,000원을 보관중 임의로 피고인의 사업자금 등으로 소비하였다는 것이고, 기록에 의하여 살펴보아도 위와 같은 원심의 사실인정에 소론과 같은 사실오인의 위법이 없으므로 원심이 피고인을 횡령죄로 의율한 조치는 정당하다.",
      "summ_pass": "위탁자로부터 특정용도에 사용하도록 위탁받은 금원을 수탁자가 그 용도에 사용하지 아니하고 임의로 소비한 경우에는 횡령죄를 구성한다."
    }
  ],
  "keyword_tagg": [
    {
      "id": 1,
      "keyword": "횡령"
    }
  ],
  "Reference_info": {
    "reference_rules": "형법 제355조 제1항",
    "reference_court_case": ""
  },
  "Class_info": {
    "class_name": "형사A(생활형)",
    "instance_name": "횡령"
  }
}