{
  "info": {
    "id": 38016070,
    "dataType": "판결문",
    "caseNm": "보건범죄단속에관한특별조치법위반등피고사건",
    "caseTitle": "부산고등법원 1989. 10. 18. 선고 89노699 제2형사부판결 : 파기자판",
    "courtType": "판례(하급심)",
    "courtNm": "부산고등법원",
    "judmnAdjuDe": "1989-10-18",
    "caseNoID": "89노699",
    "caseNo": "89노699"
  },
  "jdgmn": "보건범죄단속에관한특별조치법 제2조 제1항 소정의 무허가식품가공행위와 무허가가공식품판매행위의 죄수(=경합범관계)",
  "jdgmnInfo": [
    {
      "question": "보건범죄단속에관한특별조치법 제2조 제1항 소정의 무허가식품가공행위와 무허가가공식품판매행위의 죄수가 경합범관계인가?",
      "answer": "긍정"
    }
  ],
  "Summary": [
    {
      "summ_contxt": "그런데 피고인 1에 대한 원심의 양형이 부당하다는 쌍방의 항소이유에 관하여는 이를 판단하기에 앞서 직권으로 살피건대, 원심판결 이유에 의하면, 원심은 식품가공업허가 없이 썩거나 상하여 인체의 건강을 해할 우려가 있는 먹장어 살코기를 가공하여 판매한 동피고인의 일련의 행위가 보건범죄단속에관한특별조치법 제2조 제1항 제1호 위반 및 식품위생법 제74조 위반의 두 죄에 해당되고, 이 두죄 상호간은 형법 제40조 소정의 상상적경합관계에 있는 것으로 판시하였으나 이 사건에 있어서와 같이 먹장어 살코기를 허가없이 판매의 목적으로 가공하였다 하여도 더 나아가 이를 현실적으로 판매하였을 때에는 그 판매행위가 위 특별조치법 제2조 제1항 제1호 소정의 무허가가공행위에 당연히 흡수되는 것이 아니라 그와는 별도로 무허가가공식품의 판매를 금하고 있는 같은 법 제2조 제1항 제1호 위반의 죄를 따로 구성하게 되는 것이고, 이 경우 무허가가공해위로 인한 위 특별조치법위반의 죄와 무허가가공식품의 판매행위로 인한 위 특별조치법위반의 죄는 형법 제37조 전단의 경합범관계에 있게 되며, 단지 허가없이 가공된 위 먹장어의 판매로 인한 위 특별조치법위반의 조와 원심판시의 식품위생범위반죄만이 형법 제40조의 상상적경합관계에 있게 되는 것이므로 이점을 좀 더 따져보지 아니한 채 만연히 위와 같은 판시를 하고 만 원심판결에는 위 특별조치법 제2조 제1항 위반죄의 죄수에 관한 법리를 오해한 위법이 있다 할 것이고, 이는 판결의 결과에도 영향을 미쳤음이 뚜렷한 바이므로 원심판결 중 피고인 1에 대한 부분은 파기를 면할 수 없다.",
      "summ_pass": "이점을 좀 더 따져보지 아니한 채 만연히 위와 같은 판시를 하고 만 원심판결에는 위 특별조치법 제2조 제1항 위반죄의 죄수에 관한 법리를 오해한 위법이 있다 할 것이고, 이는 판결의 결과에도 영향을 미쳤음이 뚜렷한 바이므로 원심판결 중 피고인 1에 대한 부분은 파기를 면할 수 없다."
    }
  ],
  "keyword_tagg": [
    {
      "id": 1,
      "keyword": "보건범죄단속에관한특별조치법"
    },
    {
      "id": 2,
      "keyword": "법리 오해"
    }
  ],
  "Reference_info": {
    "reference_rules": "보건범죄단속에관한특별조치법 제2조, 형법 제37조",
    "reference_court_case": ""
  },
  "Class_info": {
    "class_name": "형사A(생활형)",
    "instance_name": "보건/위생"
  }
}