{
  "info": {
    "id": 41017880,
    "dataType": "판결문",
    "caseNm": "미성년자의제강제추행",
    "caseTitle": "대법원 1990. 4. 13. 선고 90도154 판결",
    "courtType": "판례(대법원)",
    "courtNm": "대법원",
    "judmnAdjuDe": "1990-04-13",
    "caseNoID": "90도154",
    "caseNo": "90도154"
  },
  "jdgmn": "요치 2일의 피하일혈반을 미성년자의제강제추행치상죄에 있어서의 상해로 본 사례",
  "jdgmnInfo": [
    {
      "question": "요치 2일의 피하일혈반을 미성년자의제강제추행치상죄에 있어서의 상해로 볼 수 있는가?",
      "answer": "긍정"
    }
  ],
  "Summary": [
    {
      "summ_contxt": "피고인이 7세 1월 남짓밖에 안되는 피해자의 질내에 손가락을 넣어 만지는 등 추행을 하여 피해자의 음순 좌우 양측에 생긴 남적색 피하일혈반이 타박이나 마찰로 말미암아 음순내부에 피멍이 든 것으로서 그 상처부위에 소변의 독소가 들어가면 염증이 생길 수도 있는 것이라면, 그 상처를 치료하는데 필요한 기간이 2일에 불과하더라도, 형법 제301조 소정의 상해의 개념에 해당하는 것으로 보아야 한다.",
      "summ_pass": "요치 2일의 피하일혈반을 미성년자의제강제추행치상죄에 있어서의 상해로 볼 수 있다."
    }
  ],
  "keyword_tagg": [
    {
      "id": 1,
      "keyword": "피해자"
    },
    {
      "id": 2,
      "keyword": "피고인"
    }
  ],
  "Reference_info": {
    "reference_rules": "형법 제301조, 제305조",
    "reference_court_case": ""
  },
  "Class_info": {
    "class_name": "형사A(생활형)",
    "instance_name": "미성년자의제강제추행"
  }
}