{
  "info": {
    "id": 41017638,
    "dataType": "판결문",
    "caseNm": "폭력행위등처벌에관한법률위반",
    "caseTitle": "대법원 1990. 7. 27. 선고 90도1118 판결",
    "courtType": "판례(대법원)",
    "courtNm": "대법원",
    "judmnAdjuDe": "1990-07-27",
    "caseNoID": "90도1118",
    "caseNo": "90도1118"
  },
  "jdgmn": "항소심에서 부정기형이 선고된 후 성년이 된 것이 상고심에서의 파기사유가 되는지 여부(소극)",
  "jdgmnInfo": [
    {
      "question": "항소심에서 부정기형이 선고된 후 성년이 된 것이 상고심에서의 파기사유가 되는가?",
      "answer": "부정"
    }
  ],
  "Summary": [
    {
      "summ_contxt": "피고인이 항소심판결선고 당시 소년법 제2조 소정의 소년이어서 부정기형이 선고되었다면 그후 상고심에 와서 피고인이 성년이 되었다고 하더라도 부정기형을 선고한 항소심판결을 파기할 사유가 되지 않는다.",
      "summ_pass": "항소심에서 부정기형이 선고된 후 성년이 된 것이 상고심에서의 파기사유가 되지 않는다."
    }
  ],
  "keyword_tagg": [
    {
      "id": 1,
      "keyword": "항소심판결"
    },
    {
      "id": 2,
      "keyword": "부정기형"
    }
  ],
  "Reference_info": {
    "reference_rules": "소년법 제2조, 제60조 제1항, 형사소송법 제383조",
    "reference_court_case": "대법원 1989. 9. 29. 선고 89도1440 판결(공1990,1630), 대법원 1990. 7. 27. 선고 90도1233 판결"
  },
  "Class_info": {
    "class_name": "형사A(생활형)",
    "instance_name": "폭력행위등처벌에관한법률위반"
  }
}