{
  "info": {
    "id": 41017631,
    "dataType": "판결문",
    "caseNm": "배임수재",
    "caseTitle": "대법원 1991. 2. 26. 선고 90도2276 판결",
    "courtType": "판례(대법원)",
    "courtNm": "대법원",
    "judmnAdjuDe": "1991-02-26",
    "caseNoID": "90도2276",
    "caseNo": "90도2276"
  },
  "jdgmn": "양형부당만을 이유로 한 피고인과 검사의 항소에 대하여 검사의 항소를 기각하고 피고인의 항소를 일부 인용한 항소심 판결에 대하여, 피고인이 채증법칙위배로 인한 사실오인이나 법령위반 사유를 들어 상고할 수 있는지 여부(소극)",
  "jdgmnInfo": [
    {
      "question": "양형부당만을 이유로 한 피고인과 검사의 항소에 대하여 검사의 항소를 기각하고 피고인의 항소를 일부 인용한 항소심 판결에 대하여, 피고인이 채증법칙위배로 인한 사실오인이나 법령위반 사유를 들어 상고할 수 있는가?",
      "answer": "부정"
    }
  ],
  "Summary": [
    {
      "summ_contxt": "피고인은 제1심 판결에 대하여 양형부당만을 항소이유로 내세웠음이 명백하므로, 검사의 양형 부당 주장은 이유 없다 하여 검사의 항소를 기각하고 피고인의 양형 부당 주장이 이유있다 하여 제1심판결을 파기하고 그보다 가벼운 형을 선고한 원심판결에 대하여, 피고인으로서는 채증법칙위배로 인한 사실오인이나 법령위반사유를 들어 상고이유로 삼을 수는 없다 할 것이다.(당원 1990. 10. 10. 선고 90도1688 판결 참조) 그리고 원심판결에 달리 직권으로 조사할 사유를 찾아볼 수 없다.",
      "summ_pass": "피고인과 검사가 각각 양형부당만을 이유로 항소한 데 해하여 검사의 항소를 기각하고 피고인의 주장이 이유있다 하여 제1심판결을 파기하고 그보다 가벼운 형을 선고한 항소심판결에 대하여, 피고인으로서는 채증법칙 위배로 인한 사실오인이나 법령위반사유를 들어 상고할 수는 없다."
    }
  ],
  "keyword_tagg": [
    {
      "id": 1,
      "keyword": "채증법칙위배"
    },
    {
      "id": 2,
      "keyword": "검사의 항소"
    }
  ],
  "Reference_info": {
    "reference_rules": "형사소송법 제383조, 제384조",
    "reference_court_case": "대법원 1990. 10. 10. 선고 90도1688 판결(공1990,2330), 대법원 1990. 11. 27. 선고 90도2376 판결(공1991,296)"
  },
  "Class_info": {
    "class_name": "형사A(생활형)",
    "instance_name": "배임수재"
  }
}