{
  "info": {
    "id": 41017842,
    "dataType": "판결문",
    "caseNm": "업무상횡령",
    "caseTitle": "대법원 1990. 10. 16. 선고 90도1548 판결",
    "courtType": "판례(대법원)",
    "courtNm": "대법원",
    "judmnAdjuDe": "1990-10-16",
    "caseNoID": "90도1548",
    "caseNo": "90도1548"
  },
  "jdgmn": "심리를 미진하고 채증법칙을 위배하여 업무상횡령사실을 유죄로 잘못 인정한 위법이 있다고 하여 원심판결을 파기한 사례",
  "jdgmnInfo": [
    {
      "question": "심리를 미진하고 채증법칙을 위배하여 업무상 횡령사실을 유죄로 잘못 인정한 위법이 있으므로 판결을 파기하는가?",
      "answer": "긍정"
    }
  ],
  "Summary": [
    {
      "summ_contxt": "원심이 증거로 채택한 경리장부가 공장의 금전의 수입, 지출내용을 완전히 반영하여 작성된 것이라고 보기도 어렵다.\n더욱이 손님접대비 부분에 관하여는 경리장부의 기재와는 상관 없이 피고인이 그 차액을 횡령한 것이 아님을 원심도 인정한 바이다.\n사정이 이와 같다면 원심이 들고 있는 증거들을 종합한다한들 피고인이 금90,100원을 횡령하였다고 인정하기에 미흡한 것이라고 아니할 수 없다.\n따라서 원심판결에는 심리를 미진하고 채증법칙을 위배하여 사실을 잘못 인정한 위법이 있다고 할 것이므로 논지는 이유 있다.\n그러므로 원심판결을 파기하고 사건을 원심법원에 환송하기로 하여 관여 법관의 일치된 의견으로 주문과 같이 판결한다.",
      "summ_pass": "심리를 미진하고 채증법칙을 위배하여 업무상 횡령사실을 유죄로 잘못 인정한 위법이 있으므로 판결을 파기한다."
    }
  ],
  "keyword_tagg": [
    {
      "id": 1,
      "keyword": "채증법칙"
    }
  ],
  "Reference_info": {
    "reference_rules": "형법 제355조 제1항, 형사소송법 제308조",
    "reference_court_case": ""
  },
  "Class_info": {
    "class_name": "형사A(생활형)",
    "instance_name": "업무상횡령"
  }
}