{
  "info": {
    "id": 41017639,
    "dataType": "판결문",
    "caseNm": "강간치상, 강제추행, 폭력행위등처벌에관한법률위반",
    "caseTitle": "대법원 1990. 7. 24. 선고 90도1303 판결",
    "courtType": "판례(대법원)",
    "courtNm": "대법원",
    "judmnAdjuDe": "1990-07-24",
    "caseNoID": "90도1303",
    "caseNo": "90도1303"
  },
  "jdgmn": "경찰의 검증조서 중 피고인들이 증거로 함에 동의한 범행상황부분만을 증거로 채용한 조치의 적부(적극)",
  "jdgmnInfo": [
    {
      "question": "경찰의 검증조서 중 피고인들이 증거로 함에 동의한 범행상황부분만을 증거로 채용한 조치는 적법한가?",
      "answer": "긍정"
    }
  ],
  "Summary": [
    {
      "summ_contxt": "원심이 인용한 제1심채용증거들을 기록에 대조검토하여 볼 때 피고인들에 대한 판시 강간치상, 강제추행, 폭력행위등처벌에관한법률위반 범행을 모두 충분히 인정할 수 있고 그 증거취사과정에 채증법칙위반의 위법이 있다 할 수 없으며 피고인들의 검찰에서의 진술에 임의성이 없다고 여겨지지 아니한다.\n또한 피고인들은 제1심에서 경찰의 검증조서 가운데 범행부분만 부동의하고 현장상황부분에 대해서는 모두 증거로 함에 동의하였고 제1심 또한 위 검증조서 중 범행상황 부분만 채용하였음이 그 판시자체에 의하여 명백하므로 이를 증거로 채용한 데에 잘못이 없다. 논지는 모두 이유 없다.",
      "summ_pass": "피고인들이 제1심 법정에서 경찰의 검증조서 가운데 범행부분만 부동의하고 현장상황 부분에 대해서는 모두 증거로 함에 동의하였다면, 위 검증조서 중 범행상황 부분만을 증거로 채용한 제1심판결에 잘못이 없다."
    }
  ],
  "keyword_tagg": [
    {
      "id": 1,
      "keyword": "강간치상"
    },
    {
      "id": 2,
      "keyword": "강제추행"
    },
    {
      "id": 3,
      "keyword": "폭력행위등처벌에관한법률위반"
    }
  ],
  "Reference_info": {
    "reference_rules": "형사소송법 제312조 제1항, 제318조 제1항",
    "reference_court_case": ""
  },
  "Class_info": {
    "class_name": "형사A(생활형)",
    "instance_name": "강간치상, 강제추행, 폭력행위등처벌에관한법률위반"
  }
}