{
  "info": {
    "id": 41017828,
    "dataType": "판결문",
    "caseNm": "업무상과실치상",
    "caseTitle": "대법원 1990. 11. 13. 선고 90도1987 판결",
    "courtType": "판례(대법원)",
    "courtNm": "대법원",
    "judmnAdjuDe": "1990-11-13",
    "caseNoID": "90도1987",
    "caseNo": "90도1987"
  },
  "jdgmn": "부근에 고압전선이 설치되어 있는 건물옥상에 애드벌룬을 띄움에 있어서의 업무상 주의의무",
  "jdgmnInfo": [
    {
      "question": "광고업자가 건물옥상에 고정수소 2,850기압을 주입한 애드벌룬을 공중에 띄움에 있어서 당시 강풍이 불고 있었고 그곳 부근에 22,900볼트의 고압전선이 설치되어 있었다면 그 안전여부를 확인하면서 주민들에게 위험을 알려주어 주의를 환기시키고 애드벌룬이 고압선에 감겼을 때에도 안전하게 이를 제거할 방법을 강구할 업무상 주의의무가 있다고 볼 수 있는가?",
      "answer": "긍정"
    }
  ],
  "Summary": [
    {
      "summ_contxt": "원심인용의 제1심 판결이 든 증거에 의하면 피고인이 건물옥상에 고정수소 2,850기압을 주입한 애드벌룬을 50미터 높이를 공중에 띄움에 있어서 당시에 강풍이 불고 있었고 그곳 부근에 22,900볼트에 고압전선이 설치되어 있었으므로 그 안전여부를 확인하면서 주민들에게 위험을 알려주어 주의를 환기시키는 한편 위 애드벌룬이 고압선에 감겼을 때에도 안전하게 이를 제거할 방법을 강구할 업무상의 주의의무가 있다 할 것인데도 이와 같은 주의의무를 제대로 하지 아니하여 이 사건 사고가 발생한 사실을 인정할 수 있으므로 원심이 이에 대하여 업무상과실치사상죄로 다스린 것은 정당하고 거기에 지적하는 바와 같은 법리의 오해나 채증법칙을 어긴 위법이 없고 설사 이 사건 사고에 즈음하여 한전직원이나 피해자들에게 주장하는 바와 같은 잘못이 있다 하더라도 이 사건 범죄의 성립에는 영향이 없다.",
      "summ_pass": "원심이 이에 대하여 업무상과실치사상죄로 다스린 것은 정당하고 거기에 지적하는 바와 같은 법리의 오해나 채증법칙을 어긴 위법이 없고 설사 이 사건 사고에 즈음하여 한전직원이나 피해자들에게 주장하는 바와 같은 잘못이 있다 하더라도 이 사건 범죄의 성립에는 영향이 없다."
    }
  ],
  "keyword_tagg": [
    {
      "id": 1,
      "keyword": "업무상의 주의의무"
    },
    {
      "id": 2,
      "keyword": "업무상과실치사상"
    }
  ],
  "Reference_info": {
    "reference_rules": "형법 제268조",
    "reference_court_case": ""
  },
  "Class_info": {
    "class_name": "형사A(생활형)",
    "instance_name": "업무상과실치상"
  }
}