{
  "info": {
    "id": 41017856,
    "dataType": "판결문",
    "caseNm": "업무상횡령, 특정범죄가중처벌등에관한법률위반, 뇌물수수",
    "caseTitle": "대법원 1990. 9. 28. 선고 90도1092 판결",
    "courtType": "판례(대법원)",
    "courtNm": "대법원",
    "judmnAdjuDe": "1990-09-28",
    "caseNoID": "90도1092",
    "caseNo": "90도1092"
  },
  "jdgmn": "특정범죄가중처벌등에관한법률 제4조 제1항의 적용요건 및 위 법에 의하여 가중처벌하는 경우가 아닌 단순한 형법상 뇌물죄에 해당하는 경우에 정부관리기업체 간부를 공무원으로 보아 처벌할 수 있는지 여부(적극)",
  "jdgmnInfo": [
    {
      "question": "특정범죄가중처벌등에관한법률 제4조 제1항의 적용요건 및 위 법에 의하여 가중처벌하는 경우가 아닌 단순한 형법상 뇌물죄에 해당하는 경우에 정부관리기업체 간부를 공무원으로 보아 처벌할 수 있는가?",
      "answer": "긍정"
    }
  ],
  "Summary": [
    {
      "summ_contxt": "특정범죄가중처벌등에관한법률 제4조 제1항은 형법 제129조 내지 제132조의 적용에 있어서는 뇌물죄의 적용대상을 원래 공무원이 아닌 정부관리기업체의 간부직원에게로 확대 적용한다는 것으로, 정부관리기업체의 간부직원이 그 직무에 관하여 형법 제129조 내지 제132조의 죄를 범하였을 때는 그 죄가 성립하는 것으로 하여 그 각 법조의 특정범죄가중처벌등에관한법률을 적용한다는 뜻임은 문언상 명백하므로 이를 가중처벌하는 경우가 아닌 단순한 형법 제129조 내지 제132조에 해당하는 경우에는 정부관리기업체의 간부를 공무원으로 보아 처벌할 수 없다는 규정이라고 풀이할 수는 없다.",
      "summ_pass": "특정범죄가중처벌등에관한법률 제4조 제1항은 형법 제129조 내지 제132조의 적용에 있어서는 뇌물죄의 적용대상을 원래 공무원이 아닌 정부관리기업체의 간부직원에게로 확대 적용한다는 것이다."
    }
  ],
  "keyword_tagg": [
    {
      "id": 1,
      "keyword": "특정범죄가중처벌등에관한법률"
    },
    {
      "id": 2,
      "keyword": "간부직원"
    }
  ],
  "Reference_info": {
    "reference_rules": "특정범죄가중처벌등에관한법률 제2조, 제4조 제1항, 형법 제129조",
    "reference_court_case": "대법원 1971. 11. 23. 선고 71도1786 판결(집19(3) 형56), 대법원 1984. 8. 14. 선고 84도1139 판결(공1984,1568)"
  },
  "Class_info": {
    "class_name": "형사A(생활형)",
    "instance_name": "업무상횡령"
  }
}