{
  "info": {
    "id": 38015995,
    "dataType": "판결문",
    "caseNm": "특정범죄가중처벌등에관한법률위반(조세)",
    "caseTitle": "서울고등법원 1990. 11. 9. 선고 90노1217 제1형사부판결 : 확정",
    "courtType": "판례(하급심)",
    "courtNm": "서울고등법원",
    "judmnAdjuDe": "1990-11-09",
    "caseNoID": "90노1217",
    "caseNo": "90노1217"
  },
  "jdgmn": "유흥업소의 업주들과 공모하여 이루어진 매출액에 대한 부가가치세 포탈행위가 각 업소별로 성립하는 조세범처벌법위반죄의 경합범이라고 본 사례",
  "jdgmnInfo": [
    {
      "question": "유흥업소의 업주들과 공모하여 이루어진 매출액에 대한 부가가치세 포탈행위가 위 업주들 상호간에 공동관계가 인정되지 아니한다면 피고인의 위와 같은 행위는 부가가치세 포탈행위 전체를 포괄일죄로 볼 수 있나?",
      "answer": "부정"
    }
  ],
  "Summary": [
    {
      "summ_contxt": "원심은 위 업소 주인 각각의 포탈세액과 방법을 특정하지 아니하고 또 위 부가가치세 포탈행위 전체를 포괄1죄로 보아 피고인을 특정범죄가중처벌위반죄로 처단하였으니, 원심판결에는 판결에 영향을 미친 사실오인 내지 법리오해의 위법이 있다 할 것이므로(검사는 당심에 이르러 위 업소 주인 각각의 포탈세액과 방법을 특정하여 공소장을 변경하였다) 변호인의 나머지 항소이유에 관하여 판단할 필요도 없이 원심판결은 파기를 면할 수 없다 할 것이다. 한편 동일한 공소사실에 대하여 죄명 및 적용법조를 특정범죄가중처벌등에관한법률위반죄와 그 법률조항으로 표시하여 기소한 것을 조세범처벌법위반죄로 인정, 의율하는 것은 그 공소사실의 동일성을 해하지 아니하는 경우로서 공소장변경절차 없이도 법원이 심판 할 수 있는 때라 할 것이므로 그 죄명과 적용법조에 관한 공소장 변경 없이 피고인이 위 업소 주인들 각각과 개별적으로 공모하여 한 각 부가가치세 포탈행위에 대하여 조세범처벌법을 적용하여 판단하기로 한다.",
      "summ_pass": "한편 동일한 공소사실에 대하여 죄명 및 적용법조를 특정범죄가중처벌등에관한법률위반죄와 그 법률조항으로 표시하여 기소한 것을 조세범처벌법위반죄로 인정, 의율하는 것은 그 공소사실의 동일성을 해하지 아니하는 경우로서 공소장변경절차 없이도 법원이 심판 할 수 있는 때라 할 것이므로 그 죄명과 적용법조에 관한 공소장 변경 없이 피고인이 위 업소 주인들 각각과 개별적으로 공모하여 한 각 부가가치세 포탈행위에 대하여 조세범처벌법을 적용하여 판단하기로 한다."
    }
  ],
  "keyword_tagg": [
    {
      "id": 1,
      "keyword": "특정범죄가중처벌등에관한법률위반"
    }
  ],
  "Reference_info": {
    "reference_rules": "구 특정범죄가중처벌등에관한법률(1990. 12. 31. 법률 제4291호로 개정되기 전의 것) 제8조 / 조세범처벌법 제9조 / 형법 제37조",
    "reference_court_case": ""
  },
  "Class_info": {
    "class_name": "형사A(생활형)",
    "instance_name": "특정경제범죄가중처벌"
  }
}