{
  "info": {
    "id": 41017641,
    "dataType": "판결문",
    "caseNm": "위증",
    "caseTitle": "대법원 1990. 6. 8. 선고 90도569 판결",
    "courtType": "판례(대법원)",
    "courtNm": "대법원",
    "judmnAdjuDe": "1990-06-08",
    "caseNoID": "90도569",
    "caseNo": "90도569"
  },
  "jdgmn": "채증법칙을 위반하거나 심리를 다하지 아니하여 판결결과에 영향을 미친 위법이 있다 하여 위증죄의 유죄를 인정한 원심판결을 파기한 사례",
  "jdgmnInfo": [
    {
      "question": "채증법칙을 위반하거나 심리를 다하지 아니하여 판결결과에 영향을 미친 위법이 있다면 위증죄의 유죄를 인정한 원심판결을 파기하는가?",
      "answer": "긍정"
    }
  ],
  "Summary": [
    {
      "summ_contxt": "피고인이 이 사건 공소사실을 시인하는 확인서를 작성하였다는 공소외 박○○의 경찰에서의 진술은 그 확인서가 10여 년이 지난 후인 1987. 3. 15.에 작성되었을 뿐만 아니라 피고인이 그 작성경위에 대하여 그 확인서의 기재내용을 잘 이해하지 못하고 위 박○○의 요구에 따라서 위 박○○가 작성한 확인서에 무심코 날인만 하여 주었다고 주장하고 있고, 그 내용이 피고인의 일관된 주장과 부합하지 아니한 점에 비추어 선뜻 믿을 수가 없다.\n더욱 등기부상 공소외 1과 박△△ 명의로 등기가 이전된 후 10여 년이 경과하도록 아무런 이의가 없다가 공소외 1이 낙농사업에 실패하고 이 임야를 타에 처분하고 나서 문제를 삼고 나선 점에 대한 이유도 밝혀볼 필요가 있을 것이다.\n이와 같이 그 신빙성에 의심할 만한 증거들에 의하여 공소사실을 유죄로 인정한 원심은 채증법칙을 위반하였거나 심리를 다하지 아니한 위법을 범하여 판결결과에 영향을 미쳤다 할 것이다.",
      "summ_pass": "신빙성에 의심할 만한 증거들에 의하여 공소사실을 유죄로 인정한 원심은 채증법칙을 위반하였거나 심리를 다하지 아니한 위법을 범하여 판결결과에 영향을 미쳤다 할 것이다."
    }
  ],
  "keyword_tagg": [
    {
      "id": 1,
      "keyword": "채증법칙 위반"
    },
    {
      "id": 2,
      "keyword": "공소사실"
    }
  ],
  "Reference_info": {
    "reference_rules": "형사소송법 제308조, 형법 제152조 제1항",
    "reference_court_case": ""
  },
  "Class_info": {
    "class_name": "형사A(생활형)",
    "instance_name": "행정처분"
  }
}