{
  "info": {
    "id": 41016990,
    "dataType": "판결문",
    "caseNm": "업무상횡령, 업무상배임",
    "caseTitle": "대법원 1990. 11. 27. 선고 90도1335 판결",
    "courtType": "판례(대법원)",
    "courtNm": "대법원",
    "judmnAdjuDe": "1990-11-27",
    "caseNoID": "90도1335",
    "caseNo": "90도1335"
  },
  "jdgmn": "업무상배임죄에 해당하는 데도 업무상횡령죄로 처벌한 것이 판결에 영향을 미치는 위법인지 여부(소극)",
  "jdgmnInfo": [
    {
      "question": "업무상배임죄에 해당하는 데도 업무상횡령죄로 처벌한 것이 판결에 영향을 미치는 위법인가?",
      "answer": "부정"
    }
  ],
  "Summary": [
    {
      "summ_contxt": "업무상배임죄와 업무상횡령죄는 다같이 신임관계를 기본으로 하고 있는 재산범죄로서 그 형벌에 있어서도 같은 조문에 규정되어 경중의 차이가 없으므로 업무상배임죄에 해당하는데도 이를 업무상횡령죄로 처벌하였다 하더라도 그와 같은 법령적용의 잘못은 판결결과에 영향을 미치는 것이 아니다.",
      "summ_pass": "업무상배임죄와 업무상횡령죄는 다같이 신임관계를 기본으로 하고 있는 재산범죄로서 그 형벌에 있어서도 같은 조문에 규정되어 있으므로 법령적용의 잘못은 판결결과에 영향을 미치는 것이 아니다."
    }
  ],
  "keyword_tagg": [
    {
      "id": 1,
      "keyword": "업무상횡령"
    },
    {
      "id": 2,
      "keyword": "업무상배임"
    }
  ],
  "Reference_info": {
    "reference_rules": "형사소송법 제361조의5 제1호, 형법 제356조",
    "reference_court_case": ""
  },
  "Class_info": {
    "class_name": "형사A(생활형)",
    "instance_name": "업무상횡령"
  }
}