{
  "info": {
    "id": 41017221,
    "dataType": "판결문",
    "caseNm": "재물은닉",
    "caseTitle": "대법원 1990. 9. 25. 선고 90도1591 판결",
    "courtType": "판례(대법원)",
    "courtNm": "대법원",
    "judmnAdjuDe": "1990-09-25",
    "caseNoID": "90도1591",
    "caseNo": "90도1591"
  },
  "jdgmn": "영업을 방해하기 위하여 타인이 설치하려는 철조망을 영업자가 당초 놓여 있던 곳으로부터 200 내지 300미터 떨어진 곳으로 옮긴 행위에 있어 재물은닉의 범의가 없다고 한 사례",
  "jdgmnInfo": [
    {
      "question": "영업을 방해하기 위하여 타인이 설치하려는 철조망을 영업자가 당초 놓여 있던 곳으로부터 200 내지 300미터 떨어진 곳으로 옮긴 행위에 있어 재물은닉의 범의가 인정되는가?",
      "answer": "부정"
    }
  ],
  "Summary": [
    {
      "summ_contxt": "갑 소유였다가 약정에 따라 을 명의로 이전되었으나 권리관계에 다툼이 생긴 토지상에서 갑이 버스공용터미널을 운영하고 있는 데 을이 갑의 영업을 방해하기 위하여 철조망을 설치하려 하자 갑이 위 철조망을 가까운 곳에 마땅한 장소가 없어 터미널로부터 약 200 내지 300미터가량 떨어진 갑 소유의 다른 토지 위에 옮겨 놓았다면 갑의 행위에는 재물의 소재를 불명하게 함으로써 그 발견을 곤란 또는 불가능하게 하여 그 효능을 해하게 하는 재물은닉의 범의가 있다고 할 수 없다.",
      "summ_pass": "영업을 방해하기 위하여 타인이 설치하려는 철조망을 영업자가 당초 놓여 있던 곳으로부터 200 내지 300미터 떨어진 곳으로 옮긴 행위에 있어 재물은닉의 범의가 없다."
    }
  ],
  "keyword_tagg": [
    {
      "id": 1,
      "keyword": "재물은닉"
    }
  ],
  "Reference_info": {
    "reference_rules": "형법 제366조",
    "reference_court_case": ""
  },
  "Class_info": {
    "class_name": "형사A(생활형)",
    "instance_name": "재물은닉"
  }
}