{
  "info": {
    "id": 41015016,
    "dataType": "판결문",
    "caseNm": "사기",
    "caseTitle": "대법원 1991. 3. 27. 선고 90도2978 판결",
    "courtType": "판례(대법원)",
    "courtNm": "대법원",
    "judmnAdjuDe": "1991-03-27",
    "caseNoID": "90도2978",
    "caseNo": "90도2978"
  },
  "jdgmn": "제1심판결에 대하여 피고인과 검사가 모두 항소하였으나 피고인은 항소이유서 제출기간 내에 항소이유서를 제출하지 아니하였는데 항소심이 피고인과 검사의 항소를 모두 기각한 경우, 항소심판결에 대하여 피고인이 사실오인 및 채증법칙위반을 이유로 상고할 수 있는지 여부(소극)",
  "jdgmnInfo": [
    {
      "question": "제1심판결에 대하여 피고인과 검사가 모두 항소하였으나 피고인은 항소이유서 제출기간 내에 항소이유서를 제출하지 아니하였는데 항소심이 피고인과 검사의 항소를 모두 기각한 경우, 항소심판결에 대하여 피고인이 사실오인 및 채증법칙위반을 이유로 상고할 수 있는가?",
      "answer": "부정"
    }
  ],
  "Summary": [
    {
      "summ_contxt": "제1심판결에 대하여 피고인과 검사가 모두 항소하였으나, 피고인은 형사소송법 제361조의3 제1항에 규정된 항소이유서 제출기간 내에 항소이유서를 제출하지 아니하였고, 제1심의 형의 양정이 부당하다고 인정되지 아니하여 검사의 항소도 이유가 없는 것으로 판단된 결과, 원심이 판결로써 피고인의 항소와 검사의 항소를 모두 기각하였음이 기록상 분명하므로, 피고인으로서는 자신이 항소를 하지 아니한 경우와 마찬가지로, 소론과 같은 사유를 원심판결에 대한 상고이유로 할 수 없는 것이다.",
      "summ_pass": "원심이 판결로써 피고인의 항소와 검사의 항소를 모두 기각하였음이 기록상 분명하므로, 피고인으로서는 자신이 항소를 하지 아니한 경우와 마찬가지로, 소론과 같은 사유를 원심판결에 대한 상고이유로 할 수 없는 것이다."
    }
  ],
  "keyword_tagg": [
    {
      "id": 1,
      "keyword": "항소이유서 제출기간"
    },
    {
      "id": 2,
      "keyword": "형의 양정이 부당"
    }
  ],
  "Reference_info": {
    "reference_rules": "형사소송법 제361조의3 제1항, 제371조, 제383조",
    "reference_court_case": "대법원 1966. 2. 22. 선고 66도16 판결, 대법원 1986. 5. 27. 선고 86도479,86감도67 판결, 대법원 1990. 1. 25. 선고 89도2166 판결"
  },
  "Class_info": {
    "class_name": "형사A(생활형)",
    "instance_name": "사기"
  }
}