{
  "info": {
    "id": 41017651,
    "dataType": "판결문",
    "caseNm": "폭력행위등처벌에관한법률위반",
    "caseTitle": "대법원 1990. 3. 27. 선고 90도292 판결",
    "courtType": "판례(대법원)",
    "courtNm": "대법원",
    "judmnAdjuDe": "1990-03-27",
    "caseNoID": "90도292",
    "caseNo": "90도292"
  },
  "jdgmn": "불법적인 공격으로부터 벗어나기 위한 소극적 방어행위로서 정당행위에 해당한다고 본 사례",
  "jdgmnInfo": [
    {
      "question": "피고인이 피해자와 그 일행으로부터 더이상 맞지 않기 위하여 피해자의 손을 잡아 뿌리치고 목부분을 1회 밀어버림으로써 피해자가 땅에 넘어지게 된 것이라면 피고인의 행위는 불법한 공격적인 행위가 아니라 공격으로부터 벗어나기 위한 소극적인 방어행위로서 사회상규에 위배되지 않는 행위라고 볼 것인가?",
      "answer": "긍정"
    }
  ],
  "Summary": [
    {
      "summ_contxt": "피고인이 판시의 나 호현 등 일행으로부터 더이상 맞지 않기 위하여 나 호현의 손을 잡아 뿌리치고 목부분을 1회 밀어버림으로써 위 나 호현이 땅에 넘어지게 된 사실을 인정한 조치에 수긍이 가 거기에 심리미진 내지 채증법칙위배로 인한 사실오인의 위법이 있다 할 수 없으며, 피고인의 위 행위는 그 동기나 당시의 정황으로 보아 불법한 공격적인 행위가 아니라 오히려 위 나○○ 등 일행의 불법적인 공격으로부터 벗어나기 위한 소극적인 방어행위로서 사회상규에 위배되지 않는 행위라고 보여지므로 원심이 같은 취지에서 피고인의 행위는 위법성이 조각되어 범죄로 되지 않는다고 판시한 것은 옳고 거기에 정당행위에 관한 법리오해의 위법이 없다.",
      "summ_pass": "피고인이 피해자와 그 일행으로부터 더이상 맞지 않기 위하여 피해자의 손을 잡아 뿌리치고 목부분을 1회 밀어버림으로써 피해자가 땅에 넘어지게 된 것이라면 피고인의 행위는 불법한 공격적인 행위가 아니라 공격으로부터 벗어나기 위한 소극적인 방어행위로서 사회상규에 위배되지 않는 행위라고 볼 것이다."
    }
  ],
  "keyword_tagg": [
    {
      "id": 1,
      "keyword": "소극적인 방어행위"
    }
  ],
  "Reference_info": {
    "reference_rules": "형법 제20조",
    "reference_court_case": ""
  },
  "Class_info": {
    "class_name": "형사A(생활형)",
    "instance_name": "폭력행위등처벌에관한법률위반"
  }
}