{
  "info": {
    "id": 41017533,
    "dataType": "판결문",
    "caseNm": "강간치상, 강간미수",
    "caseTitle": "대법원 1991. 10. 22. 선고 91도1832 판결",
    "courtType": "판례(대법원)",
    "courtNm": "대법원",
    "judmnAdjuDe": "1991-10-22",
    "caseNoID": "91도1832",
    "caseNo": "91도1832"
  },
  "jdgmn": "피해자의 반항을 억압하는 과정에서 주먹으로 피해자의 얼굴과 머리를 때려피해자가 코피를 흘리고 콧등이 부었으나 일상생활에 지장이 없고 또 자연적으로 치료될 수 있는 경우 강간치상죄에 있어서의 상해에 해당하는지 여부(적극)",
  "jdgmnInfo": [
    {
      "question": "피해자의 반항을 억압하는 과정에서 주먹으로 피해자의 얼굴과 머리를 때려피해자가 코피를 흘리고 콧등이 부었으나 일상생활에 지장이 없고 또 자연적으로 치료될 수 있는 경우 강간치상죄에 있어서의 상해에 해당하는가?",
      "answer": "긍정"
    }
  ],
  "Summary": [
    {
      "summ_contxt": "피고인이 강간하려고 피해자의 반항을 억압하는 과정에서 주먹으로 피해자의 얼굴과 머리를 몇 차례 때려 피해자가 코피를 흘리고(흘린 코피가 이불에 손바닥 만큼의 넓이로 묻었음) 콧등이 부었다면 비록 병원에서 치료를 받지 않더라도 일상생활에 지장이 없고 또 자연적으로 치료될 수 있는 것이라 하더라도 강간치상죄에 있어서의 상해에 해당한다.",
      "summ_pass": "피고인이 강간하려고 피해자의 반항을 억압하는 과정에서 주먹으로 피해자의 얼굴과 머리를 몇 차례 때려 피해자가 코피를 흘리고 콧등이 부었다면 일상생활에 지장이 없고 또 자연적으로 치료될 수 있는 것이라 하더라도 강간치상죄에 있어서의 상해에 해당한다."
    }
  ],
  "keyword_tagg": [
    {
      "id": 1,
      "keyword": "강간치상"
    }
  ],
  "Reference_info": {
    "reference_rules": "형법 제301조",
    "reference_court_case": ""
  },
  "Class_info": {
    "class_name": "형사A(생활형)",
    "instance_name": "행정처분"
  }
}