{
  "info": {
    "id": 38015721,
    "dataType": "판결문",
    "caseNm": "업무상과실치상",
    "caseTitle": "서울형사지방법원 1992. 6. 3. 선고 91노7702 제1부판결 : 상고기각",
    "courtType": "판례(하급심)",
    "courtNm": "서울형사지방법원",
    "judmnAdjuDe": "1992-06-03",
    "caseNoID": "91노7702",
    "caseNo": "91노7702"
  },
  "jdgmn": "전신마취에 의한 의료사고에 대하여 의사에게 마취 과정상의 시술 및 관찰에 있어서 업무상 주의의무를 위반한 과실이 없다고 본 사례",
  "jdgmnInfo": [
    {
      "question": "전신마취에 의한 의료사고에 대하여 의사에게 마취 과정상의 시술 및 관찰에 있어서 범죄의 증빙이 없는 경우 업무상 주의의무를 위반한 과실에 해당하나?",
      "answer": "부정"
    }
  ],
  "Summary": [
    {
      "summ_contxt": "피고인 1은 이를 게을리하여 같은 날 08:45경 위 피해자에 대하여 기관 내 삽관을 마치고 투여되는 할로탄 농도를 3%로 맞추어 놓은 직후 레지던트 과정을 시작한 지 1주일밖에 되지 아니한 피고인 2에게 아무런 지시도 하지 아니한 채 위 수술실을 나가고, 피고인 2는 위 피해자의 혈압, 맥박 등 상태와 할로탄 투여량 등에 대한 관찰을 게을리하여 같은 날 09:00경 위 수술실 앞을 지나가던 같은 병원 3년차 레지던트인 공소외인에 의하여 위 피해자의 맥박이 급속히 낮아지고 있음이 발견될 때까지 계속하여 3%의 고농도의 할로탄이 위 피해자에게 투여되도록 방치함으로써 그 무렵 피해자의 심장이 정지되게 하고 피해자에 대한 심폐소생술로 수분 이내에 심장기능은 회복되었으나 심장이 정지되어 있는 동안의 뇌세포에 대한 산소공급부족으로 인하여 위 피해자로 하여금 저산소성 뇌증으로 식물인간상태에 이르게 한 것이다라고 함에 있는바, 앞서 항소이유에 관한 판단에서 살핀 바와 같은 이유로 결국 이 사건 공소사실은 범죄의 증명이 없는 때에 해당하므로 형사소송법 제325조 후단에 의하여 피고인들에 대하여 무죄를 선고한다.",
      "summ_pass": "앞서 항소이유에 관한 판단에서 살핀 바와 같은 이유로 결국 이 사건 공소사실은 범죄의 증명이 없는 때에 해당하므로 형사소송법 제325조 후단에 의하여 피고인들에 대하여 무죄를 선고한다."
    }
  ],
  "keyword_tagg": [
    {
      "id": 1,
      "keyword": "범죄의 증명이 없는 때"
    },
    {
      "id": 2,
      "keyword": "형사소송법"
    }
  ],
  "Reference_info": {
    "reference_rules": "형법 제268조",
    "reference_court_case": ""
  },
  "Class_info": {
    "class_name": "형사A(생활형)",
    "instance_name": "업무상과실"
  }
}