{
  "info": {
    "id": 41017536,
    "dataType": "판결문",
    "caseNm": "공갈",
    "caseTitle": "대법원 1991. 9. 24. 선고 91도1824 판결",
    "courtType": "판례(대법원)",
    "courtNm": "대법원",
    "judmnAdjuDe": "1991-09-24",
    "caseNoID": "91도1824",
    "caseNo": "91도1824"
  },
  "jdgmn": "피해자의 기망에 의하여 부동산을 비싸게 매수한 피고인이 그 계약을 취소함이 없이 등기를 피고인 앞으로 둔 채 피해자를 협박하여 재산상의 이득을 얻거나 돈을 받은 행위가 공갈죄를 구성하는지 여부(적극)",
  "jdgmnInfo": [
    {
      "question": "피해자의 기망에 의하여 부동산을 비싸게 매수한 피고인이 그 계약을 취소함이 없이 등기를 피고인 앞으로 둔 채 피해자를 협박하여 재산상의 이득을 얻거나 돈을 받은 행위가 공갈죄를 구성하는가?",
      "answer": "긍정"
    }
  ],
  "Summary": [
    {
      "summ_contxt": "피해자의 기망에 의하여 부동산을 비싸게 매수한 피고인이라도 그 계약을 취소함이 없이 등기를 피고인 앞으로 둔 채 피해자의 전매차익을 받아낼 셈으로 피해자를 협박하여 재산상의 이득을 얻거나 돈을 받았다면 이는 정당한 권리행사의 범위를 넘은 것으로서 사회통념상 용인될 수 없으므로 공갈죄를 구성한다.",
      "summ_pass": "피해자의 기망에 의하여 부동산을 비싸게 매수한 피고인이라도 그 계약을 취소함이 없이 등기를 피고인 앞으로 둔 채 피해자를 협박하여 재산상의 이득을 얻거나 돈을 받았다면 이는 정당한 권리행사의 범위를 넘은 것으로서 공갈죄를 구성한다."
    }
  ],
  "keyword_tagg": [
    {
      "id": 1,
      "keyword": "공갈"
    }
  ],
  "Reference_info": {
    "reference_rules": "형법 제20조, 제350조",
    "reference_court_case": ""
  },
  "Class_info": {
    "class_name": "형사A(생활형)",
    "instance_name": "행정처분"
  }
}