{
  "info": {
    "id": 38015732,
    "dataType": "판결문",
    "caseNm": "간통등",
    "caseTitle": "서울형사지방법원 1992. 2. 28. 선고 91고합1557 제23부판결 : 확정",
    "courtType": "판례(하급심)",
    "courtNm": "서울형사지방법원",
    "judmnAdjuDe": "1992-02-28",
    "caseNoID": "91고합1557",
    "caseNo": "91고합1557"
  },
  "jdgmn": "유부남이 강간(준강간)행위를 한 경우, 강간죄 외에 별도로 간통죄를 구성하는지 여부(소극)",
  "jdgmnInfo": [
    {
      "question": "유부남인 피고인에 대한 간통죄의 공소사실상의 성교가 피고인의 강간행위에 의하여 이루어진 것이고 상대방과 사이에 성교에 관한 의사의 합치를 전혀 찾아볼 수 없다면 간통죄에 해당하는가?",
      "answer": "부정"
    }
  ],
  "Summary": [
    {
      "summ_contxt": "간통죄가 필요적 공범을 요하는 대향적 범죄임에 비추어 간통죄에 있어서의 간통이라 함은 행위자 쌍방 사이에 성교의 의사의 합치가 있어야 성립한다 할 것이고, 강간, 준강간 등과 같이 행위자 일방에게 성교의 의사가 없는 경우에는 성교의 의사를 가진 행위자에 대하여도 간통죄가 성립한다고 보기 어렵다고 할 것이다. 따라서 앞서 판시 1의 나부분에서 본 바와 같이 위 공소사실상의 성교가 피고인의 강간행위에 의하여 이루어진 것이고, 피고인 2와 사이에 성교에 관한 의사의 합치를 전혀 찾아볼 수 없는 이상, 피고인 2의 경우에 있어서는 물론이고 피고인 1의 경우에 있어서도 별도로 간통죄를 구성하지는 아니한다 할 것이므로, 위 공소사실은 죄가 되지 아니하는 경우에 해당하여 형법 제325조 전단에 의하여 무죄를 선고할 것이나, 위 공소사실과 상상적경합관계에 있다고 할 수 있는 판시 강간치상죄를 유죄로 인정한 이상 따로 주문에서 무죄의 선고를 하지 아니한다.",
      "summ_pass": "위 공소사실은 죄가 되지 아니하는 경우에 해당하여 형법 제325조 전단에 의하여 무죄를 선고할 것이나, 위 공소사실과 상상적경합관계에 있다고 할 수 있는 판시 강간치상죄를 유죄로 인정한 이상 따로 주문에서 무죄의 선고를 하지 아니한다."
    }
  ],
  "keyword_tagg": [
    {
      "id": 1,
      "keyword": "필요적 공범"
    },
    {
      "id": 2,
      "keyword": "의사의 합치"
    }
  ],
  "Reference_info": {
    "reference_rules": "형법 제241조 제1항",
    "reference_court_case": ""
  },
  "Class_info": {
    "class_name": "형사A(생활형)",
    "instance_name": "간통"
  }
}