{
  "info": {
    "id": 38015773,
    "dataType": "판결문",
    "caseNm": "공문서위조등",
    "caseTitle": "부산지방법원 1991. 11. 26. 선고 91고합867 제3형사부판결 : 확정",
    "courtType": "판례(하급심)",
    "courtNm": "부산지방법원",
    "judmnAdjuDe": "1991-11-26",
    "caseNoID": "91고합867",
    "caseNo": "91고합867"
  },
  "jdgmn": "수입면장의 사본을 일부 변개하여 전자복사한 후 이를 보세장치장 담당직원에게 팩시밀리로 전송한 행위와 공문서위조 및 동행사죄의 성부",
  "jdgmnInfo": [
    {
      "question": "세관통관업무를 의뢰받은 관세사사무소 사무원이 다른 수입업자가 발급받은 수입면장사본상의 신고자 번호란, 수입자 상호란, 납세의무자 주소 성명란, 품명란 등을 지우고 새로운 내용을 기재한 후 전자복사기로 복사하여 다른 내용의 세관장 명의의 수입면장을 만들고 사용 하였다면 공문서 위조 및 동행사죄에 해당하는가?",
      "answer": "긍정"
    }
  ],
  "Summary": [
    {
      "summ_contxt": "2. 그 시경 위와 같이 위조한 수입면장을 공소외 1에게 팩시밀리로 전송하고 동녀를 통하여 다시 팩시밀리로 주식회사 동보보세장치장의 성명불상의 담당자에게 마치 진정하게 만들어 진 것인 양 전송하게 함으로써 이를 행사한 것이다. 판시사실은, 1. 피고인의 이 법정에서의 판시사실에 부합하는 진술 1. 사법경찰관직무취급 작성의 공소외 1에 대한 피의자진술조서사본 및 공소외 2에 대한 진술조서사본 중 판시사실에 부합하는 각 진술기재 등을 종합하면 이를 인정할 수 있으므로 판시사실은 모두 그 증명이 충분하다.",
      "summ_pass": "판시사실은, 1. 피고인의 이 법정에서의 판시사실에 부합하는 진술 1. 사법경찰관직무취급 작성의 공소외 1에 대한 피의자진술조서사본 및 공소외 2에 대한 진술조서사본 중 판시사실에 부합하는 각 진술기재 등을 종합하면 이를 인정할 수 있으므로 판시사실은 모두 그 증명이 충분하다."
    }
  ],
  "keyword_tagg": [
    {
      "id": 1,
      "keyword": "사법경찰관"
    },
    {
      "id": 2,
      "keyword": "보세장치장"
    }
  ],
  "Reference_info": {
    "reference_rules": "형법 제225조, 제228조",
    "reference_court_case": "대법원 1989. 9. 12. 선고 87도506 전원합의체 판결(집37③601 공1989, 1418)"
  },
  "Class_info": {
    "class_name": "형사A(생활형)",
    "instance_name": "공문서/사문서"
  }
}