{
  "info": {
    "id": 41017527,
    "dataType": "판결문",
    "caseNm": "배임수재, 배임증재",
    "caseTitle": "대법원 1991. 11. 26. 선고 91도2418 판결",
    "courtType": "판례(대법원)",
    "courtNm": "대법원",
    "judmnAdjuDe": "1991-11-26",
    "caseNoID": "91도2418",
    "caseNo": "91도2418"
  },
  "jdgmn": "가. 공사 도급 회사의 현장감독이 수급인으로부터 공사시공에 하자가 있더라도 묵인하여 달라는 취지의 청탁을 받고 금원을 수령한 경우, 이들을 배임수증죄로 의율한 사례\n나. 약식명령에 대한 피고인의 정식재판청구가 있는 경우의 불이익변경금지원칙 적용 여부(소극)",
  "jdgmnInfo": [
    {
      "question": "약식명령에 대한 피고인의 정식재판청구가 있는 경우의 불이익변경금지원칙이 적용되는가?",
      "answer": "부정"
    }
  ],
  "Summary": [
    {
      "summ_contxt": "가. 한국전력공사 소속 송전배원으로 송전설비관리 및 송전선로공사의 현장감독업무를 하던 피고인 갑이 송전선로 철탑이설공사를 도급받아 시공하는 피고인 을로부터 공사시공에 하자가 있더라도 묵인하여 달라는 취지의 청탁을 받고 금원을 수령한 경우, 피고인들을 배임수증죄로 의율한 사례.\n나. 약식명령이 고지된 사건에서 피고인의 정식재판청구가 있으면 약식명령은 효력을 잃게 되고 여기에는 이른바 불이익변경금지원칙이 적용되지 아니한다.",
      "summ_pass": "약식명령이 고지된 사건에서 피고인의 정식재판청구가 있으면 약식명령은 효력을 잃게 되고 여기에는 이른바 불이익변경금지원칙이 적용되지 아니한다."
    }
  ],
  "keyword_tagg": [
    {
      "id": 1,
      "keyword": "불이익변경금지원칙"
    },
    {
      "id": 2,
      "keyword": "한국전력공사"
    }
  ],
  "Reference_info": {
    "reference_rules": "가. 형법 제357조 나. 형사소송법 제368조, 제455조 제3항",
    "reference_court_case": "가. 대법원 1988. 3. 8. 선고 87도1445 판결(공1988,722) 나. 대법원 1984. 2. 14. 선고 83도3156 판결(공1984,480), 대법원 1990. 2. 23. 선고 89도2102 판결(공1990,828)"
  },
  "Class_info": {
    "class_name": "형사A(생활형)",
    "instance_name": "행정처분"
  }
}