{
  "info": {
    "id": 41018034,
    "dataType": "판결문",
    "caseNm": "강간치상",
    "caseTitle": "대법원 1991. 10. 22. 선고 91도1672 판결",
    "courtType": "판례(대법원)",
    "courtNm": "대법원",
    "judmnAdjuDe": "1991-10-22",
    "caseNoID": "91도1672",
    "caseNo": "91도1672"
  },
  "jdgmn": "가. 제1심의 피해자에 대한 증인신문조서 기재자체에 의하여 피해자의 진술을 믿기 어려운 사정이 보이는 경우에 항소심이 그 증인을 다시 신문하여 보지도 아니하고 제1심의 증인신문조서의 기재만에 의하여 제1심과 다르게 그 증언을 믿을 수 있다고 판단함의 당부(소극)\n나. 신빙성 없는 피해자의 제1심에서의 증언을 원심이 다시 신문함이 없이 제1심과 달리 믿을 수 있다고 하여 강간치상죄를 유죄로 인정함으로써 증거판단을 잘못하거나 또는 심리를 미진한 위법을 저질렀다고 하여 원심판결을 파기한 사례",
  "jdgmnInfo": [
    {
      "question": "제1심의 피해자에 대한 증인신문조서 기재자체에 의하여 피해자의 진술을 믿기 어려운 사정이 보이는 경우에 항소심이 그 증인을 다시 신문하여 보지도 아니하고 제1심의 증인신문조서의 기재만에 의하여 제1심과 다르게 그 증언을 믿을 수 있다고 판단함이 옳은가?",
      "answer": "부정"
    }
  ],
  "Summary": [
    {
      "summ_contxt": "가. 항소심이 항소이유가 있다고 인정하는 경우에는 제1심이 조사한 증인을 다시 심문하지 아니하고 그 조서의 기재만으로 그 증언의 신빙성 유무를 판단할 수 있는 것이 원칙이지만 제1심의 피해자에 대한 증인신문조서 기재 자체에 의하여 피해자의 진술을 믿기 어려운 사정이 보이는 경우에 항소심이 그 증인을 다시 신문하여 보지도 아니하고 제1심의 증인신문조서의 기재만에 의하여 직접 증인을 신문한 제1심과 다르게 그 증언을 믿을 수 있다고 판단한 것은 심히 부당하다. 나. 피고인에게 강간을 당하고 팔뚝을 물려 상처가 난 바로 다음날 피고인의 처와 함께 옷을 사러 양품점에 들어갔다고 하는 등 신빙성 없는 피해자의 제1심에서의 증언을 원심이 다시 신문함이 없이 제1심과 달리 믿을 수 있다고 하여 강간치상죄를 유죄로 인정함으로써 증거판단을 잘못하거나 또는 심리를 미진한 위법을 저질렀다고 하여 원심판결을 파기한 사례.",
      "summ_pass": "항소심이 항소이유가 있다고 인정하는 경우에는 제1심이 조사한 증인을 다시 심문하지 아니하고 그 조서의 기재만으로 그 증언의 신빙성 유무를 판단할 수 있는 것이 원칙이지만 제1심의 피해자에 대한 증인신문조서 기재 자체에 의하여 피해자의 진술을 믿기 어려운 사정이 보이는 경우에 항소심이 그 증인을 다시 신문하여 보지도 아니하고 제1심의 증인신문조서의 기재만에 의하여 직접 증인을 신문한 제1심과 다르게 그 증언을 믿을 수 있다고 판단한 것은 심히 부당하다."
    }
  ],
  "keyword_tagg": [
    {
      "id": 1,
      "keyword": "강간치상"
    }
  ],
  "Reference_info": {
    "reference_rules": "형법 제301조, 형사소송법 제308조",
    "reference_court_case": ""
  },
  "Class_info": {
    "class_name": "형사A(생활형)",
    "instance_name": "행정처분"
  }
}