{
  "info": {
    "id": 41014890,
    "dataType": "판결문",
    "caseNm": "직무유기, 국토이용관리법위반",
    "caseTitle": "대법원 1992. 12. 22. 선고 91도2224 판결",
    "courtType": "판례(대법원)",
    "courtNm": "대법원",
    "judmnAdjuDe": "1992-12-22",
    "caseNoID": "91도2224",
    "caseNo": "91도2224"
  },
  "jdgmn": "명의신탁관계를 해소하기 위한 방편으로 매매계약을 체결하고 그에 따른 소유권이전등기를 경료하는 것이 국토이용관리법 제21조의7 제1항 소정의 “토지등의 거래계약”에 해당하는지 여부(소극)",
  "jdgmnInfo": [
    {
      "question": "명의신탁관계를 해소하기 위한 방편으로 매매계약을 체결하고 그에 따른 소유권이전등기를 경료하는 것이 국토이용관리법 소정의 “토지등의 거래계약”에 해당하는가?",
      "answer": "부정"
    }
  ],
  "Summary": [
    {
      "summ_contxt": "갑이 을 명의로 임야를 매수하여 그 명의로 소유권이전등기를 경료하였다면 을 명의로 경료된 소유권이전등기는 갑의 명의신탁에 의하여 이루어진 것이므로, 그 후 위 임야에 관하여 갑 명의로 소유권이전등기를 경료함에 있어서 을과 사이에 매매계약을 체결하고 그에 따른 소유권이전등기청구의 방법을 취하였다고 하더라도 이는 명의신탁관계를 해소하기 위한 방편에 불과하므로 국토이용관리법 제21조의7 제1항 소정의 “토지 등의 거래계약”에 해당하지 않는다.",
      "summ_pass": "갑이 을 명의로 임야를 매수하여 그 명의로 소유권이전등기를 경료하였다면 을 명의로 경료된 소유권이전등기는 갑의 명의신탁에 의하여 이루어진 것이므로, 이는 명의신탁관계를 해소하기 위한 방편에 불과하므로 국토이용관리법 제21조의7 제1항 소정의 “토지 등의 거래계약”에 해당하지 않는다."
    }
  ],
  "keyword_tagg": [
    {
      "id": 1,
      "keyword": "소유권이전등기청구"
    },
    {
      "id": 2,
      "keyword": "국토이용관리법"
    }
  ],
  "Reference_info": {
    "reference_rules": "민법 제186조[명의신탁], 국토이용관리법 제21조의7 제1항",
    "reference_court_case": "대법원 1991. 10. 25. 선고 91다29378 판결(공1991,2827)"
  },
  "Class_info": {
    "class_name": "형사A(생활형)",
    "instance_name": "행정처분"
  }
}