{
  "info": {
    "id": 38015511,
    "dataType": "판결문",
    "caseNm": "위헌심판제청",
    "caseTitle": "대법원 1992. 5. 8. 선고 91부8 판결",
    "courtType": "판례(대법원)",
    "courtNm": "대법원",
    "judmnAdjuDe": "1992-05-08",
    "caseNoID": "91부8",
    "caseNo": "91부8"
  },
  "jdgmn": "구속된 피고인 또는 피의자의 타인과의 접견권의 성격(=헌법상의 기본권)과 형사소송법 제89조 및 제213조의2의 규정\n나. 위 ‘가’항의 접견권을 제한할 수 있는 요건 및 범위다. 수형자의 접견 등에 관한 행형법 제18조 제2항을 미결수용자에게 준용하는 같은 법 제62조가 헌법에 위반되는지 여부(소극)",
  "jdgmnInfo": [
    {
      "question": "수형자의 접견 등에 관한 행형법 제18조 제2항을 미결수용자에게 준용하는 같은 법 제62조가 헌법에 위반되는 의심이 있는가?",
      "answer": "부정"
    }
  ],
  "Summary": [
    {
      "summ_contxt": "어떤 법률이 한 가지 해석방법에 의하면 헌법에 위배되는 것처럼 보이더라도 다른 해석방법에 의하면 헌법에 합치하는 것으로 볼 수 있을 때에는 헌법에 합치하는 해석방법을 택하여야 할 것인데, 미결수용자의 접견권이 헌법상 보장되는 기본권으로서 그 행사는 원칙적으로 보장되어야 하고 예외적으로만 제한할 수 있음에 비추어 볼 때 적어도 행형법 제18조 제2항의 규정이 미결수용자에게 준용되는 경우에는 ‘필요한 용무의 개념’을 넓게 해석하여 접견의 목적이 구금의 목적에 반하거나 구금시설의 질서유지를 해칠 특별한 위험성을 내포하고 있다는 등 접견을 허용하여서는 안 될 특별한 사정이 없는 한 원칙적으로 ‘필요한 용무’가 있는 것으로 해석하는 것이 가능하고, 또 그와 같이 해석하는 한 헌법위반의 문제는 생기지 아니하므로 이러한 해석방법을 택함이 옳을 것이다. 그러므로 행형법 제62조에 의하여 미결수용자에게 준용되는 같은 법 제18조제2항을 이와 같이 해석하는 한 위 준용규정이 헌법 제10조, 제12조 또는 제27조 제4항에 위배되는 것이라고는 볼 수 없다.",
      "summ_pass": "수형자의 접견 등에 관한 행형법 제18조 제2항을 미결수용자에게 준용하는 같은 법 제62조가 헌법 제10조, 제12조 또는 제27조 제4항에 위배되는 것이라고 볼 수 없다."
    }
  ],
  "keyword_tagg": [
    {
      "id": 1,
      "keyword": "헌법에 위배"
    },
    {
      "id": 2,
      "keyword": "특별한 사정"
    }
  ],
  "Reference_info": {
    "reference_rules": "가.나.다. 형사소송법 제89조, 제213조의2, 행형법 제62조, 제18조 가.다. 헌법 제10조 나. 같은 법 제37조 제2항 다. 제12조, 제27조 제4항",
    "reference_court_case": "대법원 1992. 5. 8. 선고 91누7552 판결(공1992,1871)"
  },
  "Class_info": {
    "class_name": "형사A(생활형)",
    "instance_name": "위헌심판제청"
  }
}