{
  "info": {
    "id": 41014953,
    "dataType": "판결문",
    "caseNm": "강도상해",
    "caseTitle": "대법원 1992. 4. 14. 선고 92도408 판결",
    "courtType": "판례(대법원)",
    "courtNm": "대법원",
    "judmnAdjuDe": "1992-04-14",
    "caseNoID": "92도408",
    "caseNo": "92도408"
  },
  "jdgmn": "강도범이 강도의 기회에 범행 현장에서 재물강취, 재물탈환 항거, 체포면탈, 죄적인멸 등 이외의 사유로 사람을 상해한 경우에도 강도상해죄가 성립하는지 여부(적극)",
  "jdgmnInfo": [
    {
      "question": "강도범이 강도의 기회에 범행 현장에서 재물강취, 재물탈환 항거, 체포면탈, 죄적인멸 등 이외의 사유로 사람을 상해한 경우에도 강도상해죄가 성립하는가?",
      "answer": "긍정"
    }
  ],
  "Summary": [
    {
      "summ_contxt": "강도범인이 강도를 하는 기회에 범행의 현장에서 사람을 상해한 이상, 소론과 같이 재물강취의 수단인 폭행으로 인하여 상해의 결과가 발생한 것이 아니고, 재물의 탈환을 항거하거나 체포를 면탈하거나 죄적을 인멸할 목적으로 폭행을 가한 것이 아니라고 하더라도, 강도상해죄가 성립하는 것이므로, 피고인들에 대한 이 사건 강도상해 공소사실을 유죄로 인정한 원심판결에 강도상해죄의 구성요건을 오해한 위법이 있다는 논지도 받아들일 것이 못된다.",
      "summ_pass": "강도범인이 강도를 하는 기회에 범행의 현장에서 사람을 상해한 이상, 재물강취의 수단인 폭행으로 인하여 상해의 결과가 발생한 것이 아니고, 재물의 탈환을 항거하거나 체포를 면탈하거나 죄적을 인멸할 목적으로 폭행을 가한 것이 아니라고 하더라도 강도상해죄가 성립한다."
    }
  ],
  "keyword_tagg": [
    {
      "id": 1,
      "keyword": "강도상해"
    }
  ],
  "Reference_info": {
    "reference_rules": "형법 제337조",
    "reference_court_case": ""
  },
  "Class_info": {
    "class_name": "형사A(생활형)",
    "instance_name": "폭행"
  }
}