{
  "info": {
    "id": 38016316,
    "dataType": "판결문",
    "caseNm": "폭력행위등처벌에관한법률위반",
    "caseTitle": "서울형사지방법원 1993. 3. 9. 선고 92노3607 제4부판결 : 상고",
    "courtType": "판례(하급심)",
    "courtNm": "서울형사지방법원",
    "judmnAdjuDe": "1993-03-09",
    "caseNoID": "92노3607",
    "caseNo": "92노3607"
  },
  "jdgmn": "구속영장 없이 경찰서 보안실에 유치당한 피의자가 보안실로부터 나오려고 할 때 이를 제지하는 경찰관을 폭행한 경우 공무집행방해죄의 성부",
  "jdgmnInfo": [
    {
      "question": "구속영장 없이 경찰서 보안실에 유치당한 피의자가 보안실로부터 나오려고 할 때 이를 제지하는 경찰관을 폭행한 경우 공무집행방해죄가 성립하나요?",
      "answer": "부정"
    }
  ],
  "Summary": [
    {
      "summ_contxt": "경찰관직무집행법상의 보안조치나 형사소송법상의 긴급구속에 해당하지 않는 경우 구속영장의 발부를 받음이 없이 피의자를 보안실에 유치함은 영장주의에 위배되는 위법한 구금이라 할 것이어서 이를 가리켜 적법한 공무집행이라고 할 수 없고, 이처럼 적법한 공무집행이라고 볼 수 없는 보안실유치조치에 항의하면서 보안실로부터 나오려고 하는 경우 이를 제지하는 경찰관에 대하여 폭행을 가하였다 하더라도 공무집행방해죄에 해당하지 않는다.",
      "summ_pass": "구속영장의 발부없이 피의자를 보안실에 유치함은 위법한 구금이라서 적법한 공무집행이라 할 수 없고, 적법한 공무집행이라고 볼 수 없는 보안실유치조치에 항의하는 과정에 발생한 경찰관에 대한 폭행은 공무집행방해죄에 해당하지 않는다."
    }
  ],
  "keyword_tagg": [
    {
      "id": 1,
      "keyword": "구속영장"
    },
    {
      "id": 2,
      "keyword": "공무집행방해죄"
    },
    {
      "id": 3,
      "keyword": "보안실유치조치"
    }
  ],
  "Reference_info": {
    "reference_rules": "형법 제136조",
    "reference_court_case": "대법원 1985. 7. 29.자 85모16 결정(집33②형609 공1985, 1225)"
  },
  "Class_info": {
    "class_name": "형사A(생활형)",
    "instance_name": "폭력행위"
  }
}