{
  "info": {
    "id": 38015723,
    "dataType": "판결문",
    "caseNm": "강도살인등",
    "caseTitle": "서울고등법원 1992. 4. 21. 선고 92노412 제3형사부판결 : 확정",
    "courtType": "판례(하급심)",
    "courtNm": "서울고등법원",
    "judmnAdjuDe": "1992-04-21",
    "caseNoID": "92노412",
    "caseNo": "92노412"
  },
  "jdgmn": "무기징역을 감경하는 경우, 징역형기의 상한",
  "jdgmnInfo": [
    {
      "question": "무기징역을 감경하는 경우 원칙적으로 형법 제42조 본문 후단에 따라 그 상한을 징역 15년으로 보되, 감경대상이 되는 무기징역이 실질적으로는 가중된 의미를 갖는 무기징역일 때에는 같은 조 단서의 규정에 따라 그 상한은 징역 25년의 범위 내에서 가중되는 내용에 상응하는 범위의 징역형기가 되어야 하는가?",
      "answer": "긍정"
    }
  ],
  "Summary": [
    {
      "summ_contxt": "세번째 견해를 취하더라도 경합범가중의 형식적 절차는 이미 작량감경을 하기에 앞서 유기징역 흡수의 형태로 먼저 하고 있는 것이므로 형법 제56조의 규정과 반드시 모순된다고는 볼 수 없으며, 실질적으로는 세번째 견해가 형법 제42조와 제55조 제1항 제2호의 규정을 조화롭게 해석하면서 형의 선택 폭을 넓혀 선고형의 다양화를 기할 수 있다는 점에서 가장 합리적인 해석이라고 보여지므로 이 법원은 위와 같은 3가지 견해 중 세번째의 견해를 따르기로 하여 무기징역형을 선택한 피고인 3, 피고인 4, 피고인 2에 대하여는 각 징역 22년 반의 범위 내에서 형을 정하기로 한다.",
      "summ_pass": "이 법원은 위와 같은 3가지 견해 중 세번째의 견해를 따르기로 하여 무기징역형을 선택한 피고인 3, 피고인 4, 피고인 2에 대하여는 각 징역 22년 반의 범위 내에서 형을 정하기로 한다."
    }
  ],
  "keyword_tagg": [
    {
      "id": 1,
      "keyword": "무기징역형"
    },
    {
      "id": 2,
      "keyword": "경합범가중"
    }
  ],
  "Reference_info": {
    "reference_rules": "형법 제55조 제1항 제2호, 제42조",
    "reference_court_case": ""
  },
  "Class_info": {
    "class_name": "형사A(생활형)",
    "instance_name": "살인"
  }
}