{
  "info": {
    "id": 41014998,
    "dataType": "판결문",
    "caseNm": "폭력행위등처벌에관한법률위반, 특정경제범죄가중처벌등에관한법률위반, 총포·도검·화약류등단속법위반",
    "caseTitle": "대법원 1992. 6. 9. 선고 92도737 판결",
    "courtType": "판례(대법원)",
    "courtNm": "대법원",
    "judmnAdjuDe": "1992-06-09",
    "caseNoID": "92도737",
    "caseNo": "92도737"
  },
  "jdgmn": "가. 검사 또는 사법경찰관이 작성한 피의자 아닌 자에 대한 진술조서의 성립의 진정의 의미\n나. 사법경찰리작성의 갑에 대한 진술조서에 관하여 갑이 법정에서 수사관이 자신의 진술을 받아 기재한 것이 아니라 을이 범죄사실에 관하여 진술한 내용을 미리 기재하여 놓은 후 자신의 서명 무인만을 받았다고 진술한 경우 위 진술조서의 증거능력 유무(소극)\n다. 형사재판에 있어 유죄의 인정을 위한 증거의 증명력 정도\n라. 증거능력이 없는 증거들이나 일관성이 없고 서로 모순되거나 객관적 사실과 어긋나는 것으로서 신빙성이 희박하여 믿기 어려운 증거들만으로 공소사실을 유죄로 인정한 원심판결을 채증법칙을 위반하여 사실을 오인한 위법을 이유로 파기한 사례",
  "jdgmnInfo": [
    {
      "question": "사법경찰리작성의 갑에 대한 진술조서에 관하여 갑이 법정에서 수사관이 자신의 진술을 받아 기재한 것이 아니라 을이 범죄사실에 관하여 진술한 내용을 미리 기재하여 놓은 후 자신의 서명 무인만을 받았다고 진술한 경우 위 진술조서의 증거능력이 있는가?",
      "answer": "부정"
    }
  ],
  "Summary": [
    {
      "summ_contxt": "가. 검사 또는 사법경찰관이 피의자 아닌 자의 진술을 기재한 조서는 공판준비 또는 공판기일에서의 원진술자의 진술에 의하여 그 성립의 진정함이 인정된 때에만 증거로 할 수 있는 것인데, 여기에서 성립의 진정이라 함은 간인 서명 날인 등 조서의 형식적인 진정과 그 조서의 내용이 원진술자가 진술한 대로 기재된 것이라는 실질적인 진정을 모두 의미하는 것이다. 나. 사법경찰리작성의 갑에 대한 진술조서에 관하여 원진술자인 갑이 제1심공판기일에서 수사관이 자신의 진술을 받아 기재한 것이 아니라, 을이 범죄사실에 관하여 진술한 내용을 미리 기재하여 놓은 다음 자신의 서명 무인만을 받은 것이라는 취지로 진술함으로써 위 진술조서의 실질적인 성립의 진정을 부인하고 있다면 위 진술조서는 증거로 할 수 없는 것이다. 다. 형사재판에 있어서 유죄의 인정은 법관으로 하여금 합리적인 의심을 할 여지가 없을 정도로 공소사실이 진실한 것이라는 확신을 가지게 할 수 있는 증명력을 가진 증거에 의하여야 한다. 라. 증거능력이 없는 증거들이나 일관성이 없고 서로 모순되거나 객관적 사실과 어긋나는 것으로서 신빙성이 희박하여 믿기 어려운 증거들만으로 공소사실을 유죄로 인정한 원심판결을 채증법칙을 위반하여 사실을 오인한 위법을 이유로 파기한 사례.",
      "summ_pass": "검사 또는 사법경찰관이 피의자 아닌 자의 진술을 기재한 조서는 공판준비 또는 공판기일에서의 원진술자의 진술에 의하여 그 성립의 진정함이 인정된 때에만 증거로 할 수 있는 것인데, 여기에서 성립의 진정이라 함은 간인 서명 날인 등 조서의 형식적인 진정과 그 조서의 내용이 원진술자가 진술한 대로 기재된 것이라는 실질적인 진정을 모두 의미하는 것이다."
    }
  ],
  "keyword_tagg": [
    {
      "id": 1,
      "keyword": "형사재판에 있어서 유죄의 인정"
    },
    {
      "id": 2,
      "keyword": "사실 오인"
    }
  ],
  "Reference_info": {
    "reference_rules": "가.나. 형사소송법 제313조 가. 같은 법 제312조 다.라. 같은 법 제308조",
    "reference_court_case": "가. 대법원 1984. 6. 26. 선고 84도748 판결(공1984,1378), 대법원 1985. 10. 8. 선고 85도1843,85감도265 판결(공1985,1515), 대법원 1990. 10. 16. 선고 90도1474 판결(공1990,2348) 다. 대법원 1990. 9. 28. 선고 90도1562 판결(공1990,2251), 대법원 1991. 3. 22. 선고 91도235 판결(공1991,1312), 대법원 1991. 8. 13. 선고 91도1385 판결(공1991,2385)"
  },
  "Class_info": {
    "class_name": "형사A(생활형)",
    "instance_name": "행정처분"
  }
}