{
  "info": {
    "id": 41014959,
    "dataType": "판결문",
    "caseNm": "허위사실적시출판물에의한명예훼손, 허위사실적시명예훼손",
    "caseTitle": "대법원 1993. 4. 13. 선고 92도234 판결",
    "courtType": "판례(대법원)",
    "courtNm": "대법원",
    "judmnAdjuDe": "1993-04-13",
    "caseNoID": "92도234",
    "caseNo": "92도234"
  },
  "jdgmn": "형법 제307조 제2항에 해당하는 행위에 대하여 형법 제310조를 적용할 수 있는지 여부(소극)",
  "jdgmnInfo": [
    {
      "question": "형법 제307조 제2항에 해당하는 행위에 대하여 형법 제310조를 적용할 수 있는가?",
      "answer": "부정"
    }
  ],
  "Summary": [
    {
      "summ_contxt": "형법 제310조에 의하여 위법성이 조각되는 경우는 형법 제307조 제1항의 행위가 진실한 사실로서 오로지 공공의 이익에 관한 때에 한하며, 이 사건과 같이 피고인들이 이 사건 기사의 내용이 허위라는 점을 인식한 사실이 인정되어 피고인들의 행위가 형법 제307조 제2항에 해당하는 경우에는 위법성조각에 관한 형법 제310조는 적용될 여지가 없는 것이므로 그 적용을 배척한 원심판결은 정당하고, 거기에 위법성조각의 법리를 오해하여 판결에 영향을 미친 위법이 있다고 할 수 없다.",
      "summ_pass": "형법 제310조에 의하여 위법성이 조각되는 경우는 형법 제307조 제1항의 행위가 진실한 사실로서 오로지 공공의 이익에 관한 때에 한하며, 형법 제307조 제2항에 해당하는 행위에 대하여는 위법성조각에 관한 형법 제310조는 적용될 여지가 없다."
    }
  ],
  "keyword_tagg": [
    {
      "id": 1,
      "keyword": "공공의 이익에 관한 때"
    },
    {
      "id": 2,
      "keyword": "진실한 사실"
    }
  ],
  "Reference_info": {
    "reference_rules": "형법 제307조 제2항, 제310조",
    "reference_court_case": "대법원 1984. 9. 11. 선고 84도1547 판결(공1984,1684), 대법원 1986. 5. 27. 선고 85도785 판결(공1986,831), 대법원 1986. 10. 14. 선고 86도1603 판결(공1986,3072)"
  },
  "Class_info": {
    "class_name": "형사A(생활형)",
    "instance_name": "행정처분"
  }
}