{
  "info": {
    "id": 41014705,
    "dataType": "판결문",
    "caseNm": "총포도검화약류단속법위반",
    "caseTitle": "대법원 1993. 5. 14. 선고 92도2179 판결",
    "courtType": "판례(대법원)",
    "courtNm": "대법원",
    "judmnAdjuDe": "1993-05-14",
    "caseNoID": "92도2179",
    "caseNo": "92도2179"
  },
  "jdgmn": "가. 총포·도검·화약류단속법 제12조 소정의 총포 등 소지허가의 법적 성질(＝재량행위)\n나. 공기권총소지허가에 관한 경찰청장의 업무지시 소정의 자격요건을 구비하기 위하여 거짓이나 옳지 못한 방법을 사용하여 소지허가를 받은 행위가 총포·도검·화약류단속법 제72조 제7호 위반죄를 구성한다고 한 사례",
  "jdgmnInfo": [
    {
      "question": "공기권총소지허가에 관한 경찰청장의 업무지시 소정의 자격요건을 구비하기 위하여 거짓이나 옳지 못한 방법을 사용하여 소지허가를 받은 경우, 총포·도검·화약류단속법 제72조 제7호 위반죄를 구성하는가?",
      "answer": "긍정"
    }
  ],
  "Summary": [
    {
      "summ_contxt": "이 사건 공소사실은 피고인들은 피고인 1 경영의 공소외 1 주식회사에서 생산되는 이 사건 공기권총을 판매하기 위하여 그 구입자인 공소외 2 등으로 하여금 관할 경찰서장으로부터 소지허가를 받도록 하기 위하여 공소외 2 등이 대구시 사격연맹의 등록선수임을 확인하는 내용의 추천서를 발급하였다는 것인바, 기록에 의하면 공소외 2 등은 이 사건 공기권총을 매입하여 소지하려는 의사가 있을 뿐, 사격선수로서 활동할 능력은 물론 그 의사조차 없는 자들로서 사격선수로서의 적격이 없는 것으로 보이고, 피고인 2가 아무런 권한이 없이 공소외 2 등으로부터 등록신청서를 받은 것으로 대구시 사격연맹에의 소정등록절차를 거친 바 없어 적법하게 등록된 선수라고 할 수도 없고, 따라서 각 추천서의 내용은 허위라고 할 것이므로 그러한 추천서를 첨부하여 공소외 2 등의 명의로 관할 경찰서에 소지허가를 신청하여 그 허가를 받은 이상 이는 거짓이나 그 밖의 옳지 못한 방법으로 허가를 받은 것이라 할 것이다.\n원심은 피고인들에 대하여 제1심판결을 취소하고 무죄를 선고하였으나 이는 총포·도검·화약류등단속법 제72조 제7호에 관한 법리를 위반하였거나 채증법칙을 위배한 허물이 있다는 지적을 면치 못할 것이다. 논지는 이유 있다.",
      "summ_pass": "따라서 각 추천서의 내용은 허위라고 할 것이므로 그러한 추천서를 첨부하여 공소외 2 등의 명의로 관할 경찰서에 소지허가를 신청하여 그 허가를 받은 이상 이는 거짓이나 그 밖의 옳지 못한 방법으로 허가를 받은 것이라 할 것이다.\n원심은 피고인들에 대하여 제1심판결을 취소하고 무죄를 선고하였으나 이는 총포·도검·화약류등단속법 제72조 제7호에 관한 법리를 위반하였거나 채증법칙을 위배한 허물이 있다는 지적을 면치 못할 것이다. 논지는 이유 있다."
    }
  ],
  "keyword_tagg": [
    {
      "id": 1,
      "keyword": "총포·도검·화약류등단속법"
    },
    {
      "id": 2,
      "keyword": "등록신청서"
    }
  ],
  "Reference_info": {
    "reference_rules": "총포·도검·화약류단속법 제12조, 제72조 제7호",
    "reference_court_case": ""
  },
  "Class_info": {
    "class_name": "형사A(생활형)",
    "instance_name": "행정처분"
  }
}