{
  "info": {
    "id": 41014924,
    "dataType": "판결문",
    "caseNm": "폭력행위등처벌에관한법률위반",
    "caseTitle": "대법원 1993. 8. 24. 선고 92도1329 판결",
    "courtType": "판례(대법원)",
    "courtNm": "대법원",
    "judmnAdjuDe": "1993-08-24",
    "caseNoID": "92도1329",
    "caseNo": "92도1329"
  },
  "jdgmn": "상호투쟁중에 이루어진 상해행위와 과잉방위의 성부",
  "jdgmnInfo": [
    {
      "question": "상호투쟁중에 이루어진 상해행위를 과잉방위행위라고 볼 수 있는가?",
      "answer": "부정"
    }
  ],
  "Summary": [
    {
      "summ_contxt": "피해자 일행 중 1명의 뺨을 때린 데에서 비롯된 가해자 등의 행위는 피해자 일행의 부당한 공격을 방위하기 위한 것이라기보다는 서로 공격할 의사로 싸우다가 먼저 공격을 받고 이에 대항하여 가해하게 된 것이라고 봄이 상당하고 이와 같은 싸움의 경우 가해행위는 방어행위인 동시에 공격행위의 성격을 가지므로 정당방위 또는 과잉방위행위라고 볼 수 없다.",
      "summ_pass": "서로 공격할 의사로 싸우다가 먼저 공격을 받고 이에 대항하여 가해하게 된 싸움의 경우 가해행위는 방어행위인 동시에 공격행위의 성격을 가지므로 정당방위 또는 과잉방위행위라고 볼 수 없다."
    }
  ],
  "keyword_tagg": [
    {
      "id": 1,
      "keyword": "정당방위"
    },
    {
      "id": 2,
      "keyword": "방어행위"
    }
  ],
  "Reference_info": {
    "reference_rules": "형법 제21조",
    "reference_court_case": "대법원 1971. 4. 30. 선고 71도527 판결(집19①형166), 대법원 1984. 5. 22. 선고 83도3020 판결(공1984,1162), 대법원 1986. 12. 23. 선고 86도1491 판결(공1987,271)"
  },
  "Class_info": {
    "class_name": "형사A(생활형)",
    "instance_name": "행정처분"
  }
}