{
  "info": {
    "id": 41014947,
    "dataType": "판결문",
    "caseNm": "횡령",
    "caseTitle": "대법원 1992. 7. 14. 선고 92도279 판결",
    "courtType": "판례(대법원)",
    "courtNm": "대법원",
    "judmnAdjuDe": "1992-07-14",
    "caseNoID": "92도279",
    "caseNo": "92도279"
  },
  "jdgmn": "양도담보권자와 채무자 사이에 변제할 채무액에 관하여 다툼이 있는 상태에서 양도담보권자가 그 채무가 잔존한 것으로 믿고 담보부동산을 처분한 경우 횡령죄의 범의 유무(소극)",
  "jdgmnInfo": [
    {
      "question": "양도담보권자와 채무자 사이에 변제할 채무액에 관하여 다툼이 있는 상태에서 양도담보권자가 그 채무가 잔존한 것으로 믿고 담보부동산을 처분한 경우 횡령죄의 범에 해당하는가?",
      "answer": "부정"
    }
  ],
  "Summary": [
    {
      "summ_contxt": "양도담보권자와 채무자 사이에 변제할 채무액에 관하여 다툼이 있었다면 채무가 잔존한 것으로 믿고 담보부동산을 처분한 양도담보권자에게 위 부동산에 관한 횡령의 범의가 있다고 볼 수 없고, 그가 담보부동산을 처분한 후 정산의무를 이행하지 아니한 것만으로는 범죄행위가 되지 아니한다.",
      "summ_pass": "양도담보권자와 채무자 사이에 변제할 채무액에 관하여 다툼이 있는 상태에서 양도담보권자가 그 채무가 잔존한 것으로 믿고 담보부동산을 처분한 경우 횡령죄의 범에 해당하지 않는다."
    }
  ],
  "keyword_tagg": [
    {
      "id": 1,
      "keyword": "횡령"
    }
  ],
  "Reference_info": {
    "reference_rules": "형법 제355조 제1항",
    "reference_court_case": "대법원 1972. 12. 26. 선고 72도2529 판결(집20③형74), 대법원 1985. 11. 26. 선고 85도1493전원합의체 판결(공1986,170)"
  },
  "Class_info": {
    "class_name": "형사A(생활형)",
    "instance_name": "행정처분"
  }
}