{
  "info": {
    "id": 41014971,
    "dataType": "판결문",
    "caseNm": "폭력행위등처벌에관한법률위반·업무방해",
    "caseTitle": "대법원 1993. 2. 9. 선고 92도2929 판결",
    "courtType": "판례(대법원)",
    "courtNm": "대법원",
    "judmnAdjuDe": "1993-02-09",
    "caseNoID": "92도2929",
    "caseNo": "92도2929"
  },
  "jdgmn": "가. 업무방해죄의 보호대상이 되는 업무의 범위\n나. 건물 임대인이 구청장의 조경공사 촉구지시에 따라 임대 건물 앞에서 1회적인 조경공사를 하는 데 불과한 경우에는 위 “가”항의 “업무”에 해당되지 않는다고 한 사례",
  "jdgmnInfo": [
    {
      "question": "건물 임대인이 구청장의 조경공사 촉구지시에 따라 임대 건물 앞에서 1회적인 조경공사를 한 경우, 업무방해죄의 보호대상이 되는 업무에 해당하는가?",
      "answer": "부정"
    }
  ],
  "Summary": [
    {
      "summ_contxt": "가. 업무방해죄의 보호대상이 되는 “업무”라 함은 직업 또는 사회생활상의 지위에 기하여 계속적으로 종사하는 사무나 사업을 말하고 이러한 주된 업무와 밀접불가분의 관계에 있는 부수적인 업무도 이에 포함된다. 나. 건물 임대인이 구청장의 조경공사 촉구지시에 따라 임대 건물 앞에서 1회적인 조경공사를 하는데 불과한 경우에는 위 “가”항의 “업무”에 해당되지 않는다.",
      "summ_pass": "업무방해죄의 보호대상이 되는 “업무”라 함은 직업 또는 사회생활상의 지위에 기하여 계속적으로 종사하는 사무나 사업을 말하고 이러한 주된 업무와 밀접불가분의 관계에 있는 부수적인 업무도 이에 포함된다."
    }
  ],
  "keyword_tagg": [
    {
      "id": 1,
      "keyword": "업무방해"
    }
  ],
  "Reference_info": {
    "reference_rules": "형법 제314조",
    "reference_court_case": "대법원 1985. 4. 9. 선고 84도300 판결(공1985,771), 대법원 1989. 9. 12. 선고 88도1752 판결(공1989,1526)"
  },
  "Class_info": {
    "class_name": "형사A(생활형)",
    "instance_name": "행정처분"
  }
}