{
  "info": {
    "id": 41014994,
    "dataType": "판결문",
    "caseNm": "보호감호, 특정범죄가중처벌등에관한법률위반(절도)",
    "caseTitle": "대법원 1992. 7. 28. 선고 92감도62 판결",
    "courtType": "판례(대법원)",
    "courtNm": "대법원",
    "judmnAdjuDe": "1992-07-28",
    "caseNoID": "92감도62",
    "caseNo": "92감도62"
  },
  "jdgmn": "감호사건에 관한 부분에 대하여만 상고한 경우, 피고사건에 관하여 유죄로 인정한 항소심판결에 채증법칙을 위반하였다는 사유를 들어 감호사건의 상고이유로 삼을 수 있는지 여부(소극)",
  "jdgmnInfo": [
    {
      "question": "감호사건에 관한 부분에 대하여만 상고한 경우, 피고사건에 관하여 유죄로 인정한 항소심판결에 채증법칙을 위반하였다는 사유를 들어 감호사건의 상고이유로 삼을 수 있는가?",
      "answer": "부정"
    }
  ],
  "Summary": [
    {
      "summ_contxt": "피감호청구인이 항소심판결 중 감호사건에 관한 부분에 대하여만 상고한 경우에는 피고사건에 관하여 유죄로 인정한 항소심판결에 채증법칙을 위반하였다는 사유를 들어 감호사건의 상고이유로 삼을 수 없다. 원심은 그 증거에 의하여 피감호청구인에게 재범의 위험성이 있다고 인정한 것은 기록에 비추어 수긍이 되고 거기에 지적하는 바와 같은 법리의 오해나 채증법칙을 어긴 위법이 없다.",
      "summ_pass": "항소심판결 중 감호사건에 관한 부분에 대하여만 상고한 경우에는 피고사건에 관하여 유죄로 인정한 항소심판결에 채증법칙을 위반하였다는 사유를 들어 감호사건의 상고이유로 삼을 수 없다."
    }
  ],
  "keyword_tagg": [
    {
      "id": 1,
      "keyword": "채증법칙 위반"
    },
    {
      "id": 2,
      "keyword": "재범의 위험성"
    }
  ],
  "Reference_info": {
    "reference_rules": "사회보호법 제20조",
    "reference_court_case": "대법원 1986. 12. 23. 선고 86감도236 판결(공1987,269), 대법원 1987. 12. 22. 선고 87감도185 판결(공1988,375), 대법원 1991. 8. 13. 선고 91감도57 판결(공1991,2381)"
  },
  "Class_info": {
    "class_name": "형사A(생활형)",
    "instance_name": "행정처분"
  }
}