{
  "info": {
    "id": 38015716,
    "dataType": "판결문",
    "caseNm": "특정범죄가중처벌등에관한법률위반(도주차량)등",
    "caseTitle": "광주고등법원 1992. 10. 23. 선고 92노561 형사부판결 : 확정",
    "courtType": "판례(하급심)",
    "courtNm": "광주고등법원",
    "judmnAdjuDe": "1992-10-23",
    "caseNoID": "92노561",
    "caseNo": "92노561"
  },
  "jdgmn": "교통사고를 일으키지 아니한 자가 사고운전자의 특정범죄가중처벌등에관한법률 제5조의3 제2항 제2호 위반행위에 가공한 경우의 죄책",
  "jdgmnInfo": [
    {
      "question": "사고를 낸 운전자가 피해자를 보호하지 않은 경우에 성립하는 업무상과실치상죄와 유기죄의 결합범인데, 비록 신분관계가 없는 자가 신분을 가진 자의 행위에 가담하였다 하더라도 선행행위인 업무상과실치상행위에 가공한 사실이 없으므로 가공한 행위인 유기행위의 정도에 따라 유기죄의 정범 또는 방조범으로서만 책임이 있는가?",
      "answer": "긍정"
    }
  ],
  "Summary": [
    {
      "summ_contxt": "피고인 2에 대한 이 사건 공소사실의 요지는, 위 피고인은 상피고인 1이 위와 같이 업무상과실치사의 교통사고를 낸 후 피해자를 위 차에 태우고 병원으로 가던 도중 피고인 2에게 피해자를 으슥한 곳에 유기하고 도주하자고 제의하므로 이를 승낙하고 상호공모한 다음, 피고인 1은 계속 위 차를 운전하여 사고장소로부터 약 6㎞ 정도 떨어진 여수시 만흥동 소재 대우자동차학원 앞 도로상에 이르렀을 때 위 차를 정지시키고 시동을 건 채 라이트를 끄고 대기하고 피고인 2는 왼손바닥으로 피해자의 양눈을 가리고 오른손으로 피해자의 등을 잡고 차에서 끌어내려 도로변에 유기하고 도주함으로써 특정범죄가중처벌등에관한법률(도주차량)죄를 범하였다고 함에 있으므로 살피건대, 이는 앞에서 파기이유에서 본 바와 같이 범죄로 되지 아니하거나 그 증명이 없는 경우에 해당하여 형사소송법 제325조에 의하여 무죄를 선고하여야 할 것이나, 위 공소사실의 범위 내에서 그 일부인 유기죄로 처단하는 이상 따로 주문에서 무죄의 선고를 하지 아니한다.",
      "summ_pass": "이는 앞에서 파기이유에서 본 바와 같이 범죄로 되지 아니하거나 그 증명이 없는 경우에 해당하여 형사소송법 제325조에 의하여 무죄를 선고하여야 할 것이나, 위 공소사실의 범위 내에서 그 일부인 유기죄로 처단하는 이상 따로 주문에서 무죄의 선고를 하지 아니한다."
    }
  ],
  "keyword_tagg": [
    {
      "id": 1,
      "keyword": "특정범죄가중처벌등에관한법률"
    },
    {
      "id": 2,
      "keyword": "유기하고 도주"
    }
  ],
  "Reference_info": {
    "reference_rules": "형법 제33조, 제271조 제1항 / 특정범죄가중처벌등에관한법률 제5조의3",
    "reference_court_case": ""
  },
  "Class_info": {
    "class_name": "형사A(생활형)",
    "instance_name": "특정범죄가중처벌"
  }
}