{
  "info": {
    "id": 38015724,
    "dataType": "판결문",
    "caseNm": "재정",
    "caseTitle": "광주고등법원 1992. 11. 21.자 92초43 형사부결정 : 확정",
    "courtType": "판례(하급심)",
    "courtNm": "광주고등법원",
    "judmnAdjuDe": "1992-11-21",
    "caseNoID": "92초43",
    "caseNo": "92초43"
  },
  "jdgmn": "가. 일반교도관이 복역중인 기결수에 대하여 폭행 또는 가혹행위를 한 경우 형법 제125조 소정의 특수공무원의 폭행, 가혹행위죄로 처벌할 수 있는지 여부(소극)\n나. 형법 제125조 소정의 행위객체 중 \"기타 사람\"에 기결수가 포함되는지 여부",
  "jdgmnInfo": [
    {
      "question": "형법 제125조에 규정된 행위객체인 \"형사피의자 또는 기타 사람\"에서의 \"기타 사람\"이라 함에 형이 확정되어 복역중인 기결수가 해당되는가?",
      "answer": "부정"
    }
  ],
  "Summary": [
    {
      "summ_contxt": "형법 제125조 소정의 특수공무원의 폭행, 가혹행위죄에 있어서 그 행위주체인 \"재판, 검찰, 경찰 기타 인신구속에 관한 직무를 행하는 자 또는 이를 보조하는 자\"중 \"기타 인신구속에 관한 직무를 행하는 자\"라 함은 사법경찰관리의직무를행할자와그직무범위에관한법률에 규정되어 사법경찰관의 직무를 행하는 자를 말하고, \"이를 보조하는 자\"라 함은 법원, 검찰의 직원 또는 사법경찰리와 같이 그 직무상 보조자의 지위에 있는 자를 말하며, 일반교도관들은 위 법률 제5조 제1호에 따른 교도소장의 제청 및 관할 지방검찰청 검사장의 지명에 의하여 사법경찰관 또는 사법경찰리의 직무를 행할 자에 해당하게 되고 나아가 위 법률 제6조 제1호에 의하여 당해 교도소에서 발생하는 범죄에 대한 수사 또는 그 보조업무를 처리하는 경우가 아닌 한 형법 제125조에 규정된 특수공무원의 어느 범주에도 속한다고 할 수 없는 것인바, 피의자들이 위와 같은 절차를 거친 사법경찰관리의 직무를 행할 자에 해당하는 자임을 인정할 자료가 없을뿐더러, 가사 이에 해당한다 하더라도 위 고소사실에 나타난 사안이 그 사법경찰관리의 직무를 행함에 당하여 행하여진 경우라고도 보기 어렵고, 또한 위 법조에 규정된 행위객체인 \"형사피의자 또는 기타 사람\"에서의 \"기타 사람\"이라 함은 피고인, 증인, 참고인 등 재판이나 수사에 있어서 조사의 대상이 된 사람을 말한다 할 것이므로, 형이 확정되어 복역중인 기결수인 신청인은 교도소 내에서 발생한 다른 범죄의 피의자나 참고인이 아닌 이상 이에 포함되지 아니한다 할 것이다.",
      "summ_pass": "증인, 참고인 등 재판이나 수사에 있어서 조사의 대상이 된 사람을 말한다 할 것이므로, 형이 확정되어 복역중인 기결수인 신청인은 교도소 내에서 발생한 다른 범죄의 피의자나 참고인이 아닌 이상 이에 포함되지 아니한다 할 것이다."
    }
  ],
  "keyword_tagg": [
    {
      "id": 1,
      "keyword": "사법경찰관리"
    },
    {
      "id": 2,
      "keyword": "형사피의자"
    }
  ],
  "Reference_info": {
    "reference_rules": "가.나. 형법 제125조 가. 사법경찰관사의직무를행할자와그직무범위에관한법률 제5조 / 같은법 제6조",
    "reference_court_case": ""
  },
  "Class_info": {
    "class_name": "형사A(생활형)",
    "instance_name": "보호감호"
  }
}