{
  "info": {
    "id": 41015002,
    "dataType": "판결문",
    "caseNm": "절도",
    "caseTitle": "대법원 1992. 5. 12. 선고 92도280 판결",
    "courtType": "판례(대법원)",
    "courtNm": "대법원",
    "judmnAdjuDe": "1992-05-12",
    "caseNoID": "92도280",
    "caseNo": "92도280"
  },
  "jdgmn": "내연관계에 있던 자의 물건을 가져 와 보관한 후 그가 이를 찾으러 오면 이를 반환하면서 타일러 다시 내연관계를 지속시킬 생각으로 이를 가져 온 경우 불법영득의 의사가 있다고 할 수 없다 한 사례",
  "jdgmnInfo": [
    {
      "question": "내연관계에 있던 자의 물건을 가져 와 보관한 후 그가 이를 찾으러 오면 이를 반환하면서 타일러 다시 내연관계를 지속시킬 생각으로 이를 가져 온 경우 불법영득의 의사가 있다고 할 수 있는가?",
      "answer": "부정"
    }
  ],
  "Summary": [
    {
      "summ_contxt": "내연관계에 있던 여자가 계속 회피하며 만나 주지 않자 내연관계를 회복시켜 볼 목적으로 그녀의 물건을 가져 와 보관한 후 이를 찾으러 오면 그 때 그 물건을 반환하면서 타일러 다시 내연관계를 지속시킬 생각으로 물건을 가져 왔고 그녀의 가족에게 그 사실을 그녀에게 연락하라고 말하였으며 그 후 이를 보관하고 있으면서 이용 내지 소비하지 아니한 경우 불법영득의 의사가 있다고 할 수 없다 한 사례.",
      "summ_pass": "내연관계에 있던 자의 물건을 가져 와 보관한 후 그가 이를 찾으러 오면 이를 반환하면서 타일러 다시 내연관계를 지속시킬 생각으로 이를 가져 온 경우 불법영득의 의사가 있다고 할 수 없다 한 사례."
    }
  ],
  "keyword_tagg": [
    {
      "id": 1,
      "keyword": "불법영득의 의사"
    },
    {
      "id": 2,
      "keyword": "주지"
    }
  ],
  "Reference_info": {
    "reference_rules": "형법 제329조",
    "reference_court_case": "대법원 1984. 4. 24. 선고 84도311 판결(공1984,951), 대법원 1992. 4. 24. 선고 92도118 판결(공1992,1771)"
  },
  "Class_info": {
    "class_name": "형사A(생활형)",
    "instance_name": "행정처분"
  }
}