{
  "info": {
    "id": 41018057,
    "dataType": "판결문",
    "caseNm": "횡령",
    "caseTitle": "대법원 1994. 2. 8. 선고 93도16 판결",
    "courtType": "판례(대법원)",
    "courtNm": "대법원",
    "judmnAdjuDe": "1994-02-08",
    "caseNoID": "93도16",
    "caseNo": "93도16"
  },
  "jdgmn": "동업관계 청산 과정에서 동업자산을 단독 처분한 행위를 유죄로 인정한 원심판결에 이유불비 또는 횡령죄의 범의에 관한 법리를 오해한 심리미진의 위법이 있다 하여 원심판결을 파기한 사례",
  "jdgmnInfo": [
    {
      "question": "원심이 스스로 한 형사기록검증결과에 대하여 언급하지 아니하고, 피고인이 항소이유로 주장하는 사유에 대하여는 구체적인 판단을 하지 아니한 채, 제1심이 조사한 증거들만을 종합하여 이 사건 범죄사실을 인정하기에 넉넉하다고 가볍게 판단한 것은 이유불비 아니면 횡령죄의 범의에 관한 법리를 오해하여 심리를 다하지 아니한 위법이 있다고 할 것인가?",
      "answer": "긍정"
    }
  ],
  "Summary": [
    {
      "summ_contxt": "그러함에도 원심이 스스로 한 형사기록검증결과에 대하여 언급하지 아니하고, 피고인이 항소이유로 주장하는 사유에 대하여는 구체적인 판단을 하지 아니한 채, 제1심이 조사한 증거들만을 종합하여 이 사건 범죄사실을 인정하기에 넉넉하다고 가볍게 판단한 것은 친절한 설시방법이라고 말할 수 없음은 물론이고, 이유불비 아니면 횡령죄의 범의에 관한 법리를 오해하여 심리를 다하지 아니한 위법이 있다고 할 것이고, 논지는 이 범위안에서 이유 있다.",
      "summ_pass": "원심이 스스로 한 형사기록검증결과에 대하여 언급하지 아니하고, 피고인이 항소이유로 주장하는 사유에 대하여는 구체적인 판단을 하지 아니한 채, 제1심이 조사한 증거들만을 종합하여 이 사건 범죄사실을 인정하기에 넉넉하다고 가볍게 판단한 것은 이유불비 아니면 횡령죄의 범의에 관한 법리를 오해하여 심리를 다하지 아니한 위법이 있다고 할 것이다."
    }
  ],
  "keyword_tagg": [
    {
      "id": 1,
      "keyword": "횡령"
    },
    {
      "id": 2,
      "keyword": "형사기록검증결과"
    }
  ],
  "Reference_info": {
    "reference_rules": "형법 제355조 / 형사소송법 제308조",
    "reference_court_case": "대법원 1983. 2. 22. 선고 82도3236 판결(공1983,632), 대법원 1985. 8. 13. 선고 85도1230 판결(공1985,1277), 대법원 1989. 4. 11. 선고 88도405 판결(공1989,776)"
  },
  "Class_info": {
    "class_name": "형사A(생활형)",
    "instance_name": "횡령"
  }
}