{
  "info": {
    "id": 41017915,
    "dataType": "판결문",
    "caseNm": "강도치사, 강도상해, 상습도박",
    "caseTitle": "대법원 1994. 3. 8. 선고 93도3608 판결",
    "courtType": "판례(대법원)",
    "courtNm": "대법원",
    "judmnAdjuDe": "1994-03-08",
    "caseNoID": "93도3608",
    "caseNo": "93도3608"
  },
  "jdgmn": "가. 상습도박죄에 있어서 상습성 인정의 자료\n나. 법률상 감경과 작량감경의 순서",
  "jdgmnInfo": [
    {
      "question": "법률상 감경사유가 있는 경우, 법률상 감경을 작량감경보다 우선하여야 하는가?",
      "answer": "긍정"
    }
  ],
  "Summary": [
    {
      "summ_contxt": "가. 상습도박죄에 있어서 상습성이라 함은 반복하여 도박행위를 하는 습벽으로서 행위자의 속성을 말하는 것이므로 이러한 습벽의 유무를 판단함에 있어서는 도박의 전과나 도박회수 등이 중요한 판단자료가 된다.\n나. 형법 제56조는 형을 가중 감경할 사유가 경합된 경우 가중 감경의 순서를 정하고 있고, 이에 따르면 법률상 감경을 먼저하고 마지막으로 작량감경을 하게 되어 있으므로, 법률상 감경사유가 있을 때에는 작량감경보다 우선하여 하여야 할 것이고, 작량감경은 이와 같은 법률상 감경을 다하고도 그 처단형보다 낮은 형을 선고하고자 할 때에 하는 것이 옳다.",
      "summ_pass": "상습도박죄에 있어서 상습성이라 함은 반복하여 도박행위를 하는 습벽으로서 행위자의 속성을 말하는 것이므로 이러한 습벽의 유무를 판단함에 있어서는 도박의 전과나 도박회수 등이 중요한 판단자료가 된다."
    }
  ],
  "keyword_tagg": [
    {
      "id": 1,
      "keyword": "상습도박"
    }
  ],
  "Reference_info": {
    "reference_rules": "가. 형법 제246조 제2항 나. 형법 제56조",
    "reference_court_case": "가. 대법원 1985. 9. 24. 선고 85도1272 판결(공1985,1456), 대법원 1987. 9. 8. 선고 87도1371,87감도126 판결(공1987,1601), 대법원 1990. 12. 11. 선고 90도2250 판결(공1991,519) 나. 대법원 1984. 11. 13. 선고 84도1897 판결(공1985,50), 대법원 1985. 3. 12. 선고 84도3042 판결(공1985,585), 대법원 1991. 6. 11. 선고 91도985 판결(공1991,1970)"
  },
  "Class_info": {
    "class_name": "형사A(생활형)",
    "instance_name": "강도치사"
  }
}