{
  "info": {
    "id": 41014944,
    "dataType": "판결문",
    "caseNm": "위증",
    "caseTitle": "대법원 1993. 6. 29. 선고 93도1044 판결",
    "courtType": "판례(대법원)",
    "courtNm": "대법원",
    "judmnAdjuDe": "1993-06-29",
    "caseNoID": "93도1044",
    "caseNo": "93도1044"
  },
  "jdgmn": "위증죄에 있어서 진술의 허위 여부에 대한 판단방법",
  "jdgmnInfo": [
    {
      "question": "위증죄에 있어서 진술의 허위 여부는 신문절차에서의 증언 전체를 일체로 파악하여 판단하여야 하는가?",
      "answer": "긍정"
    }
  ],
  "Summary": [
    {
      "summ_contxt": "위증죄에서 증인의 증언이 기억에 반하는 허위의 진술인지의 여부는, 그 증언의 단편적인 구절에 구애될 것이 아니라 당해 신문절차에서의 증언 전체를 일체로 파악하여 판단하여야 할 것인바(당원 1988. 12. 6. 선고 88도935 판결 참조), 이 사건에서 위와 같은 증언 경위를 고려하면, 위 증언의 취지는, 충남지회에서 설치한 지회천막이나 또는 본부석의 충남지회에서 설치하지는 아니하였다 하더라도 지회원들이 전용으로 사용하는 천막은 없었다는 취지로 한정지어야 할 것이지, 피고인과 충남지회 사람들이 있던 인근에 어떠한 형태의 천막도 없었다는 취지라고 단정할 수는 없는 것이고, 따라서 원심이 피고인의 증언을 허위라고 인정하기 위하여는, 설사 충남지회에서 직접 설치한 천막은 아니라 하더라도 적어도 충남지회 사람들이 전용으로 사용하는 천막이 있었음이 밝혀져야 한다고 봄이 상당할 것인바, 제1심 및 원심증인 표○○과 원심증인 김○○, 박○○ 등의 진술내용에 의하면 당시 본부석을 제외한 지회별 천막은 전혀 없었고 단지 위 체육대회가 열린 곳이 유원지여서 평소 상인들이 쳐 놓은 천막(둥근 형태로서 쇠파이프 위에 받친 것)이 몇 개 있었는데, 충남지회 사람들이 함께 모여서 응원하던 축구골대 부근에도 마침 위와 같은 천막이 하나 설치되어 있어 점심시간에 주로 충남지회 사람들이 그 천막 아래에서 식사를 함께 하였으나 다른 지회 사람들도 끼어 있었다는 것이고, 기록상 이들의 증언의 신빙성을 의심할 만한 사정도 보이지 않는바, 이에 의하면 위 천막이 충남지회의 전용 천막이라고도 볼 수 없다. 원심이 판시 이유에 의하여 피고인의 증언을 허위라고 단정하고 만 것은 결국 위증죄에 관한 법리오해나 이로 인한 심리미진 또는 채증법칙위배 등의 위법의 소치라 할 것이다.",
      "summ_pass": "위증죄에서 증인의 증언이 기억에 반하는 허위의 진술인지 여부는 증언의 단편적인 구절에 구애될 것이 아니라 당해 신문절차에서의 증언 전체를 일체로 파악하여 판단하여야 한다."
    }
  ],
  "keyword_tagg": [
    {
      "id": 1,
      "keyword": "위증"
    }
  ],
  "Reference_info": {
    "reference_rules": "형법 제152조 제1항",
    "reference_court_case": "대법원 1988. 12. 6. 선고 88도935 판결(공1989,121), 대법원 1989. 2. 8. 선고 87도1718 판결(공1989,557), 대법원 1991. 5. 10. 선고 89도1748 판결(공1991,1674)"
  },
  "Class_info": {
    "class_name": "형사A(생활형)",
    "instance_name": "행정처분"
  }
}