{
  "info": {
    "id": 41015983,
    "dataType": "판결문",
    "caseNm": "범인도피, 특정범죄가중처벌등에관한법률위반(재산국외도피)",
    "caseTitle": "대법원 1995. 3. 3. 선고 93도3080 판결",
    "courtType": "판례(대법원)",
    "courtNm": "대법원",
    "judmnAdjuDe": "1995-03-03",
    "caseNoID": "93도3080",
    "caseNo": "93도3080"
  },
  "jdgmn": "범인도피죄의 의의 및 성립요건",
  "jdgmnInfo": [
    {
      "question": "그 자체가 도피시키는 것을 직접의 목적으로 한 것이라고 보기 어려운 행위로 말미암아 간접적으로 범인이 안심하여 도피할 수 있도록 하는 경우, 범인도피죄가 성립하는가?",
      "answer": "부정"
    }
  ],
  "Summary": [
    {
      "summ_contxt": "형법 제151조에서 규정하는 범인도피죄는 범인은닉 이외의 방법으로 범인에대한 수사, 재판 및 형의 집행 등 형사사법의 작용을 곤란 또는 불가능하게 하는 행위를 말하는 것으로서 그 방법에는 어떠한 제한이 없고, 또 이는 위험범으로서 현실적으로 형사사법의 작용을 방해하는 결과가 초래될 것이 요구되지는 아니하나, 다른 한편 형사사법의 작용을 방해하는 모든 행위 내지 범인을 돕는 모든 행위가 범인도피죄의 구성요건에 해당한다고 본다면 이는 일반 국민의 행동의 자유를 지나치게 제한하는 것으로서 부당하므로, 범인도피행위는 범인을 도주하게 하는 행위 또는 도주하는 것을 직접적으로 용이하게 하는 행위에 한정된다고 봄이 상당하고, 그 자체가 도피시키는 것을 직접의 목적으로 한 것이라고는 보기 어려운 행위로 말미암아 간접적으로 범인이 안심하여 도피할 수 있도록 하는 것과 같은 경우는 이에 포함되는 것이 아니라고 해석하여야 하며, 나아가 어떤 행위가 범인도피죄에 해당하는 것처럼 보이더라도 그것이 사회적으로 상당성이 있는 행위일 때에는 이 또한 처벌할 수 없다고 보아야 한다.",
      "summ_pass": "방법에는 어떠한 제한이 없고, 또 이는 위험범으로서 현실적으로 형사사법의 작용을 방해하는 결과가 초래될 것이 요구되지는 아니하나, 다른 한편 형사사법의 작용을 방해하는 모든 행위 내지 범인을 돕는 모든 행위가 범인도피죄의 구성요건에 해당한다고 본다면 이는 일반 국민의 행동의 자유를 지나치게 제한하는 것으로서 부당하다."
    }
  ],
  "keyword_tagg": [
    {
      "id": 1,
      "keyword": "범인도피"
    }
  ],
  "Reference_info": {
    "reference_rules": "형법 제151조",
    "reference_court_case": ""
  },
  "Class_info": {
    "class_name": "형사A(생활형)",
    "instance_name": "특정범죄가중처벌"
  }
}