{
  "info": {
    "id": 41014697,
    "dataType": "판결문",
    "caseNm": "강간치상, 향정신성의약품관리법위반, 폭력행위등처벌에관한법률위반",
    "caseTitle": "대법원 1993. 12. 7. 선고 93도2701 판결",
    "courtType": "판례(대법원)",
    "courtNm": "대법원",
    "judmnAdjuDe": "1993-12-07",
    "caseNoID": "93도2701",
    "caseNo": "93도2701"
  },
  "jdgmn": "가. 재물손괴죄에 있어서 \"효용을 해한다\"고 함의 의미\n나. 심신장애 상태에 있었는지 여부의 판단방법",
  "jdgmnInfo": [
    {
      "question": "재물손괴죄에 있어서 일시 물건을 이용할 수 없는 상태로 만드는 것이 효용을 해하는 것에 해당하는가?",
      "answer": "긍정"
    }
  ],
  "Summary": [
    {
      "summ_contxt": "가. 재물손괴의 범의를 인정함에 있어서는 반드시 계획적인 손괴의 의도가 있거나 물건의 손괴를 적극적으로 희망하여야 하는 것은 아니고, 소유자의 의사에 반하여 재물의 효용을 상실케 하는 데 대한 인식이 있으면 되고, 여기에서 재물의 효용을 해한다고 함은 그 물건의 본래의 사용목적에 공할 수 없게 하는 상태로 만드는 것은 물론 일시 그것을 이용할 수 없는 상태로 만드는 것도 역시 효용을 해하는 것에 해당한다. 나. 피고인이 범행 당시 심신장애의 상태에 있었는지 여부를 판단함에는 반드시 전문가의 감정을 거쳐야 하는 것이 아니고, 법원이 범행의 경위와 수단, 범행 전후의 피고인의 행동 등 기록에 나타난 제반 자료와 공판정에서의 피고인의 태도 등을 종합하여 피고인이 심신장애의 상태에 있지 아니하였다고 판단하더라도 위법이라고 할 수 없다.",
      "summ_pass": "재물손괴의 범의를 인정함에 있어서는 반드시 계획적인 손괴의 의도가 있거나 물건의 손괴를 적극적으로 희망하여야 하는 것은 아니고, 소유자의 의사에 반하여 재물의 효용을 상실케 하는 데 대한 인식이 있으면 되고, 여기에서 재물의 효용을 해한다고 함은 그 물건의 본래의 사용목적에 공할 수 없게 하는 상태로 만드는 것은 물론 일시 그것을 이용할 수 없는 상태로 만드는 것도 역시 효용을 해하는 것에 해당한다."
    }
  ],
  "keyword_tagg": [
    {
      "id": 1,
      "keyword": "재물의 효용"
    },
    {
      "id": 2,
      "keyword": "재물손괴"
    }
  ],
  "Reference_info": {
    "reference_rules": "",
    "reference_court_case": "가. 대법원 1971. 11. 23. 선고 71도1576 판결(집19③형50), 대법원 1992. 7. 28. 선고 92도1345 판결(공1992,2702) 나. 대법원 1990. 11. 27. 선고 90도2210 판결(공1991,294), 대법원 1991. 9. 13. 선고 91도1473 판결(공1991,2572), 대법원 1992. 12. 22. 선고 92도2540 판결(공1993상,657)"
  },
  "Class_info": {
    "class_name": "형사A(생활형)",
    "instance_name": "폭력행위"
  }
}