{
  "info": {
    "id": 41017910,
    "dataType": "판결문",
    "caseNm": "살인, 살인미수, 폭력행위등처벌에관한법률위반, 도로교통법위반",
    "caseTitle": "대법원 1994. 3. 22. 선고 93도3612 판결",
    "courtType": "판례(대법원)",
    "courtNm": "대법원",
    "judmnAdjuDe": "1994-03-22",
    "caseNoID": "93도3612",
    "caseNo": "93도3612"
  },
  "jdgmn": "가. 살인죄의 범의\n나. 형사소송법 제312조 제2항이 피고인과 공범관계에 있는 다른 피고인 또는 피의자에 대한 관계에서도 적용되는지 여부\n다. 살인의 실행행위와 사망 사이의 인과관계 유무의 판단기준",
  "jdgmnInfo": [
    {
      "question": "살인의 실행행위와 피해자의 사망 사이에 다른 사실이 개재되어 그 사실이 치사의 직접적인 원인이 된 경우, 살인의 실행행위와 피해자의 사망과의 사이에 인과관계가 인정되는가?",
      "answer": "긍정"
    }
  ],
  "Summary": [
    {
      "summ_contxt": "형사소송법 제312조는 검사 이외의 수사기관 작성의 피의자신문조서는 공판준비 또는 공판기일에서의 원진술자의 진술에 의하여 그 성립의 진정함이 인정됨과 아울러 공판준비 또는 공판기일에 그 피의자였던 피고인이나 변호인이 그 내용을 인정할 때에 한하여 증거로 할 수 있다고 규정하여 검사 이외의 수사기관이 작성한 피의자신문조서의 증거능력을 엄격히 제한하고 있는바, 이 규정은 검사 이외의 수사기관이 작성한 당해 피고인에 대한 피의자신문조서를 유죄의 증거로 하는 경우뿐만 아니라 검사 이외의 수사기관이 작성한 당해 피고인과 공범관계가 있는 다른 피고인 또는 피의자에 대한 피의자신문조서를 피고인에 대한 유죄의 증거로 하는 경우에도 적용된다고 보아야 할 것이다.",
      "summ_pass": "이 규정은 검사 이외의 수사기관이 작성한 당해 피고인에 대한 피의자신문조서를 유죄의 증거로 하는 경우뿐만 아니라 검사 이외의 수사기관이 작성한 당해 피고인과 공범관계가 있는 다른 피고인 또는 피의자에 대한 피의자신문조서를 피고인에 대한 유죄의 증거로 하는 경우에도 적용된다."
    }
  ],
  "keyword_tagg": [
    {
      "id": 1,
      "keyword": "피의자신문조서"
    },
    {
      "id": 2,
      "keyword": "유죄의 증거"
    }
  ],
  "Reference_info": {
    "reference_rules": "가.다. 형법 제250조 가. 제13조 나. 형사소송법 제312조 제2항 나. 형법 제17조",
    "reference_court_case": "가. 대법원 1987. 7. 21. 선고 87도1091 판결(공1987,1435), 대법원 1988. 2. 9. 선고 87도2564 판결(공1988,548), 대법원 1988. 6. 14. 선고 88도692 판결(공1988,1050) 나. 대법원 1986. 11. 11. 선고 86도1783 판결(공1987,47), 대법원 1987. 12. 22. 선고 87도1020 판결(공1988,378), 대법원 1992. 4. 14. 선고 92도442 판결(공1992,1647) 다. 대법원 1982. 12. 28. 선고 82도2525 판결(공1983,454)"
  },
  "Class_info": {
    "class_name": "형사A(생활형)",
    "instance_name": "살인"
  }
}