{
  "info": {
    "id": 41014530,
    "dataType": "판결문",
    "caseNm": "횡령",
    "caseTitle": "대법원 1994. 11. 25. 선고 93도2404 판결",
    "courtType": "판례(대법원)",
    "courtNm": "대법원",
    "judmnAdjuDe": "1994-11-25",
    "caseNoID": "93도2404",
    "caseNo": "93도2404"
  },
  "jdgmn": "가. 부동산의 횡령죄가 성립하기 위해선 명의신탁 등 위탁이라는 신임관계가 있어야 하는지 여부\n나. 신빙성이 희박한 피해자측의 증언만으로 공소사실을 유죄로 인정한 원심판결을 채증법칙 위배를 이유로 파기한 사례",
  "jdgmnInfo": [
    {
      "question": "부동산의 횡령죄가 성립하기 위하여 명의신탁 등 위탁이라는 신임관계가 있어야 하는가?",
      "answer": "긍정"
    }
  ],
  "Summary": [
    {
      "summ_contxt": "가. 횡령죄는 위탁이라는 신임관계에 반하여 타인의 재물을 보관하는 자가 이를 횡령하거나 또는 반환을 거부함으로써 성립하는 것이므로, 부동산의 등기명의자인 피고인이 그중 일부 지분을 횡령하였다고 하려면 우선 그 피해자가 그 부동산 지분의 실제 소유권자로서 피고인에게 그 지분을 명의신탁함으로써 피고인과의 사이에 위탁이라는 신임관계가 있어야 할 것이다. 나. 형사재판에 있어 유죄의 인정은 법관으로 하여금 합리적인 의심을 할 여지가 없을 정도로 공소사실이 진실한 것이라는 확신을 가지게 하는 증명력을 가진 증거에 의하여야 할 것임에도, 신빙성이 희박한 피해자측의 증언들만으로 공소사실을 유죄로 인정함으로써 채증법칙을 위배하였다는 이유로 원심판결을 파기한 사례.",
      "summ_pass": "횡령죄는 위탁이라는 신임관계에 반하여 타인의 재물을 보관하는 자가 이를 횡령하거나 또는 반환을 거부함으로써 성립하는 것이므로, 부동산의 등기명의자인 피고인이 그중 일부 지분을 횡령하였다고 하려면 우선 그 피해자가 그 부동산 지분의 실제 소유권자로서 피고인에게 그 지분을 명의신탁함으로써 피고인과의 사이에 위탁이라는 신임관계가 있어야 할 것이다."
    }
  ],
  "keyword_tagg": [
    {
      "id": 1,
      "keyword": "횡령"
    }
  ],
  "Reference_info": {
    "reference_rules": "가. 형법 제355조 제1항 나. 형사소송법 제308조",
    "reference_court_case": "가. 대법원 1989. 10. 24. 선고 89도1605 판결(공1989,1831), 대법원 1989. 12. 8. 선고 89도1220 판결(공1990,297), 대법원 1993. 6. 22. 선고 92도797 판결(공1993하,2185)"
  },
  "Class_info": {
    "class_name": "형사A(생활형)",
    "instance_name": "행정처분"
  }
}