{
  "info": {
    "id": 41014706,
    "dataType": "판결문",
    "caseNm": "상해",
    "caseTitle": "대법원 1993. 5. 11. 선고 93도711 판결",
    "courtType": "판례(대법원)",
    "courtNm": "대법원",
    "judmnAdjuDe": "1993-05-11",
    "caseNoID": "93도711",
    "caseNo": "93도711"
  },
  "jdgmn": "상해부위의 판시 없는 상해죄 인정의 적법 여부(소극)",
  "jdgmnInfo": [
    {
      "question": "상해부위의 판시 없는 상해죄 인정이 적법한가?",
      "answer": "부정"
    }
  ],
  "Summary": [
    {
      "summ_contxt": "상해죄의 성립에는 상해의 고의가 있는 행위와 이로 인하여 발생하는 인과관계 있는 상해의 결과가 있어야 하므로 이러한 행위와 그로 인한 상해의 부위와 정도가 증거에 의하여 명백하게 확정되어야 하고 상해부위의 판시 없는 상해죄의 인정은 위법하다.",
      "summ_pass": "이러한 행위와 그로 인한 상해의 부위와 정도가 증거에 의하여 명백하게 확정되어야 하고 상해부위의 판시 없는 상해죄의 인정은 위법하다."
    }
  ],
  "keyword_tagg": [
    {
      "id": 1,
      "keyword": "상해"
    }
  ],
  "Reference_info": {
    "reference_rules": "형법 제257조 제1항",
    "reference_court_case": "대법원 1982. 12. 28. 선고 82도2588 판결(공1983,397)"
  },
  "Class_info": {
    "class_name": "형사A(생활형)",
    "instance_name": "행정처분"
  }
}