{
  "info": {
    "id": 41014910,
    "dataType": "판결문",
    "caseNm": "보호감호",
    "caseTitle": "대법원 1993. 9. 14. 선고 93감도67 판결",
    "courtType": "판례(대법원)",
    "courtNm": "대법원",
    "judmnAdjuDe": "1993-09-14",
    "caseNoID": "93감도67",
    "caseNo": "93감도67"
  },
  "jdgmn": "가. 사회보호법 제5조 규정의 위헌 여부\n나. 위헌결정된 구 사회보호법(1989. 3. 25. 법률 제4098호로 개정되기 전의 것) 제5조 제1항에 의하여 보호감호를 선고받았던 자에 대한 재심사건에서 감호청구서 변경에 의하여 다시 보호감호를 선고할 수 있는지 여부",
  "jdgmnInfo": [
    {
      "question": "위헌결정된 구 사회보호법(1989. 3. 25. 법률 제4098호로 개정되기 전의 것) 제5조 제1항에 의하여 보호감호를 선고받았던 자에 대한 재심사건에서 감호청구서 변경에 의하여 다시 보호감호를 선고할 수 있는가?",
      "answer": "긍정"
    }
  ],
  "Summary": [
    {
      "summ_contxt": "헌법재판소의 위헌결정으로 헌법재판소법 제47조 제2항 단서에 따라 소급하여 효력이 상실된 구 사회보호법(1989. 3. 25. 법률 제4098호로 개정되기 전의 것) 제5조 제1항에 의하여 보호감호를 선고받았던 자에 대한 재심사건에서도 그가 ‘재범의 위험성’이 있는 경우에는 검사의 감호청구서 변경에 의하여 다시 보호감호를 선고할 수 있고 이를 헌법 제13조 제1항에 위반된다 할 수 없다. 원심이 인용한 제1심 채용증거 및 원심 채용증거들을 종합하면 피감호청구인에 대한 재범의 위험성을 충분히 인정할 수 있고 거기에 소론과 같은 재범의 위험성에 대한 법리오해나 사실오인의 위법이 있다 할 수 없다. 논지는 모두 이유 없다.",
      "summ_pass": "헌법재판소의 위헌결정으로 소급하여 효력이 상실된 구 사회보호법 제5조 제1항에 의하여 보호감호를 선고받았던 자에 대한 재심사건에서도 그가 ‘재범의 위험성’이 있는 경우에는 검사의 감호청구서 변경에 의하여 다시 보호감호를 선고할 수 있고 이를 헌법 제13조 제1항에 위반된다 할 수 없다."
    }
  ],
  "keyword_tagg": [
    {
      "id": 1,
      "keyword": "보호감호"
    },
    {
      "id": 2,
      "keyword": "재범의 위험성"
    }
  ],
  "Reference_info": {
    "reference_rules": "가.나. 헌법 제13조 가. 같은 법 제27조, 사회보호법 제5조 나. 구 사회보호법(1989. 3. 25. 법률 제4098호로 개정되기 전의 것) 제5조 제1항, 헌법재판소 1989. 7. 14. 선고 88헌가5,8, 88헌가44 위헌심판결정에 의하여 효력상실)",
    "reference_court_case": "가. 대법원 1989. 12. 8. 선고 89감도138 판결(공1990,421), 대법원 1990. 3. 27. 선고 90도135,90감도19 판결(공1990,1024), 대법원 1991. 1. 15. 선고 90감도208 판결(공1991,787) 나. 대법원 1990. 8. 28. 선고 90감도127 판결(공1990,2959), 대법원 1991. 7. 26. 선고 91재감도58 판결(공1991,2280), 대법원 1991. 8. 13. 선고 91감도72 판결(공1991,2381)"
  },
  "Class_info": {
    "class_name": "형사A(생활형)",
    "instance_name": "행정처분"
  }
}