{
  "info": {
    "id": 41018051,
    "dataType": "판결문",
    "caseNm": "사기",
    "caseTitle": "대법원 1994. 4. 29. 선고 94도604 판결",
    "courtType": "판례(대법원)",
    "courtNm": "대법원",
    "judmnAdjuDe": "1994-04-29",
    "caseNoID": "94도604",
    "caseNo": "94도604"
  },
  "jdgmn": "사기죄를 인정한 원심판결에 심리미진 또는 채증법칙 위배의 위법이 있다고 한 사례",
  "jdgmnInfo": [
    {
      "question": "피고인의 제1심 법정에서의 일부 진술은 피고인이 이 사건 편취행위를 부인하고 있는 점에 비추어 피고인의 편취행위를 인정할 자료가 된다 할 수 없는가?",
      "answer": "긍정"
    }
  ],
  "Summary": [
    {
      "summ_contxt": "원심이 유지한 제1심판결이 들고 있는 증거들을 기록에 비추어 보면 피고인의 제1심 법정에서의 일부 진술은 피고인이 이 사건 편취행위를 부인하고 있는 점에 비추어 피고인의 편취행위를 인정할 자료가 된다 할 수 없고, 등기부등본 및 토지분할측량성과도의 각 기재는 이 사건 토지의 소유관계나 이 사건 발생 후의 분할에 관한 내용에 불과하여 그것만으로 이 사건 편취행위를 뒷받침할 수 없음은 명백하므로, 결국 피고인의 편취행위를 인정할 자료로는 피해자인 손○○의 경찰 및 제1심 법정에서의 진술과 이 사건 토지의 공동소유자인 위 최하경의 경찰에서의 진술만이 남는다 할 것이다.\n그러므로 피해자인 위 손○○의 경찰 및 제1심 법정에서의 진술과 위 최하경의 경찰에서의 진술을 차례로 검토하기에 앞서 먼저 이 사건 토지의 객관적 형태와 소유관계에 대하여 본다.",
      "summ_pass": "피고인의 제1심 법정에서의 일부 진술은 피고인이 이 사건 편취행위를 부인하고 있는 점에 비추어 피고인의 편취행위를 인정할 자료가 된다 할 수 없다."
    }
  ],
  "keyword_tagg": [
    {
      "id": 1,
      "keyword": "편취행위"
    },
    {
      "id": 2,
      "keyword": "토지분할"
    }
  ],
  "Reference_info": {
    "reference_rules": "형법 제347조 제1항 / 형사소송법 제308조",
    "reference_court_case": ""
  },
  "Class_info": {
    "class_name": "형사A(생활형)",
    "instance_name": "사기"
  }
}