{
  "info": {
    "id": 41015704,
    "dataType": "판결문",
    "caseNm": "폭력행위등처벌에관한법률위반, 주거침입, 협박, 폭행",
    "caseTitle": "대법원 1995. 9. 15. 선고 94도3336 판결",
    "courtType": "판례(대법원)",
    "courtNm": "대법원",
    "judmnAdjuDe": "1995-09-15",
    "caseNoID": "94도3336",
    "caseNo": "94도3336"
  },
  "jdgmn": "거주자의 의사와 주거침입죄의 성립",
  "jdgmnInfo": [
    {
      "question": "평소 건조물에 출입이 허용된 사람이 거주자나 관리자의 명시적 또는 추정적 의사에 반하여 주거에 들어간 경우, 주거침입죄가 성립하는가?",
      "answer": "긍정"
    }
  ],
  "Summary": [
    {
      "summ_contxt": "주거침입죄는 사실상의 주거의 평온을 보호법익으로 하는 것이므로 그 거주자 또는 관리자가 건조물 등에 거주 또는 관리할 권한을 가지고 있는가 여부는 범죄의 성립을 좌우하는 것이 아니고, 그 거주자나 관리자와의 관계 등으로 평소 그 건조물에 출입이 허용된 사람이라 하더라도 주거에 들어간 행위가 거주자나 관리자의 명시적 또는 추정적 의사에 반함에도 불구하고 감행된 것이라면 주거침입죄는 성립하며, 출입문을 통한 정상적인 출입이 아닌 경우 특별한 사정이 없는 한 그 침입 방법 자체에 의하여 위와 같은 의사에 반하는 것으로 보아야 한다.",
      "summ_pass": "그 거주자나 관리자와의 관계 등으로 평소 그 건조물에 출입이 허용된 사람이라 하더라도 주거에 들어간 행위가 거주자나 관리자의 명시적 또는 추정적 의사에 반함에도 불구하고 감행된 것이라면 주거침입죄는 성립하며, 출입문을 통한 정상적인 출입이 아닌 경우 특별한 사정이 없는 한 그 침입 방법 자체에 의하여 위와 같은 의사에 반하는 것으로 보아야 한다."
    }
  ],
  "keyword_tagg": [
    {
      "id": 1,
      "keyword": "주거침입"
    }
  ],
  "Reference_info": {
    "reference_rules": "형법 제319조 제1항",
    "reference_court_case": "대법원 1984. 4. 24. 선고 83도1429 판결(공1984,944), 대법원 1985. 3. 26. 선고 85도122 판결(공1985,660), 대법원 1990. 3. 13. 선고 90도173 판결(공1990,922)"
  },
  "Class_info": {
    "class_name": "형사A(생활형)",
    "instance_name": "폭행"
  }
}