{
  "info": {
    "id": 41014683,
    "dataType": "판결문",
    "caseNm": "배임",
    "caseTitle": "대법원 1994. 6. 14. 선고 94도612 판결",
    "courtType": "판례(대법원)",
    "courtNm": "대법원",
    "judmnAdjuDe": "1994-06-14",
    "caseNoID": "94도612",
    "caseNo": "94도612"
  },
  "jdgmn": "국토이용관리법 소정의 거래허가를 받지 않고 토지를 매도한 자가 배임죄의 주체가 될 수 있는지 여부",
  "jdgmnInfo": [
    {
      "question": "국토이용관리법 소정의 거래허가를 받지 않고 토지를 매도한 자가 배임죄의 주체가 될 수 있는가?",
      "answer": "부정"
    }
  ],
  "Summary": [
    {
      "summ_contxt": "국토이용관리법 제21조의2 소정의 규제구역 내에 있는 토지에 관하여 소유권 등 권리를 이전 또는 설정하는 내용의 거래계약은 같은 법 제21조의3 제1항 소정의 관할관청의 허가를 받아야 그 효력이 발생하고 허가를 받기 전에는 물권적 효력은 물론 채권적 효력도 발생하지 않는 것이므로 토지를 매도하였다고 하더라도 같은 법 소정의 거래허가를 받은 바 없다면 그 매매계약은 채권적 효력도 없는 것이어서 매도인에게 매수인에 대한 소유권이전등기에 협력할 의무가 생겼다고 볼 수 없고, 따라서 매도인을 배임죄의 주체인 타인의 사무를 처리하는 자에 해당한다고 할 수 없다.",
      "summ_pass": "토지를 매도하였다고 하더라도 같은 법 소정의 거래허가를 받은 바 없다면 그 매매계약은 채권적 효력도 없는 것이어서 매도인에게 매수인에 대한 소유권이전등기에 협력할 의무가 생겼다고 볼 수 없고, 따라서 매도인을 배임죄의 주체인 타인의 사무를 처리하는 자에 해당한다고 할 수 없다."
    }
  ],
  "keyword_tagg": [
    {
      "id": 1,
      "keyword": "배임"
    }
  ],
  "Reference_info": {
    "reference_rules": "형법 제355조 제2항 / 국토이용관리법 제21조의3 제1항",
    "reference_court_case": "대법원 1992. 10. 13. 선고 92도1070 판결(공1992,3187)"
  },
  "Class_info": {
    "class_name": "형사A(생활형)",
    "instance_name": "행정처분"
  }
}