{
  "info": {
    "id": 38013977,
    "dataType": "판결문",
    "caseNm": "풍속영업규제위반",
    "caseTitle": "대법원 1994. 4. 27.자 94마257 결정",
    "courtType": "판례(대법원)",
    "courtNm": "대법원",
    "judmnAdjuDe": "1994-04-27",
    "caseNoID": "94마257",
    "caseNo": "94마257"
  },
  "jdgmn": "풍속영업을 영위하는 자가 휴업하였다가 다시 영업하는 경우 신고를 하여야 하는지 여부",
  "jdgmnInfo": [
    {
      "question": "풍속영업을 영위하는 자가 휴업하였다가 다시 영업하는 경우 신고해야 하는가?",
      "answer": "부정"
    }
  ],
  "Summary": [
    {
      "summ_contxt": "풍속영업의규제에관한법률은 제5조 제1항에서 \"·····풍속영업을 영위하고자 하는 자는 대통령령이 정하는 바에 의하여 경찰서장에게 신고하여야 한다. 휴·폐업하거나 신고내용을 변경하고자 하는 때에도 또한 같다\"고 규정하는 한편, 제11조 제1항에서는 \"제5조 제1항의 규정에 의한 신고를 하지 아니하고 풍속영업을 영위한 자는 500만 원 이하의 과태료에 처한다\"고 규정하고 있으므로, 법 제5조 제1항의 규정에 의한 신고를 하고 풍속영업을 영위하는 자가 일시 휴업하였다가 다시 영업을 하는 경우에는 법 제11조 제1항에 따라 과태료에 처할 수 없는 것으로 해석된다.",
      "summ_pass": "규정에 의한 신고를 하고 풍속영업을 영위하는 자가 일시 휴업하였다가 다시 영업을 하는 경우에는 법 제11조 제1항에 따라 과태료에 처할 수 없는 것으로 해석된다."
    }
  ],
  "keyword_tagg": [
    {
      "id": 1,
      "keyword": "풍속영업"
    }
  ],
  "Reference_info": {
    "reference_rules": "풍속영업의규제에관한법률 제5조 제1항, 제11조 제1항",
    "reference_court_case": ""
  },
  "Class_info": {
    "class_name": "형사A(생활형)",
    "instance_name": "풍속영업"
  }
}