{
  "info": {
    "id": 41015976,
    "dataType": "판결문",
    "caseNm": "위증",
    "caseTitle": "대법원 1995. 3. 24. 선고 94도2287 판결",
    "courtType": "판례(대법원)",
    "courtNm": "대법원",
    "judmnAdjuDe": "1995-03-24",
    "caseNoID": "94도2287",
    "caseNo": "94도2287"
  },
  "jdgmn": "가. 형사소송법 제312조 제2항이 전혀 별개의 사건에서 피의자였던 피고인에 대한 검사 이외의 수사기관 작성의 피의자신문조서도 그 적용대상으로 하는지 여부\n나. 피고인이 별개의 사건에서의 사법경찰관 작성 피의자신문조서의 내용을 부인하는 경우, 피고인의 그 범행자백 경위를 진술한 수사경찰관의 증언이 증거능력이 있는지 여부",
  "jdgmnInfo": [
    {
      "question": "전혀 별개의 사건에서 피의자였던 피고인에 대한 검사 이외의 수사기관 작성의 피의자신문조서가 형사소송법 제312조 제2항의 적용대상인가?",
      "answer": "긍정"
    }
  ],
  "Summary": [
    {
      "summ_contxt": "가. 형사소송법 제312조 제2항은 검사 이외의 수사기관의 피의자신문은 이른바 신용성의 정황적 보장이 박약하다고 보아 피의자신문에 있어서 진정성립 및 임의성이 인정되더라도 공판 또는 그 준비절차에 있어 원진술자인 피고인이나 변호인이 그 내용을 인정하지 않는 한 그 증거능력을 부정하는 취지로 입법된 것으로, 그 입법취지와 법조의 문언에 비추어 볼 때 당해 사건에서 피의자였던 피고인에 대한 검사 이외의 수사기관 작성의 피의자신문조서에만 적용되는 것은 아니고 전혀 별개의 사건에서 피의자였던 피고인에 대한 검사 이외의 수사기관 작성의 피의자신문조서도 그 적용대상으로 하고 있는 것이라고 보아야 한다.\n나. 피고인이 사법경찰관 앞에서의 진술의 내용을 부인하고 있는 이상 피고인을 수사한 경찰관이 증인으로 나와서 수사과정에서 피고인이 범행을 자백하게 된 경위를 진술한 증언은형사소송법 제312조 제2항의 규정과 그 취지에 비추어 볼 때 역시 증거능력이 없고, 이러한 결론은 당해 피고사건과 전혀 별개의 사건에서 피의자로 조사받은 경우에 이 피의자신문조서에 형사소송법 제312조 제2항을 적용하고 있는 이상 전혀 별개의 사건에서 피고인이 범행을 자백하게 된 경위를 수사경찰관이 진술한 경우에도 동일하게 적용되어야 한다.",
      "summ_pass": "그 입법취지와 법조의 문언에 비추어 볼 때 당해 사건에서 피의자였던 피고인에 대한 검사 이외의 수사기관 작성의 피의자신문조서에만 적용되는 것은 아니고 전혀 별개의 사건에서 피의자였던 피고인에 대한 검사 이외의 수사기관 작성의 피의자신문조서도 그 적용대상으로 하고 있는 것이라고 보아야 한다."
    }
  ],
  "keyword_tagg": [
    {
      "id": 1,
      "keyword": "피의자신문조서"
    },
    {
      "id": 2,
      "keyword": "정황적 보장"
    }
  ],
  "Reference_info": {
    "reference_rules": "형사소송법 제312조 제2항",
    "reference_court_case": "가.나. 대법원 1983. 7. 26. 선고 82도385 판결(공1983,1367) 나. 대법원 1983. 6. 14. 선고 83도1011 판결(공1983,1127), 대법원 1984. 2. 28. 선고 83도3223,83감도538 판결(공1984,652), 대법원 1985. 2. 13. 선고 84도2897 판결(공1985,455)"
  },
  "Class_info": {
    "class_name": "형사A(생활형)",
    "instance_name": "위증"
  }
}