{
  "info": {
    "id": 41015986,
    "dataType": "판결문",
    "caseNm": "무고, 상해",
    "caseTitle": "대법원 1995. 2. 24. 선고 94도3068 판결",
    "courtType": "판례(대법원)",
    "courtNm": "대법원",
    "judmnAdjuDe": "1995-02-24",
    "caseNoID": "94도3068",
    "caseNo": "94도3068"
  },
  "jdgmn": "가. 신고내용에 진실에 반하는 내용이 포함되었다 하더라도 단지 정황을 과장하는 데 불과하다면 무고죄가 성립하지 않는지 여부\n나. 고소내용이 허위의 사실을 신고한 것으로 신고사실의 정황을 과장하는데 불과하다고 볼 수 없다고 한 사례",
  "jdgmnInfo": [
    {
      "question": "신고내용에 진실에 반하는 내용이 포함되었으나 단지 정황을 과장하는 데 불과한 경우, 무고죄가 성립하는가?",
      "answer": "부정"
    }
  ],
  "Summary": [
    {
      "summ_contxt": "가. 무고죄에 있어서의 \"허위의 사실\"과 관련하여 비록 그 신고내용에 일부 객관적 진실에 반하는 내용이 포함되었다 하더라도 그것이 단지 신고사실의 정황을 과장하는 데 불과하다면 무고죄가 성립하지 아니한다.\n나. 피고소인들이 피고인과 제3자와의 싸움을 말리려고 하다가 피고인이 말을 듣지 아니하여 만류를 포기하고 옆에서 보고만 있었을 뿐 피고소인들이 피고인의 팔을 잡은 사실이 없었고, 또한 피고인이 그 싸움에서 턱 부위에 상해를 입은 사실은 있으나 그 상해 역시 피고인이 제3자로부터 안면부를 얻어맞아 입은 것이 아니라 서로 멱살을 잡고 밀고 당기는 과정에서 입은 상해임을 엿볼 수 있는 경우, 이와 같은 사실관계에서 \"피고소인들이 피고인의 양팔을 잡아 가세하고 제3자가 피고인의 안면부를 때려 상해를 입혔다\"는 취지의 고소내용은 그 제3자에 대한 관계에서는 신고사실의 정황을 다소 과장한 것에 불과하다고 볼 수도 있겠으나, 피고소인들에 대한 관계에서는 고소내용 전체가 객관적인 진실에 반하는 허위의 사실을 신고한 것으로서 그것이 단지 신고사실의 정황을 과장하는 데 불과하다고 볼 수는 없다.",
      "summ_pass": "무고죄에 있어서의 \"허위의 사실\"과 관련하여 비록 그 신고내용에 일부 객관적 진실에 반하는 내용이 포함되었다 하더라도 그것이 단지 신고사실의 정황을 과장하는 데 불과하다면 무고죄가 성립하지 아니한다."
    }
  ],
  "keyword_tagg": [
    {
      "id": 1,
      "keyword": "무고"
    },
    {
      "id": 2,
      "keyword": "상해"
    }
  ],
  "Reference_info": {
    "reference_rules": "형법 제156조",
    "reference_court_case": "가. 대법원 1990. 11. 9. 선고 90도1706 판결(공1991,128), 대법원 1994. 1. 11. 선고 93도2995 판결(공1994상,748)"
  },
  "Class_info": {
    "class_name": "형사A(생활형)",
    "instance_name": "무고"
  }
}