{
  "info": {
    "id": 41015706,
    "dataType": "판결문",
    "caseNm": "절도",
    "caseTitle": "대법원 1995. 9. 5. 선고 94도3033 판결",
    "courtType": "판례(대법원)",
    "courtNm": "대법원",
    "judmnAdjuDe": "1995-09-05",
    "caseNoID": "94도3033",
    "caseNo": "94도3033"
  },
  "jdgmn": "상사와의 의견 충돌 끝에 항의의 표시로 사표를 제출한 다음 평소 피고인이 전적으로 보관, 관리해 오던 이른바 비자금 관계 서류 및 금품이 든 가방을 들고 나온 경우, 절도죄의 성립을 부정한 사례",
  "jdgmnInfo": [
    {
      "question": "사표를 제출한 다음 평소 피고인이 전적으로 보관, 관리해 오던 비자금 관계 서류 및 금품이 든 가방을 들고 나온 경우, 절도죄가 성립하는가?",
      "answer": "부정"
    }
  ],
  "Summary": [
    {
      "summ_contxt": "상사와의 의견 충돌 끝에 항의의 표시로 사표를 제출한 다음 평소 피고인이 전적으로 보관, 관리해 오던 이른바 비자금 관계 서류 및 금품이 든 가방을 들고 나온 경우, 불법령득의 의사가 있다고 할 수 없을 뿐만 아니라, 그 서류 및 금품이 타인의 점유하에 있던 물건이라고도 볼 수 없다.",
      "summ_pass": "사표를 제출한 다음 평소 피고인이 전적으로 보관, 관리해 오던 비자금 관계 서류 및 금품이 든 가방을 들고 나온 경우, 절도죄가 성립한다."
    }
  ],
  "keyword_tagg": [
    {
      "id": 1,
      "keyword": "타인의 점유"
    },
    {
      "id": 2,
      "keyword": "피고인"
    }
  ],
  "Reference_info": {
    "reference_rules": "형법 제329조",
    "reference_court_case": ""
  },
  "Class_info": {
    "class_name": "형사A(생활형)",
    "instance_name": "폭행"
  }
}