{
  "info": {
    "id": 41014613,
    "dataType": "판결문",
    "caseNm": "살인",
    "caseTitle": "대법원 1994. 8. 12. 선고 94도1239 판결",
    "courtType": "판례(대법원)",
    "courtNm": "대법원",
    "judmnAdjuDe": "1994-08-12",
    "caseNoID": "94도1239",
    "caseNo": "94도1239"
  },
  "jdgmn": "양형부당만을 이유로 한 피고인의 항소를 기각한 판결에 대하여 사실오인내지 법령위반을 상고이유로 삼을 수 있는지 여부",
  "jdgmnInfo": [
    {
      "question": "양형부당만을 이유로 한 피고인의 항소를 기각한 판결에 대하여 사실오인 내지 법령위반을 상고이유로 삼을 수 있는가?",
      "answer": "부정"
    }
  ],
  "Summary": [
    {
      "summ_contxt": "피고인이 제1심 판결에 대하여 양형부당만을 항소이유로 내세워 항소하였으나 이 주장이 이유 없다 하여 피고인의 항소를 기각한 원심판결에 대하여서는 사실오인 내지 법령위반사유를 들어 상고이유로 삼을 수는 없는 것이며,(당원 1987. 12. 8. 선고 87도1561 판결; 1990. 10. 10. 선고 90도1688 판결; 1979. 11. 27. 선고 79도2335 판결 등 참조), 피고인이 제1심에서 그와 같은 주장을 하였다 하더라도 결론은 다르지 아니하다.\n피고인은 제1심 판결에 대하여 양형부당만을 항소이유로 내세웠음이 기록상 뚜렷하므로 살인의 고의가 없었다든가, 오상방위에 해당한다든가 하는 소론 주장들은 적법한 상고이유가 될 수 없으며, 나아가 기록을 살펴보면 이 사건 범행 당시 피고인에게 피해자에 대한 살의가 있었음을 충분히 인정할 수 있고 그러한 피고인의 행위가 오상방위에 해당되는 것으로 보이지는 아니한다. 그리고 징역 10년 미만의 형이 선고된 이 사건에서 원심판결에 양형부당의 위법이 있다는 소론도 적법한 상고이유가 되지 못한다.",
      "summ_pass": "피고인은 제1심 판결에 대하여 양형부당만을 항소이유로 내세웠음이 기록상 뚜렷하므로 살인의 고의가 없었다든가, 오상방위에 해당한다든가 하는 소론 주장들은 적법한 상고이유가 될 수 없으며, 나아가 기록을 살펴보면 이 사건 범행 당시 피고인에게 피해자에 대한 살의가 있었음을 충분히 인정할 수 있고 그러한 피고인의 행위가 오상방위에 해당되는 것으로 보이지는 아니한다. 그리고 징역 10년 미만의 형이 선고된 이 사건에서 원심판결에 양형부당의 위법이 있다는 소론도 적법한 상고이유가 되지 못한다."
    }
  ],
  "keyword_tagg": [
    {
      "id": 1,
      "keyword": "살인"
    }
  ],
  "Reference_info": {
    "reference_rules": "형사소송법 제383조",
    "reference_court_case": "대법원 1979. 11. 27. 선고 79도2335 판결(공1980,12377), 대법원 1987. 12. 8. 선고 87도1561 판결(공1988,303), 대법원 1990. 10. 10. 선고 90도1688 판결(공1990,2330)"
  },
  "Class_info": {
    "class_name": "형사A(생활형)",
    "instance_name": "행정처분"
  }
}