{
  "info": {
    "id": 38016095,
    "dataType": "판결문",
    "caseNm": "특정경제범죄가중처벌등에관한법률위반(사기, 변경된 죄명：사기)",
    "caseTitle": "서울지방법원북부지원 1997. 1. 10. 선고 95고합490 판결：항소기각",
    "courtType": "판례(하급심)",
    "courtNm": "서울지방법원북부지원",
    "judmnAdjuDe": "1997-01-10",
    "caseNoID": "95고합490",
    "caseNo": "95고합490"
  },
  "jdgmn": "예견할 수 없었던 회사의 부도로 인하여 계속적으로 어음할인거래를 해 준 자에게 채무를 이행하지 못한 사안에서, 편취의 의사를 부인한 사례",
  "jdgmnInfo": [
    {
      "question": "예견할 수 없었던 회사의 부도로 인하여 계속적으로 어음할인거래를 해 준 자에게 채무를 이행하지 못한 사안에서, 편취의 의사를 인정할 수 있는가?",
      "answer": "부정"
    }
  ],
  "Summary": [
    {
      "summ_contxt": "공소외 2의 법정·검찰에서 한 진술에 대하여 보더라도, 동인은 한편 이 법정에서 \"자신은 피고인 2와 친구로 지내면서 자신의 소유 건물을 위 공소외 3 회사를 위하여 담보로 제공하고 채무보증을 서 주는 등 지원을 하여 오다가 피고인 2의 요청으로 공소외 4 회사의 대표이사를 맡아 위 회사들에 자금투자를 하였고 취임 당시 공소외 4 회사가 공소외 6 회사에 매각된다는 사실도 알고 있었고, 그 후 1994. 2.경부터는 공소외 4 회사가 발행하는 어음들을 자신이 직접 결제한 후 어음들을 발행하였는데, 자신도 공소외 6 회사로부터 1994. 3. 8. 받기로 한 자금을 약속대로 받지 못하여 최종 부도가 났던 것이지, 부도가 날 줄은 전혀 예상하지 못하였다.\"고 진술하고 있을 뿐 아니라, 위 공소외 9의 검찰·경찰에서의 진술을 배척한 판단에서 본 바와 마찬가지의 이유로, 동인의 검찰 진술 및 법정 일부 진술로 피고인들의 편취의사를 뒷받침하는 자료로 삼기는 어렵다. 그 밖에 위 공소외 3 회사의 자금관리담당이사이었던 공소외 8이 검찰에서 한 진술(제2회, 제4회 진술) 내용도 이 사건 어음 거래 당시 공소외 3 회사의 재무구조가 불량하였고, 위기대처 능력이 취약하였다는 것인데, 이 사건 어음할인의 경위, 방법, 기간 및 부도경위 등 앞서 인정한 사실관계 등에 비추어 볼 때, 동 진술로 피고인들의 편취의사를 뒷받침할 자료로 삼기는 어렵다. 그 외에 이 사건에서 피고인들의 편취의사를 인정할 증거가 없다. 위 공소사실은 결국 범죄의 증명이 없는 때에 해당하여 형사소송법 제325조 후단에 의하여 피고인들에 대하여 각 무죄를 선고한다.",
      "summ_pass": "공소외 3 회사의 자금관리담당이사이었던 공소외 8이 검찰에서 한 진술(제2회, 제4회 진술) 내용도 이 사건 어음 거래 당시 공소외 3 회사의 재무구조가 불량하였고, 위기대처 능력이 취약하였다는 것인데, 이 사건 어음할인의 경위, 방법, 기간 및 부도경위 등 앞서 인정한 사실관계 등에 비추어 볼 때, 동 진술로 피고인들의 편취의사를 뒷받침할 자료로 삼기는 어렵다.\n위 공소사실은 결국 범죄의 증명이 없는 때에 해당하여 형사소송법 제325조 후단에 의하여 피고인들에 대하여 각 무죄를 선고한다."
    }
  ],
  "keyword_tagg": [
    {
      "id": 1,
      "keyword": "편취의사"
    }
  ],
  "Reference_info": {
    "reference_rules": "형법 제347조 제1항",
    "reference_court_case": "대법원 1985. 9. 24. 선고 85도1498 판결(공1985, 1460)"
  },
  "Class_info": {
    "class_name": "형사A(생활형)",
    "instance_name": "특정경제범죄가중처벌"
  }
}