{
  "info": {
    "id": 41015682,
    "dataType": "판결문",
    "caseNm": "무고",
    "caseTitle": "대법원 1995. 12. 5. 선고 95도1908 판결",
    "courtType": "판례(대법원)",
    "courtNm": "대법원",
    "judmnAdjuDe": "1995-12-05",
    "caseNoID": "95도1908",
    "caseNo": "95도1908"
  },
  "jdgmn": "객관적으로 공소시효가 완성된 사실에 대하여 공소시효가 완성되지 않은 것처럼 고소한 경우 무고죄의 성립 여부",
  "jdgmnInfo": [
    {
      "question": "객관적으로 공소시효가 완성된 사실에 대하여 공소시효가 완성되지 않은 것처럼 고소한 경우, 무고죄가 성립하는가?",
      "answer": "긍정"
    }
  ],
  "Summary": [
    {
      "summ_contxt": "원심이 유지한 제1심판결이 채용한 증거들을 기록에 의하여 검토하면 피고인은 피고소인들이 공모하여 제1심판결 판시와 같은 건축법위반 범죄를 저지른 사실이 없음에도 불구하고 그와 같은 건축법위반 행위를 하였다고 허위로 고소한 사실을 충분히 인정할 수 있으므로, 원심판결에 채증법칙을 위반하여 사실을 잘못 인정한 위법이 있다고 볼 수 없다.\n그리고 객관적으로 고소사실에 대한 공소시효가 완성되었더라도 고소를 제기하면서 마치 공소시효가 완성되지 아니한 것처럼 고소한 경우에는 국가기관의 직무를 그르칠 염려가 있으므로 무고죄를 구성한다고 할 것이므로 같은 취지의 원심의 판단도 정당하며, 거기에 소론과 같은 법리오해가 없다.",
      "summ_pass": "객관적으로 고소사실에 대한 공소시효가 완성되었더라도 고소를 제기하면서 마치 공소시효가 완성되지 아니한 것처럼 고소한 경우에는 국가기관의 직무를 그르칠 염려가 있으므로 무고죄를 구성한다."
    }
  ],
  "keyword_tagg": [
    {
      "id": 1,
      "keyword": "무고"
    }
  ],
  "Reference_info": {
    "reference_rules": "형법 제156조",
    "reference_court_case": "대법원 1982. 3. 23. 선고 81도2617 판결(공1982, 483), 대법원 1985. 5. 28. 선고 84도2919 판결(공1985, 964), 대법원 1994. 2. 8. 선고 93도3445 판결(공1994상, 1045)"
  },
  "Class_info": {
    "class_name": "형사A(생활형)",
    "instance_name": "폭행"
  }
}