{
  "info": {
    "id": 41015686,
    "dataType": "판결문",
    "caseNm": "업무방해",
    "caseTitle": "대법원 1995. 11. 14. 선고 95도1729 판결",
    "courtType": "판례(대법원)",
    "courtNm": "대법원",
    "judmnAdjuDe": "1995-11-14",
    "caseNoID": "95도1729",
    "caseNo": "95도1729"
  },
  "jdgmn": "[1] CD를 어음보관계좌에 보관하는 행위가 금융실명거래및비밀보장에관한긴급재정경제명령 소정의 금융거래에 해당한다는 것을 인식하고 있었는지와 같은 주관적인 요건의 인정방법\n[2] 금융실명거래및비밀보장에관한긴급재정경제명령을 위반한 행위가 업무방해죄를 구성한다고 본 사례",
  "jdgmnInfo": [
    {
      "question": "금융실명거래및비밀보장에관한긴급재정경제명령을 위반한 행위가 업무방해죄를 구성하는가?",
      "answer": "긍정"
    }
  ],
  "Summary": [
    {
      "summ_contxt": "[1] CD를 어음보관계좌에 보관하는 것이 금융실명거래및비밀보장에관한긴급재정경제명령 소정의 금융거래에 해당한다는 것을 피고인이 인식하고 있었는지와 같은 주관적인 요건은 피고인이 부인하는 한 이를 인정할 만한 증거가 있을 수 없는 것이므로, 경험법칙과 논리법칙에 위반되지 아니하는 한 법관의 자유판단에 따라 간접증거만에 의하여 이를 인정하더라도 무방하다.",
      "summ_pass": "경험법칙과 논리법칙에 위반되지 아니하는 한 법관의 자유판단에 따라 간접증거만에 의하여 이를 인정하더라도 무방하다."
    }
  ],
  "keyword_tagg": [
    {
      "id": 1,
      "keyword": "자유판단"
    },
    {
      "id": 2,
      "keyword": "비밀보장"
    }
  ],
  "Reference_info": {
    "reference_rules": "[1] 형사소송법 제308조 [2] 형법 제16조, 제314조 / 금융실명거래및비밀보장에관한긴급재정경제명령 제1조, 제2조, 제3조, 제6조, 제10조",
    "reference_court_case": "[1] 대법원 1993. 3. 23. 선고 92도3327 판결(공1993상, 1333)"
  },
  "Class_info": {
    "class_name": "형사A(생활형)",
    "instance_name": "폭행"
  }
}