{
  "info": {
    "id": 41014651,
    "dataType": "판결문",
    "caseNm": "폭력행위등처벌에관한법률위반",
    "caseTitle": "대법원 1997. 4. 11. 선고 95도1637 판결",
    "courtType": "판례(대법원)",
    "courtNm": "대법원",
    "judmnAdjuDe": "1997-04-11",
    "caseNoID": "95도1637",
    "caseNo": "95도1637"
  },
  "jdgmn": "[1] 선택형이 벌금형인 경우, 폭력행위등처벌에관한법률 제2조 제3항 적용 여부(소극)\n[2] 폭력행위등처벌에관한법률 제2조 제3항으로 기소된 경우에 공소장변경의 절차 없이 같은 조 제2항으로 처벌할 수 있는지 여부(적극)",
  "jdgmnInfo": [
    {
      "question": "선택형이 벌금형인 경우, 폭력행위등처벌에관한법률 제2조 제3항이 적용되는가?",
      "answer": "부정"
    }
  ],
  "Summary": [
    {
      "summ_contxt": "폭력행위등처벌에관한법률 제2조 제3항은 상습범에 관한 같은 조 제1항과는 별도로 \"이 법 위반(형법 각 본조를 포함한다)으로 2회 이상 징역형을 받은 자로서 다시 제1항에 열거된 죄를 범하여 누범으로 처벌할 경우에도 제1항과 같다.\"고 규정하고 있는바, 위 제2조 제3항에 의하여 제1항과 같이 처벌을 하기 위하여는 이 법 위반(형법 각 본조를 포함한다)으로 2회 이상 징역형을 받은 자가 다시 제1항에 열거된 죄를 범하여 누범으로 처벌할 경우이어야 하므로, 제1항에 열거된 죄에 정한 형에 유기금고보다 가벼운 형이 있어 이를 선택함으로써 누범으로 처벌을 할 수 없는 경우에는 위 제2조 제3항을 적용할 수 없다.",
      "summ_pass": "제1항에 열거된 죄에 정한 형에 유기금고보다 가벼운 형이 있어 이를 선택함으로써 누범으로 처벌을 할 수 없는 경우에는 위 제2조 제3항을 적용할 수 없다고 보아야 할 것이다."
    }
  ],
  "keyword_tagg": [
    {
      "id": 1,
      "keyword": "폭력행위등처벌에관한법률"
    },
    {
      "id": 2,
      "keyword": "징역형"
    }
  ],
  "Reference_info": {
    "reference_rules": "[1] 폭력행위등처벌에관한법률 제2조 제3항 [2] 폭력행위등처벌에관한법률 제2조 제2항, 제3항 / 형사소송법 제298조",
    "reference_court_case": ""
  },
  "Class_info": {
    "class_name": "형사A(생활형)",
    "instance_name": "폭행"
  }
}