{
  "info": {
    "id": 41017892,
    "dataType": "판결문",
    "caseNm": "절도미수",
    "caseTitle": "대법원 1995. 5. 26. 선고 95도337 판결",
    "courtType": "판례(대법원)",
    "courtNm": "대법원",
    "judmnAdjuDe": "1995-05-26",
    "caseNoID": "95도337",
    "caseNo": "95도337"
  },
  "jdgmn": "절취의 의사를 인정할 수 없다고 무죄를 선고한 원심판결을 심리미진 채증법칙 위배를 이유로 파기한 사례",
  "jdgmnInfo": [
    {
      "question": "피고인이 피해자 집의 장농을 연 사실이 있고, 그 밖에 기록에 나타난 바와 같이 피고인이 피해자에게 발각될 당시 신발을 신고 있었던 점 등에 비추어보면 피고인이 절취의 목적으로 위 집의 목욕탕 창문을 뜯고 들어가 절취할 물품을 찾았다고 보는 것이 모든 증거와 경험칙에 부합하는가?",
      "answer": "긍정"
    }
  ],
  "Summary": [
    {
      "summ_contxt": "나아가 피고인은 열려 있는 현관문을 통하여 위 집에 들어갔다고 변소하고 있으나, 기록에 의하면 피해자는 외출하면서 현관문을 잠궈두었고, 피고인이 침입한 후에 2층 화장실 창문이 뜯어져 있었음이 명백하므로 오히려 피고인이 창문을 통하여 위 집에 침입하였다고 보는 것이 경험칙에 부합한다.\n위와 같은 사정에다 원심이 인정한 바와 같이 피고인이 피해자 집의 장농을 연 사실이 있고, 그 밖에 기록에 나타난 바와 같이 피고인이 피해자에게 발각될 당시 신발을 신고 있었던 점 등에 비추어보면 피고인이 절취의 목적으로 위 집의 목욕탕 창문을 뜯고 들어가 절취할 물품을 찾았다고 보는 것이 모든 증거와 경험칙에 부합함에도 불구하고 원심은 이와 반대로 판단하고 말았으니 원심판결에는 심리를 제대로 다하지 아니하거나 채증법칙을 위반하여 사실을 잘못 인정한 위법이 있고, 그러한 위법은 판결에 영향을 미쳤다 할 것이므로 이 점을 지적하는 논지는 이유 있다.",
      "summ_pass": "피고인이 피해자 집의 장농을 연 사실이 있고, 그 밖에 기록에 나타난 바와 같이 피고인이 피해자에게 발각될 당시 신발을 신고 있었던 점 등에 비추어보면 피고인이 절취의 목적으로 위 집의 목욕탕 창문을 뜯고 들어가 절취할 물품을 찾았다고 보는 것이 모든 증거와 경험칙에 부합한다."
    }
  ],
  "keyword_tagg": [
    {
      "id": 1,
      "keyword": "절취"
    }
  ],
  "Reference_info": {
    "reference_rules": "형법 제329조 / 형사소송법 제308조",
    "reference_court_case": ""
  },
  "Class_info": {
    "class_name": "형사A(생활형)",
    "instance_name": "절도"
  }
}