{
  "info": {
    "id": 41017051,
    "dataType": "판결문",
    "caseNm": "업무상배임",
    "caseTitle": "대법원 1996. 4. 23. 선고 96도163 판결",
    "courtType": "판례(대법원)",
    "courtNm": "대법원",
    "judmnAdjuDe": "1996-04-23",
    "caseNoID": "96도163",
    "caseNo": "96도163"
  },
  "jdgmn": "조합 대표자로부터 필요한 조합의 결의 없이 약속어음을 발행받았다 하더라도 조합장의 배임행위에 가담하였다고 보기 어렵다고 한 사례",
  "jdgmnInfo": [
    {
      "question": "조합 대표자로부터 필요한 조합의 결의 없이 약속어음을 발행받고 그에 대한 집행증서를 작성·교부받은 경우, 대표자의 배임행위에 가담한 것인가?",
      "answer": "부정"
    }
  ],
  "Summary": [
    {
      "summ_contxt": "조합의 대표자에게 약정위반에 따른 청구권을 행사하여 위 대표자로부터 약속어음을 발행받고 그에 대한 집행증서를 작성 교부받았다면, 피고인이 위 약속어음 발행 당시에 그에 관하여 위 조합의 결의를 거치지 않은 사실을 알고 있었다 하더라도 이는 위 조합이 승계약정을 위반한 데에 대하여 피고인 자신의 채권을 확보하기 위한 정당한 권리의 행사라고 보여지고, 그와 같은 피고인의 행위가 위 조합으로부터 불법적인 이익을 얻을 의사로써 위 대표자의 배임행위에 가담하였다고 보기 어렵다고 판단한 원심판결을 수긍한 사례.",
      "summ_pass": "이는 위 조합이 승계약정을 위반한 데에 대하여 피고인 자신의 채권을 확보하기 위한 정당한 권리의 행사라고 보여지고, 그와 같은 피고인의 행위가 위 조합으로부터 불법적인 이익을 얻을 의사로써 위 대표자의 배임행위에 가담하였다고 보기 어렵다고 판단한 원심판결을 수긍한다."
    }
  ],
  "keyword_tagg": [
    {
      "id": 1,
      "keyword": "약속어음 발행"
    },
    {
      "id": 2,
      "keyword": "정당한 권리"
    }
  ],
  "Reference_info": {
    "reference_rules": "형법 제355조 제2항",
    "reference_court_case": ""
  },
  "Class_info": {
    "class_name": "형사A(생활형)",
    "instance_name": "업무상배임"
  }
}