{
  "info": {
    "id": 41014664,
    "dataType": "판결문",
    "caseNm": "위계공무집행방해·직무유기",
    "caseTitle": "대법원 1997. 2. 28. 선고 96도2825 판결",
    "courtType": "판례(대법원)",
    "courtNm": "대법원",
    "judmnAdjuDe": "1997-02-28",
    "caseNoID": "96도2825",
    "caseNo": "96도2825"
  },
  "jdgmn": "[1] 위계공무집행방해죄의 성립요건인 ‘위계’의 의미\n[2] 출원자가 허위의 출원사유나 허위의 소명자료를 제출하여 인·허가처분을 받은 경우, 위계공무집행방해죄의 성부(소극)\n[3] 심사담당 공무원이 출원사유가 허위임을 알면서도 위계에 의한 방법으로 결재권자의 결재를 받아낸 경우, 위계공무집행방해죄의 성부(적극)\n[4] 위계공무집행방해죄와 직무유기죄의 관계",
  "jdgmnInfo": [
    {
      "question": "출원자가 허위의 출원사유나 허위의 소명자료를 제출하여 인·허가처분을 받은 경우, 위계공무집행방해죄가 성립하는가?",
      "answer": "부정"
    }
  ],
  "Summary": [
    {
      "summ_contxt": "검사의 상고이유에 대하여 피고인이 출원인인 김○○이 어업허가를 받을 수 없는 자라는 사실을 알면서도 그 직무상의 의무에 따른 적절한 조치를 취하지 않고 오히려 부하직원으로 하여금 어업허가 처리기안문을 작성하게 한 다음 피고인 스스로 중간결재를 하는 등 위계로써 농수산국장의 최종결재를 받았다면, 직무위배의 위법상태가 위계에 의한 공무집행방해행위 속에 포함되어 있는 것이라고 보아야 할 것이므로, 이와 같은 경우에는 작위범인 위계에 의한 공무집행방해죄만이 성립하고 부작위범인 직무유기죄는 따로 성립하지 아니한다고 봄이 상당하다고 할 것이다(대법원 1971. 8. 31. 선고 71도1176 판결, 1972. 5. 9. 선고 72도722 판결, 1996. 5. 10. 선고 96도51 판결 등 참조). 같은 취지의 원심판단에 직무유기죄와 법조경합에 관한 법리오해의 위법이 없다. 이 점을 지적하는 상고이유는 받아들일 수 없다.",
      "summ_pass": "행정관청이 출원에 의한 인·허가처분을 함에 있어서는 그 출원사유가 사실과 부합하지 아니하는 경우가 있음을 전제로 하여 인·허가할 것인지 여부를 심사결정하는 것이므로, 행정관청이 사실을 충분히 확인하지 아니한 채 출원자가 제출한 허위의 출원사유나 허위의 소명자료를 가볍게 믿고 인가 또는 허가를 하였다면, 이는 행정관청의 불충분한 심사에 기인한 것으로서 출원자의 위계에 의한 것이었다고 할 수 없어 위계에 의한 공무집행방해죄를 구성하지 않는다."
    }
  ],
  "keyword_tagg": [
    {
      "id": 1,
      "keyword": "직무유기"
    }
  ],
  "Reference_info": {
    "reference_rules": "[1] 형법 제137조 [2] 형법 제137조 [3] 형법 제137조 [4] 형법 제122조, 제137조",
    "reference_court_case": "[1] 대법원 1983. 9. 27. 선고 83도1864 판결(공1983, 1634), 대법원 1995. 5. 9. 선고 94도2990 판결(공1995상, 2143) [2] 대법원 1975. 7. 8. 선고 75도324 판결(공1975, 8635), 대법원 1982. 12. 14. 선고 82도2207 판결(공1983, 318), 대법원 1988. 5. 10. 선고 87도2079 판결(공1988, 966), 대법원 1989. 1. 17. 선고 88도709 판결(공1989, 324) [4] 대법원 1971. 8. 31. 선고 71도1176 판결(집19-2, 형77), 대법원 1972. 5. 9. 선고 72도722 판결(집20-2, 형14), 대법원 1993. 12. 24. 선고 92도3334 판결(공1994상, 582), 대법원 1996. 5. 10. 선고 96도51 판결(공1996하, 1941)"
  },
  "Class_info": {
    "class_name": "형사A(생활형)",
    "instance_name": "행정처분"
  }
}