{
  "info": {
    "id": 41017029,
    "dataType": "판결문",
    "caseNm": "공갈·부동산중개업법위반",
    "caseTitle": "대법원 1996. 10. 15. 선고 96도1301 판결",
    "courtType": "판례(대법원)",
    "courtNm": "대법원",
    "judmnAdjuDe": "1996-10-15",
    "caseNoID": "96도1301",
    "caseNo": "96도1301"
  },
  "jdgmn": "[1] 원진술자가 법정에서 한 \"수사기관에서 사실대로 진술하고 서명날인하였다.\"는 취지의 진술만으로 그에 대한 진술조서의 진정성립을 인정하기에 부족하다고 본 사례\n[2] 피해자를 협박하여 법정 중개수수료 상한을 초과하여 금품을 갈취한 경우, 죄수 관계",
  "jdgmnInfo": [
    {
      "question": "피고인이 피해자를 협박하여 법정 중개수수료 상한을 초과하여 금품을 갈취한 경우, 상상적 경합 관계인가?",
      "answer": "긍정"
    }
  ],
  "Summary": [
    {
      "summ_contxt": "[1] 피해자가 제1심의 제5회 공판기일에 증인으로 출석하여 검사의 신문에 대하여 수사기관에서 사실대로 진술하고 그 내용을 확인한 후 서명날인하였다는 취지로 증언하고 있을 뿐이어서, 과연 그 진술이 조서의 진정성립을 인정하는 취지인지 분명하지 아니하므로 그 진술만으로는 조서의 진정성립을 인정하기에 부족하다고 본 사례. [2] 피고인이 피해자를 협박함으로써 금원을 갈취하고 이로 인하여 법정 중개수수료 상한을 초과한 금품을 받은 것은 1개의 행위가 수개의 죄에 해당하는 상상적 경합의 경우에 해당한다.",
      "summ_pass": "피고인이 피해자를 협박함으로써 금원을 갈취하고 이로 인하여 법정 중개수수료 상한을 초과한 금품을 받은 것은 1개의 행위가 수개의 죄에 해당하는 상상적 경합의 경우에 해당한다."
    }
  ],
  "keyword_tagg": [
    {
      "id": 1,
      "keyword": "상상적 경합"
    },
    {
      "id": 2,
      "keyword": "중개수수료"
    }
  ],
  "Reference_info": {
    "reference_rules": "[1] 형사소송법 제312조 [2] 형법 제40조, 구 형법(1995. 12. 29. 법률 제5057호로 개정되기 전의 것) 제350조 제1항, 부동산중개업법 제15조 제2호, 제20조 제3항, 제38조 제2항 제5호",
    "reference_court_case": "[1] 대법원 1982. 10. 12. 선고 82도1865, 82감도383 판결(공1982, 1120), 대법원 1994. 9. 9. 선고 94도1384 판결(공1994하, 2685), 대법원 1994. 11. 11. 선고 94도343 판결(공1994하, 3323)"
  },
  "Class_info": {
    "class_name": "형사A(생활형)",
    "instance_name": "공갈/협박"
  }
}