{
  "info": {
    "id": 41017882,
    "dataType": "판결문",
    "caseNm": "업무상횡령·공문서변조·변조공문서행사",
    "caseTitle": "대법원 1996. 11. 22. 선고 96도1862 판결",
    "courtType": "판례(대법원)",
    "courtNm": "대법원",
    "judmnAdjuDe": "1996-11-22",
    "caseNoID": "96도1862",
    "caseNo": "96도1862"
  },
  "jdgmn": "재산세 과세대장의 작성 권한이 있던 자가 인사이동되어 그 권한이 없어진 후 그 기재내용을 변경한 경우, 공문서변조죄에 해당한다고 한 사례",
  "jdgmnInfo": [
    {
      "question": "재산세 과세대장의 작성 권한이 있던 자가 인사이동되어 그 권한이 없어진 후 그 기재내용을 변경한 경우, 공문서변조죄에 해당하는가?",
      "answer": "긍정"
    }
  ],
  "Summary": [
    {
      "summ_contxt": "원심판결 이유에 의하면, 피고인은 1992. 4. 21.경부터 1993. 11. 30.경까지 사이에 지방세무주사보로서 대구 북구청 세무과에서 부동산 취득세의 과세 및 징수업무 등에 종사하던 중 1993. 5. 20. 위 북구청 사무실에서 대구 북구 산격동 (주소 생략) 소재 토지 159㎡를 취득한 공소외 김○○으로부터 취득세 955,200원을 수령한 다음 위 토지에 대한 재산세 과세대장의 변동사항 기록 확인란에 \"93. 5. 20. 신납\"이라고 기재한 후 위 취득세를 횡령하였다가 1994. 11.하순경 위 취득세 횡령사실을 은폐하기 위하여 행사할 목적으로 위 재산세 과세대장 변동사항 기록 확인란의 \"93. 5. 20. 신납\"이라는 기재를 한 줄로 그어 버리고 그 옆에 \"94. 11. 30. 납기\"라고 기재하였는데, 피고인이 위와 같이 정정할 당시에는 인사이동되어 위 과세대장의 작성권한이 없었다는 것이므로, 피고인의 위와 같은 행위는 공문서변조죄에 해당한다 할 것이다.",
      "summ_pass": "재산세 과세대장의 작성 권한이 있던 자가 인사이동되어 그 권한이 없어진 후 그 기재내용을 변경한 경우, 공문서변조죄에 해당한다."
    }
  ],
  "keyword_tagg": [
    {
      "id": 1,
      "keyword": "공문서변조"
    }
  ],
  "Reference_info": {
    "reference_rules": "구 형법(1995. 12. 29. 법률 제5057호로 개정되기 전의 것) 제225조",
    "reference_court_case": ""
  },
  "Class_info": {
    "class_name": "형사A(생활형)",
    "instance_name": "업무상횡령·공문서변조·변조공문서행사"
  }
}