{
  "info": {
    "id": 38016113,
    "dataType": "판결문",
    "caseNm": "강간치상, 도로교통법위반",
    "caseTitle": "청주지방법원충주지원 1996. 10. 4. 선고 96고합29 판결：확정",
    "courtType": "판례(하급심)",
    "courtNm": "청주지방법원충주지원",
    "judmnAdjuDe": "1996-10-04",
    "caseNoID": "96고합29",
    "caseNo": "96고합29"
  },
  "jdgmn": "강간치상의 공소사실 중 강간을 인정할 증거가 없는 경우의 주문",
  "jdgmnInfo": [
    {
      "question": "강간치상의 공소사실 중 강간을 인정할 증거가 없는 경우의 차상의 점에 관하여 더 살펴보아야 하는 것인가?",
      "answer": "부정"
    }
  ],
  "Summary": [
    {
      "summ_contxt": "피해자의 얼굴을 수회 때리고 주먹으로 다리 부분을 때리는 등 폭행하여 항거불능케 한 후, 위 피해자와 1회 성교하여 강간하고 그로 인하여 그녀에게 약 3주간의 치료를 요하는 구강부타박상 등을 입게 하고, 혈중알코올 농도 0.19% 정도로 술에 취한 상태에서, 1996. 5. 29. 00:30경 충주시 문화동 739의 8 소재 △△△△주점 앞길부터 충주시 봉방동 (주소 생략) 소재 ○○○여관 앞까지 충북 (차량번호 생략) 엘란트라 승용차를 운전한 것이다. 피고인이 먼저 위 ○○○여관에 혼자 들어와 투숙할 방이 있는지 여부를 먼저 확인한 후 나갔다가 피고인과 피해자가 위 ○○○여관에 보통의 남녀와 같이 자연스럽게 들어왔고, 피고인이 1층 계산대에서 여관비를 계산할 때 피해자가 먼저 2층 여관방으로 올라 간 사실을 인정할 수 있는바, 피해자가 위 여관종업원인 공소외인에게 구호요청을 전혀 하지 아니하였을 뿐만 아니라 위 여관에 들어갈 당시 피고인으로부터 벗어날 수 있는 기회가 충분히 있었음에도 위와 같이 자연스럽게 여관방으로 함께 들어간 점 등에 비추어 볼 때 위 피해자의 진술을 쉽게 믿을 수 없으며, 달리 피고인이 위 공소사실과 같이 피해자를 강간하였다고 인정할 만한 아무런 증거가 없다. 따라서 이 부분 공소사실은 더 나아가 치상의 점에 관하여 살펴볼 것도 없이 범죄의 증명이 없는 때에 해당하므로 형사소송법 제325조 후단에 의하여 무죄를 선고한다.",
      "summ_pass": "피고인이 먼저 위 ○○○여관에 혼자 들어와 투숙할 방이 있는지 여부를 먼저 확인한 후 나갔다가 피고인과 피해자가 위 ○○○여관에 보통의 남녀와 같이 자연스럽게 들어왔고, 피고인이 1층 계산대에서 여관비를 계산할 때 피해자가 먼저 2층 여관방으로 올라 간 사실을 인정할 수 있는바, 피해자가 위 여관종업원인 공소외인에게 구호요청을 전혀 하지 아니하였을 뿐만 아니라 위 여관에 들어갈 당시 피고인으로부터 벗어날 수 있는 기회가 충분히 있었음에도 위와 같이 자연스럽게 여관방으로 함께 들어간 점 등에 비추어 볼 때 위 피해자의 진술을 쉽게 믿을 수 없으며, 달리 피고인이 위 공소사실과 같이 피해자를 강간하였다고 인정할 만한 아무런 증거가 없다. 따라서 이 부분 공소사실은 더 나아가 치상의 점에 관하여 살펴볼 것도 없이 범죄의 증명이 없는 때에 해당하므로 형사소송법 제325조 후단에 의하여 무죄를 선고한다."
    }
  ],
  "keyword_tagg": [
    {
      "id": 1,
      "keyword": "범죄의 증명이 없는 때"
    },
    {
      "id": 2,
      "keyword": "혈중알코올 농도"
    }
  ],
  "Reference_info": {
    "reference_rules": "형법 제297조, 제301조 / 형사소송법 제327조",
    "reference_court_case": "대법원 1990. 11. 27. 선고 90도2189 판결(공1991, 291)"
  },
  "Class_info": {
    "class_name": "형사A(생활형)",
    "instance_name": "강간"
  }
}