{
  "info": {
    "id": 41017762,
    "dataType": "판결문",
    "caseNm": "협박(공갈미수)",
    "caseTitle": "대법원 1996. 9. 24. 선고 96도2151 판결",
    "courtType": "판례(대법원)",
    "courtNm": "대법원",
    "judmnAdjuDe": "1996-09-24",
    "caseNoID": "96도2151",
    "caseNo": "96도2151"
  },
  "jdgmn": "[1] 피해자에 대한 금전채권이 있다 하더라도 사회통념상 용인되기 어려운 협박 수단을 이용한 경우 공갈죄가 성립한다고 본 사례\n[2] 검사가 고소 취소된 사건을 협박죄로 기소하였다가 공갈미수로 공소장변경을 신청하여 허가된 경우, 공소제기의 하자가 치유되는지 여부(적극)",
  "jdgmnInfo": [
    {
      "question": "피고인이 피해자에 대한 금전채권이 있는 경우, 사회통념상 용인되기 어려운 협박 수단을 이용한 경우 공갈죄가 성립하는가?",
      "answer": "긍정"
    }
  ],
  "Summary": [
    {
      "summ_contxt": "공갈죄의 수단으로서 한 협박은 공갈죄에 흡수될 뿐 별도로 협박죄를 구성하지 않으므로, 그 범죄사실에 대한 피해자의 고소는 결국 공갈죄에 대한 것이라 할 것이어서 그 후 고소가 취소되었다 하여 공갈죄로 처벌하는 데에 아무런 장애가 되지 아니하며, 검사가 공소를 제기할 당시에는 그 범죄사실을 협박죄로 구성하여 기소하였다 하더라도, 그 후 공판 중에 기본적 사실관계가 동일하여 공소사실을 공갈미수로 공소장 변경이 허용된 이상 그 공소제기의 하자는 치유된다.",
      "summ_pass": "공판 중에 기본적 사실관계가 동일하여 공소사실을 공갈미수로 공소장 변경이 허용된 이상 그 공소제기의 하자는 치유된다."
    }
  ],
  "keyword_tagg": [
    {
      "id": 1,
      "keyword": "협박"
    }
  ],
  "Reference_info": {
    "reference_rules": "[1] 구 형법(1995. 12. 29. 법률 제5057호로 개정되기 전의 것) 제283조, 제350조 [2] 형사소송법 제298조, 제327조, 구 형법(1995. 12. 29. 법률 제5057호로 개정되기 전의 것) 제283조, 제350조",
    "reference_court_case": "[1] 대법원 1990. 3. 27. 선고 89도2036 판결(공1990, 1019), 대법원 1991. 11. 26. 선고 91도2344 판결(공1992, 370), 대법원 1996. 3. 22. 선고 95도2801 판결(공1996상, 1459) [2] 대법원 1989. 2. 14. 선고 85도1435 판결(공1989, 439)"
  },
  "Class_info": {
    "class_name": "형사A(생활형)",
    "instance_name": "협박(공갈미수)"
  }
}