{
  "info": {
    "id": 41017050,
    "dataType": "판결문",
    "caseNm": "미성년자보호법위반",
    "caseTitle": "대법원 1996. 4. 23. 선고 96도417 판결",
    "courtType": "판례(대법원)",
    "courtNm": "대법원",
    "judmnAdjuDe": "1996-04-23",
    "caseNoID": "96도417",
    "caseNo": "96도417"
  },
  "jdgmn": "[1] 동일 죄명에 해당하는 수개의 행위를 단일하고 계속된 범의하에 일정기간 계속하여 행하고 그 피해법익도 동일한 경우의 죄수\n[2] 다른 제목의 불량만화를 제작한 각 행위를 포괄일죄에 해당한다고 본 사례",
  "jdgmnInfo": [
    {
      "question": "다른 제목의 불량만화를 제작한 각 행위가 포괄일죄에 해당하는가?",
      "answer": "긍정"
    }
  ],
  "Summary": [
    {
      "summ_contxt": "비록 두 만화의 줄거리가 다르기는 하나 두 만화의 문제되는 내용은 줄거리의 불량성이 아니라 위 두 만화에 사람의 신체에 장검이 관통된 장면, 신체의 일부가 떨어져 나가는 모습 등이 그려져 있는 것으로서 그 장면이 포악성, 잔인성을 조장하는 점에서 동일하고, 위 ‘엑스’ 3, 4권과 위 ‘화이브 스타 스토리’ 만화가 병행 제작되어 그 일시도 근접되어 있으며, 비록 만화 제목과 그 줄거리가 상이하기는 하나 피고인의 이 사건 행위는 미성년자에게 폭력성, 잔인성을 조장하게 하는 내용의 만화를 제작하려는 의도하에서 연속적으로 이루어진 것이라고 할 수 있어 그 범의의 계속성도 있다고 보여지는바, 따라서 이 사건 공소사실과 위 확정된 판결의 범죄사실은 각 행위 상호간에 인정되는 기회 및 장소의 동일성, 범의의 계속성, 일시의 근접성, 방법의 유사성 기타 밀접관계로 그 전체를 1개의 죄로 평가하여 처단함이 상당하다고 인정되므로 포괄하여 1죄를 구성한다고 할 것이어서, 위 확정판결의 기판력은 그 판결 선고시 이전에 이루어진 이 사건 공소사실에도 미친다는 것이다.",
      "summ_pass": "따라서 이 사건 공소사실과 위 확정된 판결의 범죄사실은 각 행위 상호간에 인정되는 기회 및 장소의 동일성, 범의의 계속성, 일시의 근접성, 방법의 유사성 기타 밀접관계로 그 전체를 1개의 죄로 평가하여 처단함이 상당하다고 인정되므로 포괄하여 1죄를 구성한다고 할 것이어서, 위 확정판결의 기판력은 그 판결 선고시 이전에 이루어진 이 사건 공소사실에도 미친다는 것이다."
    }
  ],
  "keyword_tagg": [
    {
      "id": 1,
      "keyword": "확정판결의 기판력"
    },
    {
      "id": 2,
      "keyword": "판결 선고"
    }
  ],
  "Reference_info": {
    "reference_rules": "[1] 형법 제37조 [2] 형법 제37조",
    "reference_court_case": "대법원 1966. 9. 20. 선고 66도928 판결(집14-3, 형8), 대법원 1985. 10. 22. 선고 85도1457 판결(공1985, 1586), 대법원 1993. 10. 12. 선고 93도1512 판결(공1993하, 3126)"
  },
  "Class_info": {
    "class_name": "형사A(생활형)",
    "instance_name": "미성년자보호법위반"
  }
}