{
  "info": {
    "id": 41017759,
    "dataType": "판결문",
    "caseNm": "강제집행면탈",
    "caseTitle": "대법원 1996. 10. 25. 선고 96도1531 판결",
    "courtType": "판례(대법원)",
    "courtNm": "대법원",
    "judmnAdjuDe": "1996-10-25",
    "caseNoID": "96도1531",
    "caseNo": "96도1531"
  },
  "jdgmn": "장래 발생할 특정의 조건부채권을 담보하기 위하여 부동산에 근저당권을 설정한 행위가 강제집행면탈죄의 ‘허위채무 부담’에 해당하는지 여부(소극)",
  "jdgmnInfo": [
    {
      "question": "장래 발생할 특정의 조건부채권을 담보하기 위하여 부동산에 근저당권을 설정한 경우, 강제집행면탈죄의 허위채무 부담에 해당하는가?",
      "answer": "부정"
    }
  ],
  "Summary": [
    {
      "summ_contxt": "피고인이 장래에 발생할 특정의 조건부채권을 담보하기 위한 방편으로 부동산에 대하여 근저당권을 설정한 것이라면, 특별한 사정이 없는 한 이는 장래 발생할 진실한 채무를 담보하기 위한 것으로서, 피고인의 위 행위를 가리켜 강제집행면탈죄 소정의 ‘허위의 채무를 부담’하는 경우에 해당한다고 할 수 없다.",
      "summ_pass": "피고인의 위 행위를 가리켜 강제집행면탈죄 소정의 ‘허위의 채무를 부담’하는 경우에 해당한다고 할 수 없다."
    }
  ],
  "keyword_tagg": [
    {
      "id": 1,
      "keyword": "강제집행면탈"
    }
  ],
  "Reference_info": {
    "reference_rules": "구 형법(1995. 12. 29. 법률 제5057호로 개정되기 전의 것) 제327조",
    "reference_court_case": "대법원 1993. 5. 25. 선고 93다6362 판결(공1993하, 1856)"
  },
  "Class_info": {
    "class_name": "형사A(생활형)",
    "instance_name": "강제집행면탈"
  }
}