{
  "info": {
    "id": 41014631,
    "dataType": "판결문",
    "caseNm": "범인도피",
    "caseTitle": "대법원 1997. 9. 9. 선고 97도1596 판결",
    "courtType": "판례(대법원)",
    "courtNm": "대법원",
    "judmnAdjuDe": "1997-09-09",
    "caseNoID": "97도1596",
    "caseNo": "97도1596"
  },
  "jdgmn": "수사기관에서의 참고인의 허위진술과 범인도피죄의 성부",
  "jdgmnInfo": [
    {
      "question": "참고인이 수사기관에서 범인에 관하여 조사를 받으면서 그가 알고 있는 사실을 묵비하거나 허위로 진술하였다고 하더라도 그것이 적극적으로 수사기관을 기만하여 착오에 빠지게 함으로써 범인의 발견 또는 체포를 곤란 내지 불가능하게 할 정도의 것이 아니라면 범인도피죄를 구성하는가?",
      "answer": "부정"
    }
  ],
  "Summary": [
    {
      "summ_contxt": "참고인이 수사기관에서 범인에 관하여 조사를 받으면서 그가 알고 있는 사실을 묵비하거나 허위로 진술하였다고 하더라도 그것이 적극적으로 수사기관을 기만하여 착오에 빠지게 함으로써 범인의 발견 또는 체포를 곤란 내지 불가능하게 할 정도의 것이 아니라면 범인도피죄를 구성하지 아니한다. 그리고 참고인이 실제의 범인이 누군지도 정확하게 모르는 상태에서 수사기관에서 실제의 범인이 아닌 어떤 사람을 범인이 아닐지도 모른다고 생각하면서도 그를 범인이라고 지목하는 허위의 진술을 한 경우에는 참고인의 허위 진술에 의하여 범인으로 지목된 사람이 구속기소됨으로써 실제의 범인이 용이하게 도피하는 결과를 초래한다고 하더라도 그것만으로는 그 참고인에게 적극적으로 실제의 범인을 도피시켜 국가의 형사사법의 작용을 곤란하게 할 의사가 있었다고 볼 수 없어 그 참고인을 범인도피죄로 처벌할 수는 없다.",
      "summ_pass": "참고인이 수사기관에서 범인에 관하여 조사를 받으면서 그가 알고 있는 사실을 묵비하거나 허위로 진술하였다고 하더라도 그것이 적극적으로 수사기관을 기만하여 착오에 빠지게 함으로써 범인의 발견 또는 체포를 곤란 내지 불가능하게 할 정도의 것이 아니라면 범인도피죄를 구성하지 아니한다."
    }
  ],
  "keyword_tagg": [
    {
      "id": 1,
      "keyword": "범인도피"
    }
  ],
  "Reference_info": {
    "reference_rules": "형법 제151조 제1항",
    "reference_court_case": "대법원 1984. 4. 10. 선고 83도3288 판결(공1984, 864), 대법원 1987. 2. 10. 선고 85도897 판결(공1987, 475), 대법원 1991. 8. 27. 선고 91도1441 판결(공1991, 2466)"
  },
  "Class_info": {
    "class_name": "형사A(생활형)",
    "instance_name": "행정처분"
  }
}