{
  "info": {
    "id": 41014618,
    "dataType": "판결문",
    "caseNm": "재물손괴",
    "caseTitle": "대법원 1998. 2. 13. 선고 97도2877 판결",
    "courtType": "판례(대법원)",
    "courtNm": "대법원",
    "judmnAdjuDe": "1998-02-13",
    "caseNoID": "97도2877",
    "caseNo": "97도2877"
  },
  "jdgmn": "재건축조합의 조합장이 조합탈퇴의 의사표시를 한 자를 상대로 ‘사업시행구역 안에 있는 그 소유의 건물을 명도하고 이를 재건축사업에 제공하여 행하는 업무를 방해하여서는 아니 된다’는 가처분의 판결을 받아 위 건물을 철거한 것이 형법 제20조에 정한 업무로 인한 정당행위에 해당한다고 본 사례",
  "jdgmnInfo": [
    {
      "question": "재건축조합의 조합장이 조합탈퇴의 의사표시를 한 자를 상대로 ‘사업시행구역 안에 있는 그 소유의 건물을 명도하고 이를 재건축사업에 제공하여 행하는 업무를 방해하여서는 아니 된다’는 가처분의 판결을 받아 위 건물을 철거한 것이 형법 제20조에 정한 업무로 인한 정당행위에 해당한다고 볼 수 있는가?",
      "answer": "긍정"
    }
  ],
  "Summary": [
    {
      "summ_contxt": "주택건설촉진법 제3조 제9호는 재건축조합을 ‘대통령령이 정하는 노후·불량한 주택을 철거하고 그 철거한 대지 위에 주택을 건설하기 위하여 기존주택의 소유자가 설립한 조합’으로 정의하고 있고, 기록에 의하면 이 사건 재건축조합의 조합규약은 위 법 조항에 따라 제2조로 ‘노후·불량한 주택을 철거하고 그 대지 위에 구성원 등의 주택을 건설하는데 그 목적이 있다.’고 규정하고 제46조 제1항으로 ‘사업시행구역 안의 건축물 등의 지장물은 시공업체 비용으로 철거한다.’고 규정하고 있음을 알 수 있는바, 이 사건 재건축조합의 사무를 총괄하는 조합장인 피고인으로서는 위 법률 및 조합규약에 따라 사업시행구역 안의 조합원들 소유의 건물 등 지장물을 철거할 수 있는 것이므로 피고인이 위 조합탈퇴의 의사표시에도 불구하고 여전히 조합원의 지위에 있는 위 고○○를 상대로 원심판시와 같이 위 사업시행구역 안에 있는 이 사건 건물을 명도하고 이를 재건축사업에 제공하여 행하는 업무를 방해하여서는 아니 된다는 가처분의 판결을 받아 이를 철거한 것은 형법 제20조에 정한 업무로 인한 정당행위라 할 것이니 이 사건 공소사실은 범죄로 되지 아니하는 경우에 해당한다 할 것이다.",
      "summ_pass": "피고인이 위 조합탈퇴의 의사표시에도 불구하고 여전히 조합원의 지위에 있는 위 고○○를 상대로 원심판시와 같이 위 사업시행구역 안에 있는 이 사건 건물을 명도하고 이를 재건축사업에 제공하여 행하는 업무를 방해하여서는 아니 된다는 가처분의 판결을 받아 이를 철거한 것은 형법 제20조에 정한 업무로 인한 정당행위라 할 것이니 이 사건 공소사실은 범죄로 되지 아니하는 경우에 해당한다 할 것이다."
    }
  ],
  "keyword_tagg": [
    {
      "id": 1,
      "keyword": "주택건설촉진법"
    },
    {
      "id": 2,
      "keyword": "조합원의 지위"
    }
  ],
  "Reference_info": {
    "reference_rules": "형법 제20조",
    "reference_court_case": ""
  },
  "Class_info": {
    "class_name": "형사A(생활형)",
    "instance_name": "재물손괴"
  }
}