{
  "info": {
    "id": 41014643,
    "dataType": "판결문",
    "caseNm": "폭력행위등처벌에관한법률위반",
    "caseTitle": "대법원 1997. 5. 30. 선고 97도597 판결",
    "courtType": "판례(대법원)",
    "courtNm": "대법원",
    "judmnAdjuDe": "1997-05-30",
    "caseNoID": "97도597",
    "caseNo": "97도597"
  },
  "jdgmn": "[1] 폭력행위등처벌에관한법률 제3조 제1항의 ‘위험한 물건’ 및 ‘휴대’의 의미\n[2] 승용차가 위 [1]항의 ‘위험한 물건’에 해당한다고 본 사례",
  "jdgmnInfo": [
    {
      "question": "폭력행위등처벌에관한법률 제3조 제1항의 ‘위험한 물건’에 승용차가 포함되는가?",
      "answer": "긍정"
    }
  ],
  "Summary": [
    {
      "summ_contxt": "국선변호인의 상고이유 제2점을 판단한다. 폭력행위등처벌에관한법률 제3조 제1항에 있어서 ‘위험한 물건’이라 함은 흉기는 아니라고 하더라도 널리 사람의 생명, 신체에 해를 가하는 데 사용할 수 있는 일체의 물건을 포함한다고 풀이할 것이므로, 본래 살상용·파괴용으로 만들어진 것뿐만 아니라 다른 목적으로 만들어진 칼·가위·유리병·각종공구·자동차 등은 물론 화학약품 또는 사주된 동물 등도 그것이 사람의 생명·신체에 해를 가하는 데 사용되었다면 본조의 ‘위험한 물건’이라 할 것이며, 한편 이러한 물건을 ‘휴대하여’라는 말은 소지뿐만 아니라 널리 이용한다는 뜻도 포함하고 있다 할 것인데(대법원 1984. 10. 23. 선고 84도2001, 84감도319 판결 참조), 원심이 적법하게 확정한 바와 같이 피고인은 견인료납부를 요구하면서 피고인 운전의 광주 1라8700호 캐피탈 승용차의 앞을 가로막고 있는 교통관리직원인 피해자 이○○의 다리 부분을 위 승용차 앞범퍼 부분으로 들이받고 약 1m 정도 진행하여 동인을 땅바닥에 넘어뜨려 폭행하였다는 것이므로, 피고인의 이러한 행위는 위험한 물건인 자동차를 이용하여 위 이○○를 폭행하였다 할 것인즉, 같은 취지에서 피고인의 위 행위를 폭력행위등처벌에관한법률 제3조 제1항, 제2조 제1항, 형법 제260조 제1항을 적용한 원심의 조치에는 상고이유의 주장과 같은 ‘위험한 물건’에 관한 법리오해의 위법이 있다고 할 수 없다.",
      "summ_pass": "견인료납부를 요구하는 교통관리직원을 승용차 앞범퍼 부분으로 들이받아 폭행한 사안에서, 승용차가 폭력행위등처벌에관한법률 제3조 제1항 소정의 ‘위험한 물건’에 해당한다."
    }
  ],
  "keyword_tagg": [
    {
      "id": 1,
      "keyword": "폭력행위등처벌에관한법률"
    },
    {
      "id": 2,
      "keyword": "법리오해의 위법"
    }
  ],
  "Reference_info": {
    "reference_rules": "[1] 폭력행위등처벌에관한법률 제3조 제1항 [2] 폭력행위등처벌에관한법률 제3조 제1항",
    "reference_court_case": "[1][2] 대법원 1984. 10. 23. 선고 84도2001, 84감도319 판결(공1984, 1876) [1] 대법원 1985. 9. 24. 선고 85도1591 판결(공1985, 1462), 대법원 1985. 10. 8. 선고 85도1851 판결(공1985, 1515), 대법원 1997. 2. 25. 선고 96도3411 판결(1997상, 1021)"
  },
  "Class_info": {
    "class_name": "형사A(생활형)",
    "instance_name": "폭행"
  }
}