{
  "info": {
    "id": 41015031,
    "dataType": "판결문",
    "caseNm": "사기",
    "caseTitle": "대법원 1999. 2. 26. 선고 98도2742 판결",
    "courtType": "판례(대법원)",
    "courtNm": "대법원",
    "judmnAdjuDe": "1999-02-26",
    "caseNoID": "98도2742",
    "caseNo": "98도2742"
  },
  "jdgmn": "[1] 형사소송법 제314조 소정의 ‘특히 신빙할 수 있는 상태하에서 행하여진 때’의 의미\n[2] 외국에 거주하는 참고인과의 전화 대화내용을 문답형식으로 기재한 검찰주사보 작성의 수사보고서의 증거능력",
  "jdgmnInfo": [
    {
      "question": "형사소송법 제313조가 적용되기 위하여는 그 진술을 기재한 서류에 그 진술자의 서명 또는 날인이 있어야 하는가?",
      "answer": "긍정"
    }
  ],
  "Summary": [
    {
      "summ_contxt": "외국에 거주하는 참고인과의 전화 대화내용을 문답형식으로 기재한 검찰주사보 작성의 수사보고서는 전문증거로서 형사소송법 제310조의2에 의하여 제311조 내지 제316조에 규정된 것 이외에는 이를 증거로 삼을 수 없는 것인데, 위 수사보고서는 제311조, 제312조, 제315조, 제316조의 적용대상이 되지 아니함이 분명하므로, 결국 제313조의 진술을 기재한 서류에 해당하여야만 제314조의 적용 여부가 문제될 것인바, 제313조가 적용되기 위하여는 그 진술을 기재한 서류에 그 진술자의 서명 또는 날인이 있어야 한다.",
      "summ_pass": "외국에 거주하는 참고인과의 전화 대화내용을 문답형식으로 기재한 검찰주사보 작성의 수사보고서는 전문증거로서 형사소송법 제310조의2에 의하여 제311조 내지 제316조에 규정된 것 이외에는 이를 증거로 삼을 수 없는 것이다."
    }
  ],
  "keyword_tagg": [
    {
      "id": 1,
      "keyword": "형사소송법"
    },
    {
      "id": 2,
      "keyword": "수사보고서"
    }
  ],
  "Reference_info": {
    "reference_rules": "[1] 형사소송법 제314조 [2] 형사소송법 제313조 제1항, 제314조",
    "reference_court_case": "[1] 대법원 1995. 2. 28. 선고 94도2880 판결(공1995상, 1518), 대법원 1995. 6. 13. 선고 95도523 판결(공1995하, 2431), 대법원 1997. 4. 11. 선고 96도2865 판결(공1997상, 1512)"
  },
  "Class_info": {
    "class_name": "형사A(생활형)",
    "instance_name": "행정처분"
  }
}