{
  "info": {
    "id": 41014549,
    "dataType": "판결문",
    "caseNm": "사기·사기미수·무고·상해·폭행·명예훼손·강제집행면탈·폭력행위등처벌에관한법률위반",
    "caseTitle": "대법원 1998. 9. 8. 선고 98도1949 판결",
    "courtType": "판례(대법원)",
    "courtNm": "대법원",
    "judmnAdjuDe": "1998-09-08",
    "caseNoID": "98도1949",
    "caseNo": "98도1949"
  },
  "jdgmn": "[1] 강제집행면탈죄의 성립요건\n[2] 강제집행면탈죄에 있어서 허위양도 또는 은닉의 의미 및 채권자를 해하는 결과발생이 필요한지 여부(소극)\n[3] 소송사기죄를 적용함에 있어 유의할 사항\n[4] 무고죄에 있어서 고소사실의 허위성에 대한 인식 요부(적극)\n[5] 고소내용이 사실에 기초하여 그 정황을 다소 과장한 경우, 무고죄의 성립 여부(소극)\n[6] 명예훼손죄에 있어서 공연성의 의미",
  "jdgmnInfo": [
    {
      "question": "고소내용이 사실에 기초하여 그 정황을 다소 과장한 경우, 무고죄가 성립하는가?",
      "answer": "부정"
    }
  ],
  "Summary": [
    {
      "summ_contxt": "강제집행면탈죄에 있어서 허위양도라 함은 실제로 양도의 진의가 없음에도 불구하고 표면상 양도의 형식을 취하여 재산의 소유명의를 변경시키는 것이고, 은닉이라 함은 강제집행을 실시하는 자가 채무자의 재산을 발견하는 것을 불능 또는 곤란하게 만드는 것을 말하는바, 진의에 의하여 재산을 양도하였다면 설령 그것이 강제집행을 면탈할 목적으로 이루어진 것으로서 채권자의 불이익을 초래하는 결과가 되었다고 하더라도 강제집행면탈죄의 허위양도 또는 은닉에는 해당하지 아니한다고 보아야 할 것이며, 한편 그와 같은 행위로 인하여 채권자를 해할 위험이 있으면 강제집행면탈죄가 성립하고 반드시 현실적으로 채권자를 해하는 결과가 야기되어야만 강제집행면탈죄가 성립하는 것은 아니다.",
      "summ_pass": "고소내용이 터무니 없는 허위사실이 아니고 사실에 기초하여 그 정황을 다소 과장한 데 지나지 아니한 경우에는 무고죄가 성립하지 아니한다."
    }
  ],
  "keyword_tagg": [
    {
      "id": 1,
      "keyword": "강제집행면탈"
    }
  ],
  "Reference_info": {
    "reference_rules": "[1] 형법 제327조 [2] 형법 제327조 [3] 형법 제347조 [4] 형법 제156조 [5] 형법 제156조 [6] 형법 제307조 제2항",
    "reference_court_case": "[1][2] 대법원 1994. 10. 14. 선고 94도2056 판결(공1994하, 3039), 대법원 1996. 1. 26. 선고 95도2526 판결(공1996상, 848) [1] 대법원 1979. 4. 10. 선고 78도2370 판결(공1979, 11953), 대법원 1984. 3. 13. 선고 84도18 판결(공1984, 668) [2] 대법원 1982. 7. 27. 선고 80도382 판결(공1982, 839), 대법원 1983. 9. 27. 선고 83도1869 판결(공1983, 1635), 대법원 1986. 8. 19. 선고 86도1191 판결(공1986, 1272), 대법원 1990. 3. 23. 선고 89도2506 판결(공1990, 1012) [3] 대법원 1992. 2. 25. 선고 91도2666 판결(공1992, 1208), 대법원 1997. 7. 22. 선고 96도2422 판결(공1997하, 2592), 대법원 1998. 2. 27. 선고 97도2786 판결(공1998상, 963) [4] 대법원 1983. 11. 8. 선고 83도2354 판결(공1984, 60), 대법원 1988. 9. 27. 선고 88도99 판결(공1988, 1357), 대법원 1995. 12. 5. 선고 95도231 판결(공1996상, 313) [5] 대법원 1990. 11. 9. 선고 90도1706 판결(공1991, 128), 대법원 1994. 1. 11. 선고 93도2995 판결(공1994상, 748), 대법원 1995. 2. 24. 선고 94도3068 판결(공1995상, 1514), 대법원 1995. 12. 22. 선고 95도414 판결(공1996상, 622), 대법원 1996. 5. 31. 선고 96도771 판결(공1996하, 2093) [6] 대법원 1986. 9. 23. 선고 86도556 판결(공1986, 2993), 대법원 1990. 7. 24. 선고 90도1167 판결(공1990, 1834), 대법원 1992. 5. 26. 선고 92도445 판결(공1992, 2065), 대법원 1994. 9. 30. 선고 94도1880 판결(공1994하, 2919), 대법원 1996. 7. 12. 선고 96도1007 판결(공1996하, 2567)"
  },
  "Class_info": {
    "class_name": "형사A(생활형)",
    "instance_name": "행정처분"
  }
}