{
  "info": {
    "id": 41014566,
    "dataType": "판결문",
    "caseNm": "폭력행위등처벌에관한법률위반·절도·도박",
    "caseTitle": "대법원 1998. 4. 24. 선고 98도98 판결",
    "courtType": "판례(대법원)",
    "courtNm": "대법원",
    "judmnAdjuDe": "1998-04-24",
    "caseNoID": "98도98",
    "caseNo": "98도98"
  },
  "jdgmn": "형법 제62조에 의하여 집행유예를 선고하는 경우에 같은 법 제62조의2 제1항에 규정된 보호관찰과 사회봉사를 동시에 명할 수 있는지 여부(적극)",
  "jdgmnInfo": [
    {
      "question": "형법 제62조에 의하여 집행유예를 선고하는 경우에 같은 법 제62조의2 제1항에 규정된 보호관찰과 사회봉사를 동시에 명할 수 있는가?",
      "answer": "긍정"
    }
  ],
  "Summary": [
    {
      "summ_contxt": "형법 제62조의2 제1항은 \"형의 집행을 유예하는 경우에는 보호관찰을 받을 것을 명하거나 사회봉사 또는 수강을 명할 수 있다.\"고 규정하고 있는바, 그 문리에 따르면, 보호관찰과 사회봉사는 각각 독립하여 명할 수 있다는 것이지, 반드시 그 양자를 동시에 명할 수 없다는 취지로 해석되지는 아니할 뿐더러, 소년법 제32조 제3항, 성폭력범죄의처벌및피해자보호등에관한법률 제16조 제2항, 가정폭력범죄의처벌등에관한특례법 제40조 제1항 등에는 보호관찰과 사회봉사를 동시에 명할 수 있다고 명시적으로 규정하고 있는바, 일반 형법에 의하여 보호관찰과 사회봉사를 명하는 경우와 비교하여 특별히 달리 취급할 만한 이유가 없으며, 제도의 취지에 비추어 보더라도, 범죄자에 대한 사회복귀를 촉진하고 효율적인 범죄예방을 위하여 양자를 병과할 필요성이 있는 점 등을 종합하여 볼 때, 형법 제62조에 의하여 집행유예를 선고할 경우에는 같은 법 제62조의2 제1항에 규정된 보호관찰과 사회봉사 또는 수강을 동시에 명할 수 있다고 해석함이 상당하다.",
      "summ_pass": "범죄자에 대한 사회복귀를 촉진하고 효율적인 범죄예방을 위하여 양자를 병과할 필요성이 있는 점 등을 종합하여 볼 때, 형법 제62조에 의하여 집행유예를 선고할 경우에는 같은 법 제62조의2 제1항에 규정된 보호관찰과 사회봉사 또는 수강을 동시에 명할 수 있다고 해석함이 상당하다."
    }
  ],
  "keyword_tagg": [
    {
      "id": 1,
      "keyword": "성폭력범죄의처벌및피해자보호등에관한법률"
    },
    {
      "id": 2,
      "keyword": "가정폭력범죄"
    }
  ],
  "Reference_info": {
    "reference_rules": "형법 제62조, 제62조의2",
    "reference_court_case": ""
  },
  "Class_info": {
    "class_name": "형사A(생활형)",
    "instance_name": "폭행"
  }
}