{
  "info": {
    "id": 41017711,
    "dataType": "판결문",
    "caseNm": "배임수재·업무방해·배임증재·부정수표단속법위반",
    "caseTitle": "대법원 1999. 1. 15. 선고 98도663 판결",
    "courtType": "판례(대법원)",
    "courtNm": "대법원",
    "judmnAdjuDe": "1999-01-15",
    "caseNoID": "98도663",
    "caseNo": "98도663"
  },
  "jdgmn": "[1] 대학교가 업무방해죄에 있어서 업무의 주체가 될 수 있는지 여부(소극)\n[2] 대학 편입학업무의 주체는 대학교가 아닌 총장이고, 성적평가업무의 주체는 대학교가 아닌 담당교수라고 본 사례\n[3] 배임수증죄의 주체\n[4] 대학 편입학업무를 담당하지 아니한 피고인 甲이 피고인 乙로부터 편입학과 관련한 부정한 청탁을 받고 금품을 수수하였다 하더라도 배임수증죄가 성립하지 않는다고 한 사례",
  "jdgmnInfo": [
    {
      "question": "대학교가 업무방해죄에 있어서 업무의 주체가 될 수 있는가?",
      "answer": "부정"
    }
  ],
  "Summary": [
    {
      "summ_contxt": "업무방해죄에 있어서의 행위의 객체는 타인의 업무이고, 여기서 타인이라 함은 범인 이외의 자연인과 법인 및 법인격 없는 단체를 가리키므로, 법적 성질이 영조물에 불과한 대학교 자체는 업무방해죄에 있어서의 업무의 주체가 될 수 없다.",
      "summ_pass": "법적 성질이 영조물에 불과한 대학교 자체는 업무방해죄에 있어서의 업무의 주체가 될 수 없다."
    }
  ],
  "keyword_tagg": [
    {
      "id": 1,
      "keyword": "업무방해"
    }
  ],
  "Reference_info": {
    "reference_rules": "[1] 형법 제314조 [2] 형법 제314조 [3] 형법 제357조 제1항 [4] 형법 제357조 제1항",
    "reference_court_case": ""
  },
  "Class_info": {
    "class_name": "형사A(생활형)",
    "instance_name": "행정처분"
  }
}