{
  "info": {
    "id": 41017143,
    "dataType": "판결문",
    "caseNm": "장물취득·장물보관",
    "caseTitle": "대법원 2000. 3. 10. 선고 98도2579 판결",
    "courtType": "판례(대법원)",
    "courtNm": "대법원",
    "judmnAdjuDe": "2000-03-10",
    "caseNoID": "98도2579",
    "caseNo": "98도2579"
  },
  "jdgmn": "장물인 현금과 자기앞수표를 금융기관에 예치하였다가 현금으로 인출한 경우, 인출한 현금의 장물성 상실 여부(소극)",
  "jdgmnInfo": [
    {
      "question": "장물인 현금과 자기앞수표를 금융기관에 예치하였다가 현금으로 인출한 경우, 인출한 현금의 장물성 상실이 있는가?",
      "answer": "부정"
    }
  ],
  "Summary": [
    {
      "summ_contxt": "장물이라 함은 재산범죄로 인하여 취득한 물건 그 자체를 말하고, 그 장물의 처분대가는 장물성을 상실하는 것이지만, 금전은 고도의 대체성을 가지고 있어 다른 종류의 통화와 쉽게 교환할 수 있고, 그 금전 자체는 별다른 의미가 없고 금액에 의하여 표시되는 금전적 가치가 거래상 의미를 가지고 유통되고 있는 점에 비추어 볼 때, 장물인 현금을 금융기관에 예금의 형태로 보관하였다가 이를 반환받기 위하여 동일한 액수의 현금을 인출한 경우에 예금계약의 성질상 인출된 현금은 당초의 현금과 물리적인 동일성은 상실되었지만 액수에 의하여 표시되는 금전적 가치에는 아무런 변동이 없으므로 장물로서의 성질은 그대로 유지된다고 봄이 상당하고, 자기앞수표도 그 액면금을 즉시 지급받을 수 있는 등 현금에 대신하는 기능을 가지고 거래상 현금과 동일하게 취급되고 있는 점에서 금전의 경우와 동일하게 보아야 한다.",
      "summ_pass": "장물인 현금을 금융기관에 예금의 형태로 보관하였다가 이를 반환받기 위하여 동일한 액수의 현금을 인출한 경우에 예금계약의 성질상 인출된 현금은 당초의 현금과 물리적인 동일성은 상실되었지만 액수에 의하여 표시되는 금전적 가치에는 아무런 변동이 없으므로 장물로서의 성질은 그대로 유지된다."
    }
  ],
  "keyword_tagg": [
    {
      "id": 1,
      "keyword": "자기앞수표"
    },
    {
      "id": 2,
      "keyword": "재산범죄"
    }
  ],
  "Reference_info": {
    "reference_rules": "형법 제362조 제1항",
    "reference_court_case": "대법원 1972. 2. 22. 선고 71도2296 판결(집20-1, 형34), 대법원 1972. 6. 13. 선고 72도971 판결(집20-2, 형30), 대법원 1982. 7. 27. 선고 82도822 판결(공1982, 887), 대법원 1987. 1. 20. 선고 86도1728 판결(공1987, 323), 대법원 1993. 11. 23. 선고 93도213 판결(공1994상, 223)"
  },
  "Class_info": {
    "class_name": "형사A(생활형)",
    "instance_name": "장물취득"
  }
}