{
  "info": {
    "id": 41014559,
    "dataType": "판결문",
    "caseNm": "강도상해·특수절도·사기",
    "caseTitle": "대법원 1998. 5. 21. 선고 98도321 전원합의체 판결",
    "courtType": "판례(대법원)",
    "courtNm": "대법원",
    "judmnAdjuDe": "1998-05-21",
    "caseNoID": "98도321",
    "caseNo": "98도321"
  },
  "jdgmn": "3인 이상이 합동절도를 모의한 후 2인 이상이 범행을 실행한 경우, 직접 실행행위에 가담하지 않은 자에 대한 공모공동정범의 인정 여부(적극)",
  "jdgmnInfo": [
    {
      "question": "3인 이상이 합동절도를 모의한 후 2인 이상이 범행을 실행한 경우, 직접 실행행위에 가담하지 않은 자에 대한 공모공동정범이 인정되는가?",
      "answer": "긍정"
    }
  ],
  "Summary": [
    {
      "summ_contxt": "3인 이상의 범인이 합동절도의 범행을 공모한 후 적어도 2인 이상의 범인이 범행 현장에서 시간적, 장소적으로 협동관계를 이루어 절도의 실행행위를 분담하여 절도 범행을 한 경우에는 공동정범의 일반 이론에 비추어 그 공모에는 참여하였으나 현장에서 절도의 실행행위를 직접 분담하지 아니한 다른 범인에 대하여도 그가 현장에서 절도 범행을 실행한 위 2인 이상의 범인의 행위를 자기 의사의 수단으로 하여 합동절도의 범행을 하였다고 평가할 수 있는 정범성의 표지를 갖추고 있다고 보여지는 한 그 다른 범인에 대하여 합동절도의 공동정범의 성립을 부정할 이유가 없다고 할 것이다. 형법 제331조 제2항 후단의 규정이 위와 같이 3인 이상이 공모하고 적어도 2인 이상이 합동절도의 범행을 실행한 경우에 대하여 공동정범의 성립을 부정하는 취지라고 해석할 이유가 없을 뿐만 아니라, 만일 공동정범의 성립가능성을 제한한다면 직접 실행행위에 참여하지 아니하면서 배후에서 합동절도의 범행을 조종하는 수괴는 그 행위의 기여도가 강력함에도 불구하고 공동정범으로 처벌받지 아니하는 불합리한 현상이 나타날 수 있다. 그러므로 합동절도에서도 공동정범과 교사범·종범의 구별기준은 일반원칙에 따라야 하고, 그 결과 범행현장에 존재하지 아니한 범인도 공동정범이 될 수 있으며, 반대로 상황에 따라서는 장소적으로 협동한 범인도 방조만 한 경우에는 종범으로 처벌될 수도 있다.",
      "summ_pass": "합동절도에서도 공동정범과 교사범·종범의 구별기준은 일반원칙에 따라야 하고, 그 결과 범행현장에 존재하지 아니한 범인도 공동정범이 될 수 있으며, 반대로 상황에 따라서는 장소적으로 협동한 범인도 방조만 한 경우에는 종범으로 처벌될 수도 있다."
    }
  ],
  "keyword_tagg": [
    {
      "id": 1,
      "keyword": "직접 실행행위"
    },
    {
      "id": 2,
      "keyword": "협동관계"
    }
  ],
  "Reference_info": {
    "reference_rules": "형법 제30조, 제331조 제2항",
    "reference_court_case": "대법원 1956. 5. 1. 선고 4289형상35 판결, 대법원 1960. 6. 15. 선고 4293형상60 판결, 대법원 1976. 7. 27. 선고 75도2720 판결(공1976, 9318)(변경)"
  },
  "Class_info": {
    "class_name": "형사A(생활형)",
    "instance_name": "강도"
  }
}