{
  "info": {
    "id": 41017230,
    "dataType": "판결문",
    "caseNm": "횡령",
    "caseTitle": "대법원 2000. 2. 11. 선고 99도4979 판결",
    "courtType": "판례(대법원)",
    "courtNm": "대법원",
    "judmnAdjuDe": "2000-02-11",
    "caseNoID": "99도4979",
    "caseNo": "99도4979"
  },
  "jdgmn": "채권자가 채권의 지급담보를 위하여 채무자로부터 수표를 발행·교부받은 경우, 횡령죄의 주체인 타인의 재물을 보관하는 자에 해당하는지 여부(소극)",
  "jdgmnInfo": [
    {
      "question": "채권자가 채권의 지급담보를 위하여 채무자로부터 수표를 발행·교부받은 경우, 횡령죄의 주체인 타인의 재물을 보관하는 자에 해당하는가?",
      "answer": "부정"
    }
  ],
  "Summary": [
    {
      "summ_contxt": "채권자가 그 채권의 지급을 담보하기 위하여 채무자로부터 수표를 발행·교부받아 이를 소지한 경우에는, 단순히 보관의 위탁관계에 따라 수표를 소지하고 있는 경우와는 달리 그 수표상의 권리가 채권자에게 유효하게 귀속되고, 채권자와 채무자 사이의 수표 반환에 관한 약정은 원인관계상의 인적 항변사유에 불과하므로, 채권자는 횡령죄의 주체인 타인의 재물을 보관하는 자의 지위에 있다고 볼 수 없다.",
      "summ_pass": "채권자는 횡령죄의 주체인 타인의 재물을 보관하는 자의 지위에 있다고 볼 수 없다."
    }
  ],
  "keyword_tagg": [
    {
      "id": 1,
      "keyword": "횡령"
    }
  ],
  "Reference_info": {
    "reference_rules": "형법 제355조 제1항",
    "reference_court_case": "대법원 1988. 1. 19. 선고 87도2078 판결(공1988, 469)"
  },
  "Class_info": {
    "class_name": "형사A(생활형)",
    "instance_name": "횡령"
  }
}