{
  "info": {
    "id": 41014525,
    "dataType": "판결문",
    "caseNm": "횡령",
    "caseTitle": "대법원 1999. 11. 12. 선고 99도3341 판결",
    "courtType": "판례(대법원)",
    "courtNm": "대법원",
    "judmnAdjuDe": "1999-11-12",
    "caseNoID": "99도3341",
    "caseNo": "99도3341"
  },
  "jdgmn": "피고인이 공판기일에서 진술한 항소이유서에 범죄사실을 인정하는 취지의 추상적인 문구가 기재된 사실만으로는 범죄사실을 자백한 것으로 볼 수 없다고 한 사례",
  "jdgmnInfo": [
    {
      "question": "피고인이 공판기일에서 진술한 항소이유서에 범죄사실을 인정하는 취지의 추상적인 문구가 기재된 사실만으로는 범죄사실을 자백한 것으로 볼 수 없다고 할 수 있는가?",
      "answer": "긍정"
    }
  ],
  "Summary": [
    {
      "summ_contxt": "원심판결 이유를 기록에 비추어 살펴본즉, 원심이, 피고인이 공소외인과 공모하여 공소외인이 피해자 김○○로부터 명의신탁받은 이 사건 아파트를 임의로 처분하였다는 공소사실에 부합하는 김○○, 공소외인의 각 진술의 신빙성을 배척하고 이 피고사건에 대하여 범죄사실의 증명이 없음을 이유로 무죄를 선고한 조치는 옳다고 여겨지고, 거기에 상고이유의 주장과 같은 채증법칙 위배의 위법이 있다고 할 수 없다. 그리고 기록에 의하면, 피고인이 제출한 항소이유서에 ‘피고인은 돈이 급해 지어서는 안될 죄를 지었습니다.’, ‘진심으로 뉘우치고 있습니다.’라고 기재되어 있고 피고인은 원심 제2회 공판기일에 위 항소이유서를 진술하였으나, 곧 이어서 있은 검사와 재판장 및 변호인의 각 심문에 대하여 피고인은 범죄사실을 부인하였고, 수사단계에서도 일관되게 그와 같이 범죄사실을 부인하여 온 점에 비추어 볼 때, 위와 같이 추상적인 항소이유서의 기재만을 가지고 이 사건 범죄사실을 자백한 것으로 볼 수 없다고 할 것이므로, 원심이 이를 증거로 채택하여 유죄의 증거로 삼지 아니하였다고 하더라도 이를 가지고 채증법칙을 위배한 조치라고 할 수는 없다고 할 것이다. 이에 관한 상고이유 주장도 받아들일 수 없다.",
      "summ_pass": "피고인이 제출한 항소이유서에 ‘피고인은 돈이 급해 지어서는 안될 죄를 지었습니다.’, ‘진심으로 뉘우치고 있습니다.’라고 기재되어 있고 피고인은 항소심 제2회 공판기일에 위 항소이유서를 진술하였으나, 곧 이어서 있은 검사와 재판장 및 변호인의 각 심문에 대하여 피고인은 범죄사실을 부인하였고, 수사단계에서도 일관되게 그와 같이 범죄사실을 부인하여 온 점에 비추어 볼 때, 위와 같이 추상적인 항소이유서의 기재만을 가지고 범죄사실을 자백한 것으로 볼 수 없다."
    }
  ],
  "keyword_tagg": [
    {
      "id": 1,
      "keyword": "범죄사실의 증명"
    },
    {
      "id": 2,
      "keyword": "진술의 신빙성"
    }
  ],
  "Reference_info": {
    "reference_rules": "형사소송법 제308조",
    "reference_court_case": ""
  },
  "Class_info": {
    "class_name": "형사A(생활형)",
    "instance_name": "행정처분"
  }
}