{
  "info": {
    "id": 41017694,
    "dataType": "판결문",
    "caseNm": "간통",
    "caseTitle": "대법원 1999. 4. 23. 선고 99도576 판결",
    "courtType": "판례(대법원)",
    "courtNm": "대법원",
    "judmnAdjuDe": "1999-04-23",
    "caseNoID": "99도576",
    "caseNo": "99도576"
  },
  "jdgmn": "[1] 형사소송법 제230조 제1항 소정의 ‘범인을 알게 된 날’의 의미\n[2] 간통죄의 고소에 있어서 범죄사실의 특정 정도",
  "jdgmnInfo": [
    {
      "question": "간통죄의 고소에 있어서 간통의 범죄사실이 특정되어야 할 것이지만, 그 특정의 정도는 고소인의 의사가 구체적으로 어떤 범죄사실을 지정하여 범인의 처벌을 구하고 있는지를 확정할 수만 있으면 되는 것인가?",
      "answer": "긍정"
    }
  ],
  "Summary": [
    {
      "summ_contxt": "[1] 형사소송법 제230조 제1항 본문은 친고죄에 대하여는 범인을 알게 된 날로부터 6개월을 경과하면 고소하지 못한다고 규정하고 있는바, 여기서 범인을 알게 된다 함은 범인이 누구인지 특정할 수 있을 정도로 알게 된다는 것을 의미하고, 범인의 동일성을 식별할 수 있을 정도로 인식함으로써 족하며, 범인의 성명, 주소, 연령 등까지 알 필요는 없다. [2] 간통죄의 고소에 있어서 간통의 범죄사실이 특정되어야 할 것이지만, 그 특정의 정도는 고소인의 의사가 구체적으로 어떤 범죄사실을 지정하여 범인의 처벌을 구하고 있는지를 확정할 수만 있으면 되는 것이고, 고소인 자신이 직접 범행의 일시, 장소와 방법 등까지 구체적으로 상세히 지적하여 범죄사실을 특정할 필요까지는 없다.",
      "summ_pass": "형사소송법 제230조 제1항 본문은 친고죄에 대하여는 범인을 알게 된 날로부터 6개월을 경과하면 고소하지 못한다고 규정하고 있는바, 여기서 범인을 알게 된다 함은 범인이 누구인지 특정할 수 있을 정도로 알게 된다는 것을 의미하고, 범인의 동일성을 식별할 수 있을 정도로 인식함으로써 족하며, 범인의 성명, 주소, 연령 등까지 알 필요는 없다."
    }
  ],
  "keyword_tagg": [
    {
      "id": 1,
      "keyword": "간통"
    }
  ],
  "Reference_info": {
    "reference_rules": "[1] 형사소송법 제230조 제1항 [2] 형법 제241조 / 형사소송법 제254조",
    "reference_court_case": "[2] 대법원 1984. 10. 23. 선고 84도1704 판결(공1984, 1871), 대법원 1988. 10. 25. 선고 87도1114 판결(공1988, 1490), 대법원 1990. 9. 28. 선고 90도603 판결(공1990, 2245), 대법원 1999. 3. 26. 선고 97도1769 판결(공1999상, 815)"
  },
  "Class_info": {
    "class_name": "형사A(생활형)",
    "instance_name": "간통"
  }
}