{
  "info": {
    "id": 38017952,
    "dataType": "판결문",
    "caseNm": "특수절도(인정된 죄명：특수절도방조)",
    "caseTitle": "수원지방법원 1999. 6. 24. 선고 99노976 판결：상고기각",
    "courtType": "판례(하급심)",
    "courtNm": "수원지방법원",
    "judmnAdjuDe": "1999-06-24",
    "caseNoID": "99노976",
    "caseNo": "99노976"
  },
  "jdgmn": "[1] 공모에는 참여하였으나 현장에서 절도의 실행행위를 직접 분담하지 아니한 다른 범인에 대하여 합동절도의 공동정범의 성립을 인정하기 위한 요건\n[2] 특수절도의 범행을 하려는 사실을 알면서도 절취할 물건을 운반할 차량을 빌려준 것만으로는 특수절도의 정범성의 표지를 갖추었다고 볼 수 없다는 이유로 특수절도죄의 주위적 공소사실을 인정하지 않고 특수절도방조죄의 예비적 공소사실을 유죄로 인정한 사례",
  "jdgmnInfo": [
    {
      "question": "특수절도의 범행을 하려는 사실을 알면서도 절취할 물건을 운반할 차량을 빌려준 것만으로는 특수절도의 정범성의 표지를 갖추었다고 볼 수 있는가?",
      "answer": "부정"
    }
  ],
  "Summary": [
    {
      "summ_contxt": "공소사실의 내용과 같이 3인 이상의 범인이 합동절도의 범행을 공모한 후 적어도 2인 이상의 범인이 범행 현장에서 시간적, 장소적으로 협동관계를 이루어 절도의 실행행위를 분담하여 절도 범행을 한 경우 그 공모에는 참여하였으나 현장에서 절도의 실행행위를 직접 분담하지 아니한 다른 범인에 대하여 합동절도의 공동정범의 성립을 인정하기 위하여는 그가 현장에서 절도 범행을 실행한 위 2인 이상의 범인의 행위를 자기 의사의 수단으로 하여 합동절도의 범행을 하였다고 평가할 수 있는 정범성의 표지를 갖추었다고 볼 수 있어야 할 것이다. 특수절도의 범행을 하려는 사실을 알면서 위 화물차를 빌려주었다고 하여 특수절도 범행의 정범성의 표지를 갖추었다고 볼 수도 없다 할 것이다. 원심판결을 파기한다. 피고인을 징역 10월에 처한다.",
      "summ_pass": "특수절도의 범행을 하려는 사실을 알면서 위 화물차를 빌려주었다고 하여 특수절도 범행의 정범성의 표지를 갖추었다고 볼 수도 없다 할 것이다. 원심판결을 파기한다. 피고인을 징역 10월에 처한다."
    }
  ],
  "keyword_tagg": [
    {
      "id": 1,
      "keyword": "특수절도"
    }
  ],
  "Reference_info": {
    "reference_rules": "[1] 형법 제30조, 제32조, 제331조 제2항 [2] 형법 제30조, 제32조, 제331조 제2항",
    "reference_court_case": "[1] 대법원 1998. 5. 21. 선고 98도321 전원합의체 판결(공1998하, 1829)"
  },
  "Class_info": {
    "class_name": "형사A(생활형)",
    "instance_name": "절도"
  }
}