{
  "info": {
    "id": 41017708,
    "dataType": "판결문",
    "caseNm": "사기미수",
    "caseTitle": "대법원 1999. 12. 10. 선고 99도2213 판결",
    "courtType": "판례(대법원)",
    "courtNm": "대법원",
    "judmnAdjuDe": "1999-12-10",
    "caseNoID": "99도2213",
    "caseNo": "99도2213"
  },
  "jdgmn": "원인관계가 소멸한 약속어음 공정증서에 기하여 강제집행을 하는 경우, 사기죄의 성부(적극)",
  "jdgmnInfo": [
    {
      "question": "원인관계가 소멸한 약속어음 공정증서에 기하여 강제집행을 하는 경우, 사기죄가 성립하는가?",
      "answer": "긍정"
    }
  ],
  "Summary": [
    {
      "summ_contxt": "채무자가 강제집행을 승낙한 취지의 기재가 있는 약속어음 공정증서에 있어서 그 약속어음의 원인관계가 소멸하였음에도 불구하고, 약속어음 공정증서 정본을 소지하고 있음을 기화로 이를 근거로 하여 강제집행을 하였다면 사기죄를 구성한다.",
      "summ_pass": "원인관계가 소멸한 약속어음 공정증서에 기하여 강제집행을 하는 경우, 사기죄가 성립한다."
    }
  ],
  "keyword_tagg": [
    {
      "id": 1,
      "keyword": "사기죄"
    }
  ],
  "Reference_info": {
    "reference_rules": "형법 제347조 제1항",
    "reference_court_case": "대법원 1988. 4. 12. 선고 87도2394 판결(공1988, 862), 대법원 1992. 12. 22. 선고 92도2218 판결(공1993상, 655)"
  },
  "Class_info": {
    "class_name": "형사A(생활형)",
    "instance_name": "사기"
  }
}