{
  "info": {
    "id": 38017938,
    "dataType": "판결문",
    "caseNm": "보건범죄단속에관한특별조치법위반(부정의료업자)",
    "caseTitle": "서울지방법원 2000. 2. 1. 선고 99노6870 판결：확정",
    "courtType": "판례(하급심)",
    "courtNm": "서울지방법원",
    "judmnAdjuDe": "2000-02-01",
    "caseNoID": "99노6870",
    "caseNo": "99노6870"
  },
  "jdgmn": "[1] 의료법 제25조 제1항 소정의 ‘의료행위’의 의미 및 침구(鍼灸)행위가 ‘의료행위’에 해당하는지 여부(적극)\n[2] 보건범죄단속에관한특별조치법 제5조와 의료법 제25조에서 ‘의료행위’나 ‘한방의료행위’에 관한 적극적인 정의 규정을 두지 않은 것이 죄형법정주의에 위반되는지 여부(소극)\n[3] 의료법 제25조 제1항이 한의사 등의 면허를 취득하지 않았지만 침구행위에 재능을 가진 자들의 직업선택의 자유권, 평등권, 행복추구권을, 적절한 침술행위를 받고자 하는 일반 국민의 행복추구권 등을 침해하는 규정인지 여부(소극)",
  "jdgmnInfo": [
    {
      "question": "의료법 제25조 제1항 소정의 ‘의료행위’의 의미 및 침구(鍼灸)행위가 ‘의료행위’에 해당하는가?",
      "answer": "긍정"
    }
  ],
  "Summary": [
    {
      "summ_contxt": "침구행위는 앞서도 언급하였듯이 질병의 치료를 위하여 경혈에 침을 놓거나, 뜸을 뜨는 행위인바, 시술자가 인체의 어느 부위에 어떤 침이나 뜸을 어느 정도, 어떤 방법으로 놓을 것인가는 환자의 질병에 따라 결정되는 것이고, 환자의 질병에 대한 판단은 문진(問診), 맥진(脈診) 등의 진찰과 이에 의하여 얻어진 정보에 의하여 이루어진다. 따라서 침구행위란 단순히 인체의 특정 부위에 침이나 뜸을 놓는 행위에 국한되는 것이 아니라 위 행위에 필연적으로 수반되는 환자에 대한 진단과 처방까지 포함하는 것이라고 보아야 할 것이다. 침구행위는 의료행위에, 좀더 구체적으로 말하면 한방의료행위에 포함된다고 할 것이다. 침구행위를 포함하여 의료행위를 제한하는 의료법 제25조 제1항은 위와 같은 취지에서 마련된 규정으로서 피고인들이 주장하는 바와 같이 침구행위에 재능을 가진 무면허자들의 직업선택의 자유권, 평등권, 행복추구권을 침해하거나, 적질한 침술행위를 받고자 하는 일반 국민의 행복추구권을 침해한다고 볼 수 없다. 항소를 모두 기각한다.",
      "summ_pass": "침구행위란 단순히 인체의 특정 부위에 침이나 뜸을 놓는 행위에 국한되는 것이 아니라 위 행위에 필연적으로 수반되는 환자에 대한 진단과 처방까지 포함하는 것이라고 보아야 할 것이다. 침구행위는 의료행위에, 좀더 구체적으로 말하면 한방의료행위에 포함된다고 할 것이다. 항소를 모두 기각한다."
    }
  ],
  "keyword_tagg": [
    {
      "id": 1,
      "keyword": "직업선택의 자유"
    },
    {
      "id": 2,
      "keyword": "행복추구권"
    }
  ],
  "Reference_info": {
    "reference_rules": "[1][1] 의료법 제25조 제1항 [2] 보건범죄단속에관한특별조치법 제5조, 의료법 제25조 제1항, 헌법 제12조 제1항, 형법 제1조 [3] 의료법 제25조 제1항, 헌법 제10조, 제11조, 제15조",
    "reference_court_case": "[1] 대법원 1974. 11. 26. 선고 74도1114 전원합의체 판결(공1975, 8222), 대법원 1978. 5. 9. 선고 77도2191 판결(공1978, 10836), 대법원 1992. 10. 13. 선고 92도1892 판결(공1992, 3194), 대법원 1999. 3. 26. 선고 98도2481 판결(공1999상, 818), 대법원 1999. 6. 25. 선고 98도4716 판결(공1999하, 1555), 대법원 2000. 2. 25. 선고 99도4542 판결(공2000상, 903), 대법원 2000. 9. 8. 선고 2000도432 판결(공2000하, 2162) [2] 헌법재판소 1990. 1. 15. 선고 89헌바103 결정, 헌법재판소 1996. 12. 26. 선고 93헌바65 결정(헌집8-2, 785)"
  },
  "Class_info": {
    "class_name": "형사A(생활형)",
    "instance_name": "의료법위반"
  }
}