{
  "info": {
    "id": 41016770,
    "dataType": "판결문",
    "caseNm": "명예훼손",
    "caseTitle": "대법원 2000. 10. 10. 선고 99도5407 판결",
    "courtType": "판례(대법원)",
    "courtNm": "대법원",
    "judmnAdjuDe": "2000-10-10",
    "caseNoID": "99도5407",
    "caseNo": "99도5407"
  },
  "jdgmn": "피해자를 집합적 명사로 표현한 경우, 명예훼손죄가 성립하는지 여부(한정 적극)",
  "jdgmnInfo": [
    {
      "question": "피해자를 집합적 명사로 표현한 경우, 명예훼손죄가 성립하는가?",
      "answer": "불명"
    }
  ],
  "Summary": [
    {
      "summ_contxt": "명예훼손죄는 어떤 특정한 사람 또는 인격을 보유하는 단체에 대하여 그 명예를 훼손함으로써 성립하는 것이므로 그 피해자는 특정한 것임을 요하고, 다만 서울시민 또는 경기도민이라 함과 같은 막연한 표시에 의해서는 명예훼손죄를 구성하지 아니한다 할 것이지만, 집합적 명사를 쓴 경우에도 그것에 의하여 그 범위에 속하는 특정인을 가리키는 것이 명백하면, 이를 각자의 명예를 훼손하는 행위라고 볼 수 있다.",
      "summ_pass": "집합적 명사를 쓴 경우에도 그것에 의하여 그 범위에 속하는 특정인을 가리키는 것이 명백하면, 이를 각자의 명예를 훼손하는 행위라고 볼 수 있다."
    }
  ],
  "keyword_tagg": [
    {
      "id": 1,
      "keyword": "명예훼손"
    }
  ],
  "Reference_info": {
    "reference_rules": "형법 제307조",
    "reference_court_case": "대법원 1982. 11. 9. 선고 82도1256 판결(공1983, 129)"
  },
  "Class_info": {
    "class_name": "형사A(생활형)",
    "instance_name": "명예훼손"
  }
}