{
  "info": {
    "id": 41017678,
    "dataType": "판결문",
    "caseNm": "업무상과실치상",
    "caseTitle": "대법원 1999. 12. 10. 선고 99도3711 판결",
    "courtType": "판례(대법원)",
    "courtNm": "대법원",
    "judmnAdjuDe": "1999-12-10",
    "caseNoID": "99도3711",
    "caseNo": "99도3711"
  },
  "jdgmn": "[1] 의료사고에 있어서 의사의 과실을 인정하기 위한 요건 및 그 판단 기준\n[2] 요추 척추후궁절제 수술도중에 수술용 메스가 부러지자 담당의사가 부러진 메스조각을 찾아 제거하기 위한 최선의 노력을 다하였으나 찾지 못하고 무리하게 제거할 경우의 위험성을 고려하여 부러진 메스조각을 그대로 둔 채 수술부위를 봉합한 경우, 담당의사의 과실을 부정한 사례",
  "jdgmnInfo": [
    {
      "question": "요추 척추후궁절제 수술도중에 수술용 메스가 부러지자 담당의사가 부러진 메스조각을 찾아 제거하기 위한 최선의 노력을 다하였으나 찾지 못하고 무리하게 제거할 경우의 위험성을 고려하여 부러진 메스조각을 그대로 둔 채 수술부위를 봉합한 경우, 담당의사의 과실을 부정할 수 있는가?",
      "answer": "긍정"
    }
  ],
  "Summary": [
    {
      "summ_contxt": "[1] 의료사고에 있어서 의사의 과실을 인정하기 위해서는 의사가 결과발생을 예견할 수 있었음에도 불구하고 그 결과발생을 예견하지 못하였고 그 결과발생을 회피할 수 있었음에도 불구하고 그 결과발생을 회피하지 못한 과실이 검토되어야 하고, 그 과실의 유무를 판단함에는 같은 업무와 직무에 종사하는 일반적 보통인의 주의정도를 표준으로 하여야 하며, 이에는 사고 당시의 일반적인 의학의 수준과 의료환경 및 조건, 의료행위의 특수성 등이 고려되어야 한다. [2] 요추 척추후궁절제 수술도중에 수술용 메스가 부러지자 담당의사가 부러진 메스조각(3×5㎜)을 찾아 제거하기 위한 최선의 노력을 다하였으나 찾지 못하여 부러진 메스조각을 그대로 둔 채 수술부위를 봉합한 경우, 같은 수술과정에서 메스 끝이 부러지는 일이 흔히 있고, 부러진 메스가 쉽게 발견되지 않을 경우 수술과정에서 무리하게 제거하려고 하면 부가적인 손상을 줄 우려가 있어 일단 봉합한 후에 재수술을 통하여 제거하거나 그대로 두는 경우가 있는 점에 비추어 담당의사의 과실을 인정할 수 없다.",
      "summ_pass": "의료사고에 있어서 의사의 과실을 인정하기 위해서는 의사가 결과발생을 예견할 수 있었음에도 불구하고 그 결과발생을 예견하지 못하였고 그 결과발생을 회피할 수 있었음에도 불구하고 그 결과발생을 회피하지 못한 과실이 검토되어야 하고, 그 과실의 유무를 판단함에는 같은 업무와 직무에 종사하는 일반적 보통인의 주의정도를 표준으로 하여야 하며, 이에는 사고 당시의 일반적인 의학의 수준과 의료환경 및 조건, 의료행위의 특수성 등이 고려되어야 한다."
    }
  ],
  "keyword_tagg": [
    {
      "id": 1,
      "keyword": "의료행위의 특수성"
    },
    {
      "id": 2,
      "keyword": "의사의 과실"
    }
  ],
  "Reference_info": {
    "reference_rules": "[1] 형법 제268조 [2] 형법 제268조",
    "reference_court_case": "[1] 대법원 1984. 6. 12. 선고 82도3199 판결(공1984, 1320), 대법원 1987. 1. 20. 선고 86다카1469 판결(공1987, 364), 대법원 1996. 11. 8. 선고 95도2710 판결(공1996하, 3632), 대법원 1997. 10. 10. 선고 97도1678 판결(공1997하, 3531)"
  },
  "Class_info": {
    "class_name": "형사A(생활형)",
    "instance_name": "행정처분"
  }
}